customerID,gender,SeniorCitizen,Partner,Dependents,tenure,PhoneService,MultipleLines,InternetService,OnlineSecurity,OnlineBackup,DeviceProtection,TechSupport,StreamingTV,StreamingMovies,Contract,PaperlessBilling,PaymentMethod,MonthlyCharges,TotalCharges,Churn,tenure_bucket,is_new_customer,num_services_subscribed,has_internet_and_phone,avg_monthly_spend,contract_risk_score
7590-VHVEG,Female,0,Yes,No,1,No,No,DSL,No,Yes,No,No,No,No,Month-to-month,Yes,Electronic check,29.85,29.85,0,0-12,1,1,0,29.85,2
5575-GNVDE,Male,0,No,No,34,Yes,No,DSL,Yes,No,Yes,No,No,No,One year,No,Mailed check,56.95,1889.5,0,24-36,0,3,1,55.5735294117647,1
3668-QPYBK,Male,0,No,No,2,Yes,No,DSL,Yes,Yes,No,No,No,No,Month-to-month,Yes,Mailed check,53.85,108.15,1,0-12,1,3,1,54.075,2
7795-CFOCW,Male,0,No,No,45,No,No,DSL,Yes,No,Yes,Yes,No,No,One year,No,Bank transfer (automatic),42.3,1840.75,0,36-48,0,3,0,40.90555555555556,1
9237-HQITU,Female,0,No,No,2,Yes,No,Fiber optic,No,No,No,No,No,No,Month-to-month,Yes,Electronic check,70.7,151.65,1,0-12,1,1,1,75.825,2
9305-CDSKC,Female,0,No,No,8,Yes,Yes,Fiber optic,No,No,Yes,No,Yes,Yes,Month-to-month,Yes,Electronic check,99.65,820.5,1,0-12,0,5,1,102.5625,2
1452-KIOVK,Male,0,No,Yes,22,Yes,Yes,Fiber optic,No,Yes,No,No,Yes,No,Month-to-month,Yes,Credit card (automatic),89.1,1949.4,0,12-24,0,4,1,88.60909090909091,2
6713-OKOMC,Female,0,No,No,10,No,No,DSL,Yes,No,No,No,No,No,Month-to-month,No,Mailed check,29.75,301.9,0,0-12,0,1,0,30.189999999999998,2
7892-POOKP,Female,0,Yes,No,28,Yes,Yes,Fiber optic,No,No,Yes,Yes,Yes,Yes,Month-to-month,Yes,Electronic check,104.8,3046.05,1,24-36,0,6,1,108.78750000000001,2
6388-TABGU,Male,0,No,Yes,62,Yes,No,DSL,Yes,Yes,No,No,No,No,One year,No,Bank transfer (automatic),56.15,3487.95,0,60-72,0,3,1,56.25725806451613,1
9763-GRSKD,Male,0,Yes,Yes,13,Yes,No,DSL,Yes,No,No,No,No,No,Month-to-month,Yes,Mailed check,49.95,587.45,0,12-24,0,2,1,45.18846153846154,2
7469-LKBCI,Male,0,No,No,16,Yes,No,No,No,No,No,No,No,No,Two year,No,Credit card (automatic),18.95,326.8,0,12-24,0,1,0,20.425,0
8091-TTVAX,Male,0,Yes,No,58,Yes,Yes,Fiber optic,No,No,Yes,No,Yes,Yes,One year,No,Credit card (automatic),100.35,5681.1,0,48-60,0,5,1,97.95,1
0280-XJGEX,Male,0,No,No,49,Yes,Yes,Fiber optic,No,Yes,Yes,No,Yes,Yes,Month-to-month,Yes,Bank transfer (automatic),103.7,5036.3,1,48-60,0,6,1,102.78163265306122,2
5129-JLPIS,Male,0,No,No,25,Yes,No,Fiber optic,Yes,No,Yes,Yes,Yes,Yes,Month-to-month,Yes,Electronic check,105.5,2686.05,0,24-36,0,6,1,107.44200000000001,2
3655-SNQYZ,Female,0,Yes,Yes,69,Yes,Yes,Fiber optic,Yes,Yes,Yes,Yes,Yes,Yes,Two year,No,Credit card (automatic),113.25,7895.15,0,60-72,0,8,1,114.42246376811593,0
8191-XWSZG,Female,0,No,No,52,Yes,No,No,No,No,No,No,No,No,One year,No,Mailed check,20.65,1022.95,0,48-60,0,1,0,19.672115384615385,1
9959-WOFKT,Male,0,No,Yes,71,Yes,Yes,Fiber optic,Yes,No,Yes,No,Yes,Yes,Two year,No,Bank transfer (automatic),106.7,7382.25,0,60-72,0,6,1,103.97535211267606,0
4190-MFLUW,Female,0,Yes,Yes,10,Yes,No,DSL,No,No,Yes,Yes,No,No,Month-to-month,No,Credit card (automatic),55.2,528.35,1,0-12,0,3,1,52.835,2
4183-MYFRB,Female,0,No,No,21,Yes,No,Fiber optic,No,Yes,Yes,No,No,Yes,Month-to-month,Yes,Electronic check,90.05,1862.9,0,12-24,0,4,1,88.70952380952382,2
8779-QRDMV,Male,1,No,No,1,No,No,DSL,No,No,Yes,No,No,Yes,Month-to-month,Yes,Electronic check,39.65,39.65,1,0-12,1,2,0,39.65,2
1680-VDCWW,Male,0,Yes,No,12,Yes,No,No,No,No,No,No,No,No,One year,No,Bank transfer (automatic),19.8,202.25,0,0-12,0,1,0,16.854166666666668,1
1066-JKSGK,Male,0,No,No,1,Yes,No,No,No,No,No,No,No,No,Month-to-month,No,Mailed check,20.15,20.15,1,0-12,1,1,0,20.15,2
3638-WEABW,Female,0,Yes,No,58,Yes,Yes,DSL,No,Yes,No,Yes,No,No,Two year,Yes,Credit card (automatic),59.9,3505.1,0,48-60,0,4,1,60.432758620689654,0
6322-HRPFA,Male,0,Yes,Yes,49,Yes,No,DSL,Yes,Yes,No,Yes,No,No,Month-to-month,No,Credit card (automatic),59.6,2970.3,0,48-60,0,4,1,60.61836734693878,2
6865-JZNKO,Female,0,No,No,30,Yes,No,DSL,Yes,Yes,No,No,No,No,Month-to-month,Yes,Bank transfer (automatic),55.3,1530.6,0,24-36,0,3,1,51.019999999999996,2
6467-CHFZW,Male,0,Yes,Yes,47,Yes,Yes,Fiber optic,No,Yes,No,No,Yes,Yes,Month-to-month,Yes,Electronic check,99.35,4749.15,1,36-48,0,5,1,101.04574468085106,2
8665-UTDHZ,Male,0,Yes,Yes,1,No,No,DSL,No,Yes,No,No,No,No,Month-to-month,No,Electronic check,30.2,30.2,1,0-12,1,1,0,30.2,2
5248-YGIJN,Male,0,Yes,No,72,Yes,Yes,DSL,Yes,Yes,Yes,Yes,Yes,Yes,Two year,Yes,Credit card (automatic),90.25,6369.45,0,60-72,0,8,1,88.46458333333334,0
8773-HHUOZ,Female,0,No,Yes,17,Yes,No,DSL,No,No,No,No,Yes,Yes,Month-to-month,Yes,Mailed check,64.7,1093.1,1,12-24,0,3,1,64.3,2
3841-NFECX,Female,1,Yes,No,71,Yes,Yes,Fiber optic,Yes,Yes,Yes,Yes,No,No,Two year,Yes,Credit card (automatic),96.35,6766.95,0,60-72,0,6,1,95.30915492957746,0
4929-XIHVW,Male,1,Yes,No,2,Yes,No,Fiber optic,No,No,Yes,No,Yes,Yes,Month-to-month,Yes,Credit card (automatic),95.5,181.65,0,0-12,1,4,1,90.825,2
6827-IEAUQ,Female,0,Yes,Yes,27,Yes,No,DSL,Yes,Yes,Yes,Yes,No,No,One year,No,Mailed check,66.15,1874.45,0,24-36,0,5,1,69.42407407407407,1
7310-EGVHZ,Male,0,No,No,1,Yes,No,No,No,No,No,No,No,No,Month-to-month,No,Bank transfer (automatic),20.2,20.2,0,0-12,1,1,0,20.2,2
3413-BMNZE,Male,1,No,No,1,Yes,No,DSL,No,No,No,No,No,No,Month-to-month,No,Bank transfer (automatic),45.25,45.25,0,0-12,1,1,1,45.25,2
6234-RAAPL,Female,0,Yes,Yes,72,Yes,Yes,Fiber optic,Yes,Yes,No,Yes,Yes,No,Two year,No,Bank transfer (automatic),99.9,7251.7,0,60-72,0,6,1,100.71805555555555,0
6047-YHPVI,Male,0,No,No,5,Yes,No,Fiber optic,No,No,No,No,No,No,Month-to-month,Yes,Electronic check,69.7,316.9,1,0-12,1,1,1,63.379999999999995,2
6572-ADKRS,Female,0,No,No,46,Yes,No,Fiber optic,No,No,Yes,No,No,No,Month-to-month,Yes,Credit card (automatic),74.8,3548.3,0,36-48,0,2,1,77.13695652173914,2
5380-WJKOV,Male,0,No,No,34,Yes,Yes,Fiber optic,No,Yes,Yes,No,Yes,Yes,Month-to-month,Yes,Electronic check,106.35,3549.25,1,24-36,0,6,1,104.38970588235294,2
8168-UQWWF,Female,0,No,No,11,Yes,Yes,Fiber optic,No,No,Yes,No,Yes,Yes,Month-to-month,Yes,Bank transfer (automatic),97.85,1105.4,1,0-12,0,5,1,100.4909090909091,2
8865-TNMNX,Male,0,Yes,Yes,10,Yes,No,DSL,No,Yes,No,No,No,No,One year,No,Mailed check,49.55,475.7,0,0-12,0,2,1,47.57,1
9489-DEDVP,Female,0,Yes,Yes,70,Yes,Yes,DSL,Yes,Yes,No,No,Yes,No,Two year,Yes,Credit card (automatic),69.2,4872.35,0,60-72,0,5,1,69.605,0
9867-JCZSP,Female,0,Yes,Yes,17,Yes,No,No,No,No,No,No,No,No,One year,No,Mailed check,20.75,418.25,0,12-24,0,1,0,24.602941176470587,1
4671-VJLCL,Female,0,No,No,63,Yes,Yes,DSL,Yes,Yes,Yes,Yes,Yes,No,Two year,Yes,Credit card (automatic),79.85,4861.45,0,60-72,0,7,1,77.16587301587302,0
4080-IIARD,Female,0,Yes,No,13,Yes,Yes,DSL,Yes,Yes,No,Yes,Yes,No,Month-to-month,Yes,Electronic check,76.2,981.45,0,12-24,0,6,1,75.49615384615385,2
3714-NTNFO,Female,0,No,No,49,Yes,Yes,Fiber optic,No,No,No,No,No,Yes,Month-to-month,Yes,Electronic check,84.5,3906.7,0,48-60,0,3,1,79.72857142857143,2
5948-UJZLF,Male,0,No,No,2,Yes,No,DSL,No,Yes,No,No,No,No,Month-to-month,No,Mailed check,49.25,97.0,0,0-12,1,2,1,48.5,2
7760-OYPDY,Female,0,No,No,2,Yes,No,Fiber optic,No,No,No,No,Yes,No,Month-to-month,Yes,Electronic check,80.65,144.15,1,0-12,1,2,1,72.075,2
7639-LIAYI,Male,0,No,No,52,Yes,Yes,DSL,Yes,No,No,Yes,Yes,Yes,Two year,Yes,Credit card (automatic),79.75,4217.8,0,48-60,0,6,1,81.11153846153846,0
2954-PIBKO,Female,0,Yes,Yes,69,Yes,Yes,DSL,Yes,No,Yes,Yes,No,No,Two year,Yes,Credit card (automatic),64.15,4254.1,0,60-72,0,5,1,61.6536231884058,0
8012-SOUDQ,Female,1,No,No,43,Yes,Yes,Fiber optic,No,Yes,No,No,Yes,No,Month-to-month,Yes,Electronic check,90.25,3838.75,0,36-48,0,4,1,89.27325581395348,2
9420-LOJKX,Female,0,No,No,15,Yes,No,Fiber optic,Yes,Yes,No,No,Yes,Yes,Month-to-month,Yes,Credit card (automatic),99.1,1426.4,1,12-24,0,5,1,95.09333333333333,2
6575-SUVOI,Female,1,Yes,No,25,Yes,Yes,DSL,Yes,No,No,Yes,Yes,No,Month-to-month,Yes,Credit card (automatic),69.5,1752.65,0,24-36,0,5,1,70.10600000000001,2
7495-OOKFY,Female,1,Yes,No,8,Yes,Yes,Fiber optic,No,Yes,No,No,No,No,Month-to-month,Yes,Credit card (automatic),80.65,633.3,1,0-12,0,3,1,79.1625,2
4667-QONEA,Female,1,Yes,Yes,60,Yes,No,DSL,Yes,Yes,Yes,Yes,No,Yes,One year,Yes,Credit card (automatic),74.85,4456.35,0,48-60,0,6,1,74.27250000000001,1
1658-BYGOY,Male,1,No,No,18,Yes,Yes,Fiber optic,No,No,No,No,Yes,Yes,Month-to-month,Yes,Electronic check,95.45,1752.55,1,12-24,0,4,1,97.36388888888888,2
8769-KKTPH,Female,0,Yes,Yes,63,Yes,Yes,Fiber optic,Yes,No,No,No,Yes,Yes,One year,Yes,Credit card (automatic),99.65,6311.2,0,60-72,0,5,1,100.17777777777778,1
5067-XJQFU,Male,1,Yes,Yes,66,Yes,Yes,Fiber optic,No,Yes,Yes,Yes,Yes,Yes,One year,Yes,Electronic check,108.45,7076.35,0,60-72,0,7,1,107.21742424242424,1
3957-SQXML,Female,0,Yes,Yes,34,Yes,Yes,No,No,No,No,No,No,No,Two year,No,Credit card (automatic),24.95,894.3,0,24-36,0,2,0,26.302941176470586,0
5954-BDFSG,Female,0,No,No,72,Yes,Yes,Fiber optic,No,No,Yes,Yes,Yes,Yes,Two year,Yes,Credit card (automatic),107.5,7853.7,0,60-72,0,6,1,109.07916666666667,0
0434-CSFON,Female,0,Yes,No,47,Yes,Yes,Fiber optic,No,No,Yes,No,Yes,Yes,Month-to-month,Yes,Electronic check,100.5,4707.1,0,36-48,0,5,1,100.15106382978725,2
1215-FIGMP,Male,0,No,No,60,Yes,Yes,Fiber optic,No,Yes,No,No,Yes,No,Month-to-month,Yes,Bank transfer (automatic),89.9,5450.7,0,48-60,0,4,1,90.845,2
0526-SXDJP,Male,0,Yes,No,72,No,No,DSL,Yes,Yes,Yes,No,No,No,Two year,No,Bank transfer (automatic),42.1,2962.0,0,60-72,0,3,0,41.138888888888886,0
0557-ASKVU,Female,0,Yes,Yes,18,Yes,No,DSL,No,No,Yes,Yes,No,No,One year,Yes,Credit card (automatic),54.4,957.1,0,12-24,0,3,1,53.172222222222224,1
5698-BQJOH,Female,0,No,No,9,Yes,Yes,Fiber optic,No,No,No,No,Yes,Yes,Month-to-month,No,Electronic check,94.4,857.25,1,0-12,0,4,1,95.25,2
5122-CYFXA,Female,0,No,No,3,Yes,No,DSL,No,Yes,No,Yes,Yes,Yes,Month-to-month,Yes,Electronic check,75.3,244.1,0,0-12,1,5,1,81.36666666666666,2
8627-ZYGSZ,Male,0,Yes,No,47,Yes,Yes,Fiber optic,No,Yes,No,No,No,No,One year,Yes,Electronic check,78.9,3650.35,0,36-48,0,3,1,77.66702127659575,1
3410-YOQBQ,Female,0,No,No,31,Yes,No,DSL,No,Yes,Yes,Yes,Yes,Yes,Two year,No,Mailed check,79.2,2497.2,0,24-36,0,6,1,80.55483870967741,0
3170-NMYVV,Female,0,Yes,Yes,50,Yes,No,No,No,No,No,No,No,No,Two year,No,Bank transfer (automatic),20.15,930.9,0,48-60,0,1,0,18.618,0
7410-OIEDU,Male,0,No,No,10,Yes,No,Fiber optic,Yes,No,Yes,No,No,No,Month-to-month,Yes,Mailed check,79.85,887.35,0,0-12,0,3,1,88.735,2
2273-QCKXA,Male,0,No,No,1,Yes,No,DSL,No,No,No,Yes,No,No,Month-to-month,No,Mailed check,49.05,49.05,0,0-12,1,2,1,49.05,2
0731-EBJQB,Female,0,Yes,Yes,52,Yes,No,No,No,No,No,No,No,No,One year,Yes,Electronic check,20.4,1090.65,0,48-60,0,1,0,20.974038461538463,1
1891-QRQSA,Male,1,Yes,Yes,64,Yes,Yes,Fiber optic,Yes,No,Yes,Yes,Yes,Yes,Two year,Yes,Bank transfer (automatic),111.6,7099.0,0,60-72,0,7,1,110.921875,0
8028-PNXHQ,Male,0,Yes,Yes,62,Yes,Yes,No,No,No,No,No,No,No,Two year,Yes,Bank transfer (automatic),24.25,1424.6,0,60-72,0,2,0,22.97741935483871,0
5630-AHZIL,Female,0,No,Yes,3,Yes,No,DSL,Yes,No,No,Yes,No,Yes,Month-to-month,Yes,Bank transfer (automatic),64.5,177.4,0,0-12,1,4,1,59.13333333333333,2
2673-CXQEU,Female,1,No,No,56,Yes,Yes,Fiber optic,Yes,Yes,Yes,No,Yes,Yes,One year,No,Electronic check,110.5,6139.5,0,48-60,0,7,1,109.63392857142857,1
6416-JNVRK,Female,0,No,No,46,Yes,No,DSL,No,No,No,No,No,Yes,One year,No,Credit card (automatic),55.65,2688.85,0,36-48,0,2,1,58.45326086956521,1
5590-ZSKRV,Female,0,Yes,Yes,8,Yes,No,DSL,Yes,Yes,No,No,No,No,Month-to-month,No,Mailed check,54.65,482.25,0,0-12,0,3,1,60.28125,2
0191-ZHSKZ,Male,1,No,No,30,Yes,No,DSL,Yes,Yes,No,No,Yes,Yes,Month-to-month,Yes,Electronic check,74.75,2111.3,0,24-36,0,5,1,70.37666666666668,2
3887-PBQAO,Female,0,Yes,Yes,45,Yes,Yes,No,No,No,No,No,No,No,One year,Yes,Credit card (automatic),25.9,1216.6,0,36-48,0,2,0,27.035555555555554,1
5919-TMRGD,Female,0,No,Yes,1,Yes,No,Fiber optic,No,No,No,No,Yes,No,Month-to-month,Yes,Electronic check,79.35,79.35,1,0-12,1,2,1,79.35,2
8108-UXRQN,Female,0,Yes,Yes,11,No,No,DSL,Yes,No,No,No,Yes,Yes,Month-to-month,No,Electronic check,50.55,565.35,0,0-12,0,3,0,51.39545454545455,2
9191-MYQKX,Female,0,Yes,No,7,Yes,No,Fiber optic,No,No,Yes,No,No,No,Month-to-month,Yes,Bank transfer (automatic),75.15,496.9,1,0-12,0,2,1,70.98571428571428,2
9919-YLNNG,Female,0,No,No,42,Yes,No,Fiber optic,No,Yes,Yes,Yes,Yes,Yes,Month-to-month,Yes,Bank transfer (automatic),103.8,4327.5,0,36-48,0,6,1,103.03571428571429,2
0318-ZOPWS,Female,0,Yes,No,49,Yes,No,No,No,No,No,No,No,No,Two year,Yes,Bank transfer (automatic),20.15,973.35,0,48-60,0,1,0,19.864285714285714,0
4445-ZJNMU,Male,0,No,No,9,Yes,Yes,Fiber optic,No,Yes,No,No,Yes,Yes,Month-to-month,Yes,Credit card (automatic),99.3,918.75,0,0-12,0,5,1,102.08333333333333,2
4808-YNLEU,Female,0,Yes,No,35,Yes,No,DSL,Yes,No,No,No,Yes,No,One year,Yes,Bank transfer (automatic),62.15,2215.45,0,24-36,0,3,1,63.29857142857142,1
1862-QRWPE,Female,0,Yes,Yes,48,Yes,No,No,No,No,No,No,No,No,Two year,No,Bank transfer (automatic),20.65,1057.0,0,36-48,0,1,0,22.020833333333332,0
2796-NNUFI,Female,0,Yes,Yes,46,Yes,No,No,No,No,No,No,No,No,Two year,Yes,Mailed check,19.95,927.1,0,36-48,0,1,0,20.15434782608696,0
3016-KSVCP,Male,0,Yes,No,29,No,No,DSL,No,No,No,No,Yes,No,Month-to-month,No,Mailed check,33.75,1009.25,0,24-36,0,1,0,34.80172413793103,2
4767-HZZHQ,Male,0,Yes,Yes,30,Yes,No,Fiber optic,No,Yes,Yes,No,No,No,Month-to-month,No,Bank transfer (automatic),82.05,2570.2,0,24-36,0,3,1,85.67333333333333,2
2424-WVHPL,Male,1,No,No,1,Yes,No,Fiber optic,No,No,No,Yes,No,No,Month-to-month,No,Electronic check,74.7,74.7,0,0-12,1,2,1,74.7,2
7233-PAHHL,Male,0,Yes,Yes,66,Yes,Yes,DSL,Yes,No,Yes,Yes,Yes,Yes,Two year,Yes,Mailed check,84.0,5714.25,0,60-72,0,7,1,86.57954545454545,0
6067-NGCEU,Female,0,No,No,65,Yes,Yes,Fiber optic,Yes,Yes,Yes,No,Yes,Yes,Month-to-month,Yes,Credit card (automatic),111.05,7107.0,0,60-72,0,7,1,109.33846153846154,2
9848-JQJTX,Male,0,No,No,72,Yes,Yes,Fiber optic,No,Yes,Yes,No,Yes,Yes,Two year,Yes,Bank transfer (automatic),100.9,7459.05,0,60-72,0,6,1,103.59791666666666,0
8637-XJIVR,Female,0,No,No,12,Yes,Yes,Fiber optic,Yes,No,No,No,No,No,Month-to-month,Yes,Electronic check,78.95,927.35,1,0-12,0,3,1,77.27916666666667,2
9803-FTJCG,Male,0,Yes,Yes,71,Yes,Yes,DSL,Yes,Yes,No,Yes,No,No,One year,Yes,Credit card (automatic),66.85,4748.7,0,60-72,0,5,1,66.8830985915493,1
0278-YXOOG,Male,0,No,No,5,Yes,No,No,No,No,No,No,No,No,Month-to-month,No,Mailed check,21.05,113.85,1,0-12,1,1,0,22.77,2
3212-KXOCR,Male,0,No,No,52,Yes,No,No,No,No,No,No,No,No,Two year,No,Bank transfer (automatic),21.0,1107.2,0,48-60,0,1,0,21.292307692307695,0
4598-XLKNJ,Female,1,Yes,No,25,Yes,No,Fiber optic,No,Yes,Yes,No,Yes,Yes,Month-to-month,Yes,Electronic check,98.5,2514.5,1,24-36,0,5,1,100.58,2
6380-ARCEH,Male,0,No,No,1,Yes,No,No,No,No,No,No,No,No,Month-to-month,No,Mailed check,20.2,20.2,0,0-12,1,1,0,20.2,2
3679-XASPY,Female,0,Yes,Yes,1,Yes,No,No,No,No,No,No,No,No,Month-to-month,No,Electronic check,19.45,19.45,0,0-12,1,1,0,19.45,2
7123-WQUHX,Male,0,No,No,38,Yes,Yes,Fiber optic,No,No,Yes,Yes,Yes,No,One year,No,Bank transfer (automatic),95.0,3605.6,0,36-48,0,5,1,94.88421052631578,1
5386-THSLQ,Female,1,Yes,No,66,No,No,DSL,No,Yes,Yes,No,Yes,No,One year,No,Bank transfer (automatic),45.55,3027.25,0,60-72,0,3,0,45.86742424242424,1
3192-NQECA,Male,0,Yes,No,68,Yes,Yes,Fiber optic,No,Yes,Yes,Yes,Yes,Yes,Two year,Yes,Bank transfer (automatic),110.0,7611.85,1,60-72,0,7,1,111.93897058823529,0
6180-YBIQI,Male,0,No,No,5,No,No,DSL,No,No,No,No,No,No,Month-to-month,No,Mailed check,24.3,100.2,0,0-12,1,0,0,20.04,2
6728-DKUCO,Female,0,Yes,Yes,72,Yes,Yes,Fiber optic,Yes,Yes,No,No,Yes,Yes,One year,Yes,Electronic check,104.15,7303.05,0,60-72,0,6,1,101.43125,1
9750-BOOHV,Female,0,No,No,32,No,No,DSL,Yes,No,No,No,No,No,One year,No,Mailed check,30.15,927.65,0,24-36,0,1,0,28.9890625,1
8597-CWYHH,Male,0,No,No,43,Yes,Yes,Fiber optic,No,No,No,No,Yes,Yes,One year,No,Mailed check,94.35,3921.3,0,36-48,0,4,1,91.19302325581396,1
2848-YXSMW,Male,0,Yes,Yes,72,Yes,No,No,No,No,No,No,No,No,Two year,No,Credit card (automatic),19.4,1363.25,0,60-72,0,1,0,18.93402777777778,0
0486-HECZI,Male,0,Yes,No,55,Yes,Yes,Fiber optic,Yes,Yes,No,No,Yes,No,Month-to-month,Yes,Electronic check,96.75,5238.9,1,48-60,0,5,1,95.25272727272727,2
4549-ZDQYY,Female,0,No,No,52,Yes,No,DSL,Yes,No,Yes,Yes,No,No,One year,No,Credit card (automatic),57.95,3042.25,0,48-60,0,4,1,58.50480769230769,1
5712-AHQNN,Female,0,No,No,43,Yes,No,Fiber optic,No,Yes,Yes,No,Yes,No,Month-to-month,Yes,Electronic check,91.65,3954.1,0,36-48,0,4,1,91.95581395348837,2
4846-WHAFZ,Female,1,Yes,No,37,Yes,Yes,Fiber optic,No,No,No,No,No,No,Month-to-month,Yes,Electronic check,76.5,2868.15,1,36-48,0,2,1,77.51756756756757,2
5256-SKJGO,Female,0,Yes,Yes,64,No,No,DSL,No,Yes,No,Yes,Yes,Yes,Two year,Yes,Electronic check,54.6,3423.5,0,60-72,0,4,0,53.4921875,0
3071-VBYPO,Male,0,Yes,Yes,3,Yes,No,Fiber optic,Yes,Yes,No,No,Yes,No,Month-to-month,No,Electronic check,89.85,248.4,0,0-12,1,4,1,82.8,2
9560-BBZXK,Female,0,No,No,36,No,No,DSL,Yes,No,No,No,No,No,Two year,No,Bank transfer (automatic),31.05,1126.35,0,24-36,0,1,0,31.287499999999998,0
5299-RULOA,Female,0,Yes,Yes,10,Yes,Yes,Fiber optic,Yes,No,No,No,Yes,Yes,Month-to-month,Yes,Electronic check,100.25,1064.65,1,0-12,0,5,1,106.465,2
8402-OOOHJ,Female,0,No,No,41,Yes,No,No,No,No,No,No,No,No,Two year,No,Mailed check,20.65,835.15,0,36-48,0,1,0,20.36951219512195,0
9445-ZUEQE,Male,0,Yes,Yes,27,Yes,Yes,Fiber optic,No,Yes,No,Yes,No,No,Month-to-month,Yes,Credit card (automatic),85.2,2151.6,0,24-36,0,4,1,79.68888888888888,2
1091-SOZGA,Female,0,Yes,Yes,56,Yes,Yes,Fiber optic,No,No,Yes,No,Yes,Yes,One year,Yes,Credit card (automatic),99.8,5515.45,0,48-60,0,5,1,98.49017857142857,1
2928-HLDBA,Female,0,No,No,6,Yes,No,No,No,No,No,No,No,No,Month-to-month,No,Mailed check,20.7,112.75,0,0-12,1,1,0,18.791666666666668,2
0404-SWRVG,Male,0,No,No,3,Yes,Yes,Fiber optic,No,No,No,No,No,No,Month-to-month,Yes,Electronic check,74.4,229.55,1,0-12,1,2,1,76.51666666666667,2
6497-TILVL,Female,0,Yes,Yes,7,Yes,No,DSL,Yes,No,No,No,No,No,Month-to-month,No,Mailed check,50.7,350.35,0,0-12,0,2,1,50.050000000000004,2
7219-TLZHO,Female,0,Yes,Yes,4,Yes,No,No,No,No,No,No,No,No,Month-to-month,No,Mailed check,20.85,62.9,0,0-12,1,1,0,15.725,2
4622-YNKIJ,Male,0,No,No,33,Yes,No,Fiber optic,Yes,No,No,Yes,Yes,No,Two year,Yes,Electronic check,88.95,3027.65,0,24-36,0,4,1,91.7469696969697,0
4412-YLTKF,Female,1,No,No,27,Yes,Yes,Fiber optic,No,No,Yes,No,No,No,Month-to-month,Yes,Electronic check,78.05,2135.5,1,24-36,0,3,1,79.0925925925926,2
6734-PSBAW,Male,0,Yes,No,72,Yes,Yes,No,No,No,No,No,No,No,Two year,Yes,Bank transfer (automatic),23.55,1723.95,0,60-72,0,2,0,23.94375,0
3930-ZGWVE,Male,0,No,No,1,Yes,No,No,No,No,No,No,No,No,Month-to-month,No,Mailed check,19.75,19.75,0,0-12,1,1,0,19.75,2
2639-UGMAZ,Male,1,No,No,71,No,No,DSL,Yes,Yes,No,No,Yes,Yes,One year,Yes,Electronic check,56.45,3985.35,0,60-72,0,4,0,56.131690140845066,1
2876-GZYZC,Female,0,No,No,13,Yes,Yes,Fiber optic,No,No,No,No,No,Yes,Month-to-month,Yes,Electronic check,85.95,1215.65,0,12-24,0,3,1,93.51153846153846,2
6207-WIOLX,Female,0,Yes,Yes,25,No,No,DSL,Yes,Yes,Yes,No,Yes,Yes,Month-to-month,Yes,Credit card (automatic),58.6,1502.65,1,24-36,0,5,0,60.106,2
8587-XYZSF,Male,0,No,No,67,Yes,No,DSL,No,No,No,Yes,No,No,Two year,No,Bank transfer (automatic),50.55,3260.1,0,60-72,0,2,1,48.65820895522388,0
3091-FYHKI,Male,0,No,No,1,No,No,DSL,No,No,No,No,No,Yes,Month-to-month,Yes,Electronic check,35.45,35.45,1,0-12,1,1,0,35.45,2
2372-HWUHI,Male,0,No,No,2,Yes,No,DSL,No,No,No,No,No,No,Month-to-month,No,Electronic check,44.35,81.25,1,0-12,1,1,1,40.625,2
7799-LGRDP,Female,0,No,No,43,Yes,Yes,No,No,No,No,No,No,No,Two year,Yes,Credit card (automatic),25.7,1188.2,0,36-48,0,2,0,27.632558139534886,0
7850-VWJUU,Female,0,No,No,23,Yes,No,Fiber optic,Yes,No,No,No,No,No,Month-to-month,Yes,Bank transfer (automatic),75.0,1778.5,0,12-24,0,2,1,77.32608695652173,2
3774-VBNXY,Female,0,Yes,Yes,64,Yes,No,No,No,No,No,No,No,No,Two year,No,Mailed check,20.2,1277.75,0,60-72,0,1,0,19.96484375,0
6217-KDYWC,Male,0,No,Yes,57,Yes,No,No,No,No,No,No,No,No,Two year,Yes,Mailed check,19.6,1170.55,0,48-60,0,1,0,20.5359649122807,0
0390-DCFDQ,Female,1,Yes,No,1,Yes,No,Fiber optic,No,No,No,No,No,No,Month-to-month,Yes,Mailed check,70.45,70.45,1,0-12,1,1,1,70.45,2
3146-MSEGF,Female,1,Yes,Yes,72,Yes,Yes,DSL,Yes,Yes,Yes,Yes,Yes,Yes,Two year,Yes,Credit card (automatic),88.05,6425.65,0,60-72,0,8,1,89.24513888888889,0
4080-OGPJL,Female,0,No,No,8,Yes,Yes,DSL,Yes,No,No,Yes,No,Yes,Month-to-month,No,Electronic check,71.15,563.65,1,0-12,0,5,1,70.45625,2
1095-WGNGG,Female,0,Yes,No,61,Yes,Yes,Fiber optic,No,Yes,No,No,Yes,Yes,Two year,Yes,Bank transfer (automatic),101.05,5971.25,0,60-72,0,5,1,97.88934426229508,0
2636-SJDOU,Male,0,No,No,64,Yes,Yes,Fiber optic,Yes,Yes,No,No,No,No,One year,Yes,Credit card (automatic),84.3,5289.05,0,60-72,0,4,1,82.64140625,1
1131-QQZEB,Male,1,Yes,No,71,Yes,Yes,No,No,No,No,No,No,No,Two year,No,Bank transfer (automatic),23.95,1756.2,0,60-72,0,2,0,24.735211267605635,0
5716-EZXZN,Female,0,Yes,Yes,65,Yes,Yes,Fiber optic,Yes,Yes,No,Yes,Yes,No,Two year,Yes,Credit card (automatic),99.05,6416.7,0,60-72,0,6,1,98.71846153846154,0
6837-BJYDQ,Male,0,No,No,3,Yes,No,No,No,No,No,No,No,No,One year,No,Mailed check,19.6,61.35,0,0-12,1,1,0,20.45,1
2135-RXIHG,Male,0,No,No,1,Yes,No,DSL,No,No,No,No,No,No,Month-to-month,Yes,Electronic check,45.65,45.65,1,0-12,1,1,1,45.65,2
6440-DKQGE,Male,0,No,Yes,30,Yes,No,DSL,No,Yes,Yes,No,Yes,No,One year,No,Credit card (automatic),64.5,1929.95,0,24-36,0,4,1,64.33166666666666,1
3466-BYAVD,Male,0,Yes,Yes,15,Yes,No,DSL,No,Yes,Yes,Yes,No,Yes,Month-to-month,Yes,Mailed check,69.5,1071.4,0,12-24,0,5,1,71.42666666666668,2
3780-YVMFA,Female,0,Yes,Yes,8,Yes,No,DSL,No,No,No,Yes,Yes,Yes,Month-to-month,Yes,Electronic check,68.55,564.35,0,0-12,0,4,1,70.54375,2
3874-EQOEP,Male,0,No,No,7,Yes,Yes,Fiber optic,No,No,No,No,Yes,Yes,Month-to-month,No,Mailed check,95.0,655.5,1,0-12,0,4,1,93.64285714285714,2
1679-JRFBR,Female,0,Yes,Yes,70,Yes,Yes,Fiber optic,Yes,Yes,Yes,No,Yes,Yes,One year,Yes,Credit card (automatic),108.15,7930.55,0,60-72,0,7,1,113.29357142857143,1
9073-ZZIAY,Male,0,Yes,Yes,62,Yes,No,DSL,Yes,Yes,Yes,Yes,Yes,Yes,Two year,No,Electronic check,86.1,5215.25,0,60-72,0,7,1,84.11693548387096,0
3077-RSNTJ,Female,0,Yes,Yes,6,Yes,No,No,No,No,No,No,No,No,Month-to-month,No,Mailed check,19.7,113.5,0,0-12,1,1,0,18.916666666666668,2
6551-GNYDG,Female,0,Yes,Yes,14,Yes,No,Fiber optic,No,No,No,No,No,Yes,Month-to-month,Yes,Bank transfer (automatic),80.9,1152.8,0,12-24,0,2,1,82.34285714285714,2
9167-APMXZ,Female,0,No,No,22,Yes,Yes,Fiber optic,No,No,No,No,Yes,No,Month-to-month,Yes,Bank transfer (automatic),84.15,1821.95,0,12-24,0,3,1,82.81590909090909,2
2749-CTKAJ,Male,0,Yes,Yes,22,Yes,No,No,No,No,No,No,No,No,One year,No,Mailed check,20.15,419.9,0,12-24,0,1,0,19.086363636363636,1
6371-NZYEG,Male,0,Yes,Yes,16,Yes,No,DSL,Yes,No,Yes,No,Yes,No,Two year,No,Mailed check,64.25,1024.0,0,12-24,0,4,1,64.0,0
7554-NEWDD,Male,0,No,No,10,Yes,Yes,No,No,No,No,No,No,No,Two year,No,Bank transfer (automatic),25.7,251.6,0,0-12,0,2,0,25.16,0
8992-VONJD,Female,0,No,Yes,13,Yes,No,DSL,Yes,Yes,No,No,No,No,Month-to-month,Yes,Electronic check,56.0,764.55,0,12-24,0,3,1,58.81153846153846,2
0867-MKZVY,Female,0,Yes,No,20,Yes,Yes,Fiber optic,Yes,No,No,No,No,No,Month-to-month,No,Electronic check,82.4,1592.35,1,12-24,0,3,1,79.61749999999999,2
4482-EWFMI,Female,0,No,No,2,Yes,No,Fiber optic,No,No,No,No,No,No,Month-to-month,Yes,Electronic check,69.7,135.2,0,0-12,1,1,1,67.6,2
4648-YPBTM,Male,0,No,No,53,Yes,Yes,DSL,No,Yes,Yes,Yes,No,Yes,Two year,Yes,Bank transfer (automatic),73.9,3958.25,0,48-60,0,6,1,74.68396226415095,0
2907-ILJBN,Female,0,Yes,Yes,11,Yes,No,No,No,No,No,No,No,No,One year,No,Mailed check,20.6,233.9,0,0-12,0,1,0,21.263636363636365,1
6345-FZOQH,Male,0,Yes,No,69,Yes,No,No,No,No,No,No,No,No,Two year,No,Mailed check,19.9,1363.45,0,60-72,0,1,0,19.76014492753623,0
3376-BMGFE,Female,0,No,No,4,Yes,No,Fiber optic,No,No,No,No,No,No,Month-to-month,Yes,Bank transfer (automatic),70.9,273.0,1,0-12,1,1,1,68.25,2
5997-OPVFA,Male,0,Yes,No,72,Yes,Yes,DSL,Yes,Yes,Yes,Yes,Yes,Yes,Two year,Yes,Bank transfer (automatic),89.05,6254.45,0,60-72,0,8,1,86.86736111111111,0
3445-HXXGF,Male,1,Yes,No,58,No,No,DSL,No,Yes,Yes,No,No,Yes,Month-to-month,Yes,Electronic check,45.3,2651.2,1,48-60,0,3,0,45.710344827586205,2
1159-WFSGR,Female,0,Yes,Yes,16,Yes,No,No,No,No,No,No,No,No,Month-to-month,No,Electronic check,20.4,321.4,0,12-24,0,1,0,20.0875,2
7654-YWJUF,Male,0,Yes,No,43,Yes,No,Fiber optic,Yes,No,Yes,Yes,No,No,One year,Yes,Bank transfer (automatic),84.25,3539.25,0,36-48,0,4,1,82.30813953488372,1
1875-QIVME,Female,0,Yes,No,2,Yes,Yes,Fiber optic,No,No,Yes,Yes,Yes,Yes,Month-to-month,Yes,Electronic check,104.4,242.8,1,0-12,1,6,1,121.4,2
6727-IOTLZ,Male,0,Yes,No,14,Yes,No,DSL,No,Yes,Yes,Yes,Yes,Yes,Two year,No,Mailed check,81.95,1181.75,0,12-24,0,6,1,84.41071428571429,0
0691-JVSYA,Female,0,Yes,No,53,Yes,No,Fiber optic,No,No,Yes,No,Yes,Yes,One year,Yes,Bank transfer (automatic),94.85,5000.2,1,48-60,0,4,1,94.3433962264151,1
5918-VUKWP,Female,0,No,No,32,Yes,No,No,No,No,No,No,No,No,One year,No,Bank transfer (automatic),20.55,654.55,0,24-36,0,1,0,20.4546875,1
1744-JHKYS,Female,0,Yes,No,34,Yes,Yes,No,No,No,No,No,No,No,Month-to-month,No,Electronic check,24.7,780.2,0,24-36,0,2,0,22.947058823529414,2
2656-FMOKZ,Female,1,No,No,15,Yes,Yes,Fiber optic,No,No,No,No,No,No,Month-to-month,Yes,Mailed check,74.45,1145.7,1,12-24,0,2,1,76.38000000000001,2
2070-FNEXE,Female,1,No,No,7,Yes,No,Fiber optic,Yes,No,No,No,No,No,Month-to-month,No,Bank transfer (automatic),76.45,503.6,1,0-12,0,2,1,71.94285714285715,2
5947-SGKCL,Female,0,Yes,Yes,15,Yes,Yes,Fiber optic,No,Yes,Yes,No,Yes,Yes,Month-to-month,Yes,Bank transfer (automatic),105.35,1559.25,0,12-24,0,6,1,103.95,2
3712-PKXZA,Male,0,Yes,No,61,Yes,No,No,No,No,No,No,No,No,One year,Yes,Credit card (automatic),20.55,1252.0,0,60-72,0,1,0,20.524590163934427,1
6317-YPKDH,Female,0,No,No,1,No,No,DSL,No,Yes,No,No,No,No,Month-to-month,No,Bank transfer (automatic),29.95,29.95,1,0-12,1,1,0,29.95,2
6582-OIVSP,Female,0,No,No,1,Yes,No,DSL,No,No,No,No,No,No,Month-to-month,No,Mailed check,45.3,45.3,0,0-12,1,1,1,45.3,2
9367-WXLCH,Male,0,No,No,8,Yes,Yes,Fiber optic,No,No,No,No,No,Yes,Month-to-month,No,Bank transfer (automatic),84.5,662.65,1,0-12,0,3,1,82.83125,2
5524-KHNJP,Male,0,Yes,Yes,33,Yes,No,DSL,Yes,No,Yes,No,Yes,Yes,One year,No,Credit card (automatic),74.75,2453.3,0,24-36,0,5,1,74.34242424242424,1
1918-ZBFQJ,Female,0,No,No,13,Yes,No,Fiber optic,No,Yes,Yes,No,No,No,Month-to-month,Yes,Electronic check,79.25,1111.65,1,12-24,0,3,1,85.51153846153846,2
1024-GUALD,Female,0,Yes,No,1,No,No,DSL,No,No,No,No,No,No,Month-to-month,Yes,Electronic check,24.8,24.8,1,0-12,1,0,0,24.8,2
4827-USJHP,Male,0,No,No,20,Yes,No,DSL,No,Yes,No,No,No,No,Month-to-month,Yes,Mailed check,51.8,1023.85,0,12-24,0,2,1,51.1925,2
8167-GJLRN,Male,0,No,No,3,No,No,DSL,No,No,No,Yes,No,No,Month-to-month,No,Electronic check,30.4,82.15,0,0-12,1,1,0,27.383333333333336,2
0956-SYCWG,Female,0,No,No,13,Yes,No,No,No,No,No,No,No,No,One year,No,Electronic check,19.65,244.8,0,12-24,0,1,0,18.83076923076923,1
8017-UVSZU,Female,0,Yes,No,40,Yes,Yes,DSL,No,Yes,No,No,No,No,Month-to-month,No,Credit card (automatic),56.6,2379.1,0,36-48,0,3,1,59.4775,2
7100-FQPRV,Male,0,Yes,Yes,43,Yes,Yes,DSL,Yes,No,No,Yes,No,Yes,One year,Yes,Credit card (automatic),71.9,3173.35,0,36-48,0,5,1,73.79883720930232,1
2472-OVKUP,Male,0,Yes,No,6,Yes,No,Fiber optic,No,Yes,Yes,No,No,Yes,Month-to-month,Yes,Electronic check,91.0,531.0,1,0-12,1,4,1,88.5,2
2984-RGEYA,Female,0,Yes,Yes,69,Yes,No,No,No,No,No,No,No,No,Two year,No,Bank transfer (automatic),19.75,1375.4,0,60-72,0,1,0,19.933333333333334,0
9680-NIAUV,Female,0,Yes,Yes,72,Yes,Yes,Fiber optic,Yes,Yes,Yes,No,Yes,Yes,Two year,No,Credit card (automatic),109.7,8129.3,0,60-72,0,7,1,112.90694444444445,0
2146-EGVDT,Male,0,Yes,Yes,59,Yes,No,No,No,No,No,No,No,No,Two year,No,Credit card (automatic),19.3,1192.7,0,48-60,0,1,0,20.215254237288136,0
2604-IJPDU,Female,0,Yes,No,20,Yes,No,Fiber optic,Yes,Yes,No,Yes,Yes,No,Month-to-month,Yes,Electronic check,96.55,1901.65,0,12-24,0,5,1,95.08250000000001,2
9178-JHUVJ,Male,0,Yes,Yes,24,Yes,Yes,No,No,No,No,No,No,No,Two year,Yes,Bank transfer (automatic),24.1,587.4,0,12-24,0,2,0,24.474999999999998,0
6168-YBYNP,Male,0,No,No,59,Yes,Yes,Fiber optic,No,Yes,Yes,Yes,Yes,Yes,Month-to-month,Yes,Electronic check,111.35,6519.75,0,48-60,0,7,1,110.5042372881356,2
7255-SSFBC,Male,0,Yes,Yes,72,Yes,Yes,Fiber optic,No,Yes,Yes,Yes,Yes,Yes,Two year,Yes,Bank transfer (automatic),112.25,8041.65,0,60-72,0,7,1,111.68958333333333,0
3645-DEYGF,Male,0,No,Yes,1,Yes,No,No,No,No,No,No,No,No,Month-to-month,No,Mailed check,20.75,20.75,0,0-12,1,1,0,20.75,2
9323-HGFWY,Female,0,Yes,No,27,Yes,No,Fiber optic,Yes,No,No,Yes,Yes,Yes,One year,Yes,Credit card (automatic),101.9,2681.15,0,24-36,0,5,1,99.30185185185185,1
8544-GOQSH,Female,0,No,No,14,Yes,No,Fiber optic,No,Yes,No,Yes,No,No,Month-to-month,Yes,Credit card (automatic),80.05,1112.3,0,12-24,0,3,1,79.45,2
3363-DTIVD,Male,0,Yes,Yes,71,Yes,Yes,Fiber optic,Yes,No,Yes,No,Yes,Yes,Two year,No,Electronic check,105.55,7405.5,0,60-72,0,6,1,104.30281690140845,0
7018-WBJNK,Male,0,No,Yes,13,Yes,No,Fiber optic,No,No,No,No,Yes,No,Month-to-month,Yes,Credit card (automatic),78.3,1033.95,0,12-24,0,2,1,79.53461538461539,2
9142-KZXOP,Male,0,No,No,44,Yes,No,Fiber optic,No,No,No,No,No,No,Month-to-month,No,Credit card (automatic),68.85,2958.95,0,36-48,0,1,1,67.24886363636364,2
7674-YTAFD,Female,0,No,No,33,Yes,No,Fiber optic,No,Yes,No,Yes,No,No,One year,Yes,Bank transfer (automatic),79.95,2684.85,0,24-36,0,3,1,81.35909090909091,1
6348-SNFUS,Male,0,Yes,Yes,72,No,No,DSL,Yes,Yes,Yes,Yes,No,Yes,Two year,Yes,Credit card (automatic),55.45,4179.2,0,60-72,0,5,0,58.044444444444444,0
1285-OKIPP,Male,0,No,No,1,Yes,No,Fiber optic,No,No,No,No,No,Yes,Month-to-month,No,Electronic check,79.9,79.9,1,0-12,1,2,1,79.9,2
7825-ECJRF,Female,0,No,No,19,Yes,No,Fiber optic,Yes,No,Yes,Yes,Yes,Yes,Month-to-month,Yes,Electronic check,106.6,1934.45,1,12-24,0,6,1,101.81315789473685,2
1347-KTTTA,Male,0,Yes,No,64,Yes,No,Fiber optic,No,Yes,Yes,Yes,Yes,Yes,One year,Yes,Credit card (automatic),102.45,6654.1,0,60-72,0,6,1,103.9703125,1
7841-TZDMQ,Male,0,No,No,2,Yes,No,DSL,No,No,No,No,No,No,Month-to-month,Yes,Credit card (automatic),46.0,84.5,1,0-12,1,1,1,42.25,2
4195-NZGTA,Female,0,No,No,1,No,No,DSL,No,No,No,No,No,No,Month-to-month,No,Electronic check,25.25,25.25,0,0-12,1,0,0,25.25,2
7157-SMCFK,Male,0,No,Yes,61,Yes,No,No,No,No,No,No,No,No,Two year,No,Mailed check,19.75,1124.2,0,60-72,0,1,0,18.42950819672131,0
4709-LKHYG,Female,0,Yes,Yes,29,Yes,No,No,No,No,No,No,No,No,One year,No,Electronic check,20.0,540.05,0,24-36,0,1,0,18.622413793103448,1
2504-DSHIH,Male,1,Yes,No,23,Yes,Yes,Fiber optic,No,No,No,No,No,Yes,Month-to-month,No,Electronic check,86.8,1975.85,0,12-24,0,3,1,85.90652173913043,2
0699-NDKJM,Female,0,Yes,No,57,No,No,DSL,Yes,Yes,Yes,No,Yes,Yes,Month-to-month,Yes,Bank transfer (automatic),58.75,3437.45,0,48-60,0,5,0,60.30614035087719,2
9286-BHDQG,Male,0,Yes,Yes,72,No,No,DSL,Yes,Yes,Yes,Yes,No,No,Two year,No,Credit card (automatic),45.25,3139.8,0,60-72,0,4,0,43.608333333333334,0
0230-WEQUW,Male,0,Yes,No,66,No,No,DSL,Yes,Yes,Yes,Yes,Yes,No,Two year,Yes,Bank transfer (automatic),56.6,3789.2,0,60-72,0,5,0,57.41212121212121,0
2040-LDIWQ,Male,0,Yes,Yes,65,Yes,Yes,DSL,No,Yes,Yes,Yes,Yes,Yes,Two year,Yes,Bank transfer (automatic),84.2,5324.5,0,60-72,0,7,1,81.91538461538461,0
6496-JDSSB,Female,0,No,No,8,Yes,No,Fiber optic,No,No,No,No,Yes,No,Month-to-month,Yes,Bank transfer (automatic),80.0,624.6,0,0-12,0,2,1,78.075,2
9408-SSNVZ,Female,0,No,No,4,Yes,No,Fiber optic,No,No,No,No,No,No,Month-to-month,Yes,Electronic check,70.15,268.35,1,0-12,1,1,1,67.0875,2
4443-EMBNA,Female,0,Yes,No,71,Yes,Yes,No,No,No,No,No,No,No,Two year,No,Bank transfer (automatic),24.75,1836.9,0,60-72,0,2,0,25.871830985915494,0
6469-MRVET,Male,0,Yes,Yes,1,Yes,No,No,No,No,No,No,No,No,One year,Yes,Electronic check,20.2,20.2,0,0-12,1,1,0,20.2,1
0742-MOABM,Male,0,Yes,No,4,Yes,No,DSL,No,No,No,Yes,No,No,Month-to-month,No,Mailed check,50.05,179.35,1,0-12,1,2,1,44.8375,2
5961-VUSRV,Female,0,No,No,12,Yes,No,No,No,No,No,No,No,No,One year,Yes,Bank transfer (automatic),19.35,219.35,0,0-12,0,1,0,18.279166666666665,1
6778-JFCMK,Male,0,No,No,24,No,No,DSL,Yes,No,No,No,Yes,Yes,One year,Yes,Mailed check,50.6,1288.75,0,12-24,0,3,0,53.697916666666664,1
6341-JVQGF,Female,0,Yes,Yes,31,Yes,No,DSL,Yes,No,Yes,Yes,Yes,Yes,One year,Yes,Mailed check,81.15,2545.75,0,24-36,0,6,1,82.12096774193549,1
2232-DMLXU,Female,0,Yes,No,1,Yes,No,DSL,No,No,No,No,Yes,No,Month-to-month,No,Mailed check,55.2,55.2,1,0-12,1,2,1,55.2,2
4811-JBUVU,Male,0,No,No,30,Yes,Yes,Fiber optic,No,No,No,Yes,No,Yes,Month-to-month,Yes,Credit card (automatic),89.9,2723.15,0,24-36,0,4,1,90.77166666666668,2
0945-TSONX,Female,0,Yes,Yes,47,Yes,Yes,DSL,Yes,Yes,No,Yes,Yes,Yes,Two year,Yes,Credit card (automatic),85.3,4107.25,0,36-48,0,7,1,87.38829787234043,0
2651-ZCBXV,Male,0,No,No,54,Yes,Yes,Fiber optic,Yes,Yes,No,Yes,Yes,Yes,Two year,Yes,Credit card (automatic),108.0,5760.65,0,48-60,0,7,1,106.6787037037037,0
3316-UWXUY,Male,0,No,No,50,Yes,No,Fiber optic,Yes,Yes,No,Yes,No,Yes,Month-to-month,Yes,Credit card (automatic),93.5,4747.5,0,48-60,0,5,1,94.95,2
8937-RDTHP,Male,0,No,No,1,Yes,No,Fiber optic,Yes,No,No,No,No,Yes,Month-to-month,Yes,Mailed check,84.6,84.6,1,0-12,1,3,1,84.6,2
7083-MIOPC,Female,0,No,No,72,Yes,No,No,No,No,No,No,No,No,Two year,No,Credit card (automatic),20.25,1566.9,0,60-72,0,1,0,21.762500000000003,0
1984-GPTEH,Female,0,No,No,29,Yes,Yes,No,No,No,No,No,No,No,Month-to-month,No,Electronic check,25.15,702.0,0,24-36,0,2,0,24.20689655172414,2
1251-KRREG,Male,0,No,No,2,Yes,Yes,DSL,No,Yes,No,No,No,No,Month-to-month,Yes,Mailed check,54.4,114.1,1,0-12,1,3,1,57.05,2
0621-JFHOL,Female,0,No,No,10,No,No,DSL,No,No,No,Yes,No,No,Two year,Yes,Mailed check,29.6,299.05,0,0-12,0,1,0,29.905,0
9903-LYSAB,Male,0,Yes,No,18,Yes,Yes,Fiber optic,No,No,No,No,No,No,Month-to-month,Yes,Electronic check,73.15,1305.95,0,12-24,0,2,1,72.55277777777778,2
0094-OIFMO,Female,1,No,No,11,Yes,No,Fiber optic,No,Yes,No,No,Yes,Yes,Month-to-month,Yes,Electronic check,95.0,1120.3,1,0-12,0,4,1,101.84545454545454,2
9227-UAQFT,Male,0,No,No,16,Yes,No,No,No,No,No,No,No,No,Two year,No,Mailed check,19.75,284.35,0,12-24,0,1,0,17.771875,0
7301-ABVAD,Female,0,No,No,72,Yes,Yes,DSL,No,Yes,Yes,Yes,Yes,Yes,Two year,No,Bank transfer (automatic),86.6,6350.5,0,60-72,0,7,1,88.20138888888889,0
6614-FHDBO,Male,0,No,No,72,Yes,Yes,Fiber optic,No,Yes,Yes,Yes,Yes,Yes,Two year,No,Bank transfer (automatic),109.2,7878.3,0,60-72,0,7,1,109.42083333333333,0
7576-ASEJU,Female,0,Yes,Yes,41,Yes,No,DSL,Yes,No,No,Yes,Yes,Yes,One year,Yes,Credit card (automatic),74.7,3187.65,0,36-48,0,5,1,77.74756097560976,1
9058-HRZSV,Female,1,Yes,No,65,Yes,No,Fiber optic,Yes,Yes,Yes,No,No,Yes,Month-to-month,No,Electronic check,94.4,6126.15,0,60-72,0,5,1,94.24846153846153,2
4522-AKYLR,Female,1,No,No,13,Yes,No,DSL,No,Yes,Yes,No,No,No,Month-to-month,Yes,Electronic check,54.8,731.3,0,12-24,0,3,1,56.25384615384615,2
0221-WMXNQ,Male,1,No,No,4,Yes,No,Fiber optic,Yes,No,No,No,No,No,Month-to-month,No,Electronic check,75.35,273.4,0,0-12,1,2,1,68.35,2
0303-UNCIP,Male,0,No,No,41,Yes,Yes,DSL,No,No,Yes,No,No,Yes,One year,No,Mailed check,65.0,2531.8,0,36-48,0,4,1,61.75121951219513,1
9947-OTFQU,Male,1,No,No,15,Yes,No,Fiber optic,No,Yes,No,No,No,No,Month-to-month,Yes,Electronic check,74.4,1074.3,1,12-24,0,2,1,71.61999999999999,2
0322-YINQP,Male,0,No,No,1,Yes,No,DSL,Yes,No,No,No,No,No,Month-to-month,Yes,Mailed check,48.55,48.55,1,0-12,1,2,1,48.55,2
0959-WHOKV,Male,0,No,No,42,Yes,Yes,Fiber optic,Yes,Yes,Yes,No,No,Yes,One year,Yes,Electronic check,99.0,4298.45,0,36-48,0,6,1,102.34404761904761,1
4075-JFPGR,Female,0,Yes,No,51,Yes,No,Fiber optic,Yes,Yes,Yes,No,Yes,No,One year,Yes,Electronic check,93.5,4619.55,0,48-60,0,5,1,90.57941176470588,1
4629-NRXKX,Female,0,Yes,Yes,2,Yes,No,Fiber optic,No,No,No,No,No,No,Month-to-month,No,Electronic check,70.4,147.15,1,0-12,1,1,1,73.575,2
9514-JDSKI,Male,1,Yes,No,1,No,No,DSL,No,Yes,No,No,Yes,No,Month-to-month,No,Electronic check,40.2,40.2,1,0-12,1,2,0,40.2,2
3282-ZISZV,Male,0,No,Yes,32,Yes,Yes,DSL,No,Yes,Yes,Yes,Yes,Yes,One year,No,Credit card (automatic),83.7,2633.3,0,24-36,0,7,1,82.290625,1
3675-YDUPJ,Male,0,No,No,10,Yes,No,No,No,No,No,No,No,No,Month-to-month,Yes,Mailed check,19.85,193.05,0,0-12,0,1,0,19.305,2
4111-BNXIF,Female,0,Yes,Yes,67,No,No,DSL,No,Yes,Yes,Yes,Yes,Yes,Two year,Yes,Electronic check,59.55,4103.9,0,60-72,0,5,0,61.252238805970144,0
7017-VFHAY,Female,0,Yes,Yes,61,Yes,Yes,Fiber optic,Yes,Yes,Yes,Yes,Yes,Yes,Two year,No,Credit card (automatic),115.1,7008.15,0,60-72,0,8,1,114.88770491803278,0
6655-LHBYW,Male,0,No,No,50,Yes,Yes,Fiber optic,Yes,Yes,Yes,Yes,Yes,Yes,One year,No,Credit card (automatic),114.35,5791.1,0,48-60,0,8,1,115.822,1
4959-JOSRX,Female,0,Yes,No,2,Yes,No,DSL,No,No,No,No,No,No,Month-to-month,Yes,Credit card (automatic),44.6,80.55,1,0-12,1,1,1,40.275,2
5046-NUHWD,Female,1,Yes,No,29,No,No,DSL,Yes,No,Yes,No,No,Yes,Month-to-month,Yes,Electronic check,45.0,1228.65,0,24-36,0,3,0,42.36724137931035,2
7273-TEFQD,Male,1,No,No,3,No,No,DSL,No,No,Yes,No,No,Yes,Month-to-month,Yes,Electronic check,41.15,132.2,1,0-12,1,2,0,44.06666666666666,2
3606-TWKGI,Male,1,No,No,13,Yes,Yes,Fiber optic,No,Yes,Yes,No,Yes,Yes,Month-to-month,Yes,Electronic check,106.9,1364.3,1,12-24,0,6,1,104.94615384615385,2
7529-ZDFXI,Male,1,Yes,No,57,Yes,Yes,Fiber optic,No,Yes,No,No,No,Yes,Month-to-month,Yes,Electronic check,89.85,4925.35,0,48-60,0,4,1,86.40964912280702,2
7605-BDWDC,Female,0,No,No,31,No,No,DSL,Yes,Yes,No,Yes,No,Yes,Two year,Yes,Bank transfer (automatic),49.85,1520.1,0,24-36,0,4,0,49.03548387096774,0
1950-KSVVJ,Female,0,Yes,No,45,Yes,Yes,Fiber optic,Yes,Yes,Yes,Yes,Yes,Yes,One year,No,Mailed check,113.3,5032.25,0,36-48,0,8,1,111.82777777777778,1
0123-CRBRT,Female,0,Yes,Yes,61,Yes,Yes,DSL,Yes,Yes,Yes,Yes,Yes,Yes,Two year,No,Mailed check,88.1,5526.75,0,60-72,0,8,1,90.60245901639344,0
6292-TOSSS,Male,0,No,No,50,Yes,Yes,No,No,No,No,No,No,No,Two year,No,Bank transfer (automatic),24.9,1195.25,0,48-60,0,2,0,23.905,0
3197-ARFOY,Female,1,No,No,19,Yes,No,Fiber optic,Yes,Yes,No,Yes,Yes,Yes,Month-to-month,Yes,Mailed check,105.0,2007.25,0,12-24,0,6,1,105.64473684210526,2
6323-AYBRX,Male,0,No,No,59,Yes,No,No,No,No,No,No,No,No,Two year,No,Mailed check,19.35,1099.6,1,48-60,0,1,0,18.63728813559322,0
7014-ZZXAW,Female,0,Yes,No,71,Yes,Yes,No,No,No,No,No,No,No,Two year,Yes,Credit card (automatic),24.25,1732.95,0,60-72,0,2,0,24.40774647887324,0
4385-GZQXV,Female,1,No,No,16,Yes,No,Fiber optic,No,No,No,Yes,Yes,Yes,Month-to-month,Yes,Electronic check,94.45,1511.2,1,12-24,0,4,1,94.45,2
7633-MVPUY,Male,0,Yes,No,57,Yes,No,DSL,Yes,Yes,No,Yes,No,No,Two year,Yes,Electronic check,59.75,3450.15,0,48-60,0,4,1,60.52894736842106,0
6366-ZGQGL,Male,0,No,No,1,No,No,DSL,No,No,No,No,No,No,Month-to-month,No,Bank transfer (automatic),24.8,24.8,1,0-12,1,0,0,24.8,2
4716-HHKQH,Male,1,Yes,No,20,Yes,Yes,Fiber optic,No,Yes,No,Yes,Yes,Yes,Month-to-month,No,Electronic check,107.05,2172.05,0,12-24,0,6,1,108.6025,2
5940-AHUHD,Male,0,No,No,1,Yes,No,Fiber optic,No,No,No,No,No,No,Month-to-month,No,Mailed check,70.6,70.6,1,0-12,1,1,1,70.6,2
6432-TWQLB,Male,0,Yes,No,5,Yes,Yes,Fiber optic,No,Yes,No,Yes,No,No,Month-to-month,Yes,Electronic check,85.4,401.1,1,0-12,1,4,1,80.22,2
4484-GLZOU,Female,0,Yes,No,52,Yes,Yes,Fiber optic,No,Yes,Yes,No,Yes,Yes,Month-to-month,Yes,Electronic check,105.05,5624.85,1,48-60,0,6,1,108.17019230769232,2
3179-GBRWV,Male,1,Yes,No,21,Yes,No,DSL,Yes,Yes,No,No,No,Yes,Month-to-month,Yes,Bank transfer (automatic),64.95,1339.8,0,12-24,0,4,1,63.8,2
8645-KWHJO,Male,0,No,No,14,No,No,DSL,No,No,Yes,Yes,Yes,Yes,Month-to-month,Yes,Electronic check,55.0,771.95,0,12-24,0,4,0,55.13928571428572,2
4130-MZLCC,Female,0,No,No,5,Yes,No,DSL,No,Yes,No,No,No,No,Month-to-month,No,Bank transfer (automatic),50.55,244.75,0,0-12,1,2,1,48.95,2
0314-TKOSI,Female,0,No,No,6,Yes,No,DSL,Yes,Yes,No,No,No,No,Month-to-month,No,Mailed check,55.15,322.9,0,0-12,1,3,1,53.81666666666666,2
8229-MYEJZ,Female,0,No,No,10,Yes,No,DSL,No,Yes,No,No,No,No,Month-to-month,No,Electronic check,51.2,498.25,0,0-12,0,2,1,49.825,2
2080-SRCDE,Female,0,No,Yes,1,Yes,Yes,No,No,No,No,No,No,No,Month-to-month,No,Mailed check,25.4,25.4,0,0-12,1,2,0,25.4,2
9577-WJVCQ,Female,0,No,No,68,Yes,Yes,DSL,Yes,No,No,No,No,No,Month-to-month,No,Mailed check,54.45,3687.75,0,60-72,0,3,1,54.231617647058826,2
9512-UIBFX,Male,0,Yes,Yes,18,Yes,No,Fiber optic,No,No,Yes,No,Yes,Yes,Month-to-month,No,Mailed check,95.15,1779.95,1,12-24,0,4,1,98.88611111111112,2
6202-DYYFX,Female,0,No,No,22,Yes,Yes,Fiber optic,No,No,No,No,No,No,One year,Yes,Credit card (automatic),76.0,1783.6,0,12-24,0,2,1,81.07272727272726,1
3808-HFKDE,Female,0,No,No,20,Yes,No,DSL,No,No,No,No,No,No,Month-to-month,Yes,Electronic check,44.35,927.15,0,12-24,0,1,1,46.3575,2
5583-SXDAG,Male,0,Yes,No,1,Yes,No,Fiber optic,No,No,No,No,No,No,Month-to-month,No,Electronic check,70.0,70.0,1,0-12,1,1,1,70.0,2
3488-PGMQJ,Male,1,No,No,8,Yes,No,Fiber optic,No,Yes,No,No,No,No,Month-to-month,Yes,Electronic check,74.5,606.55,1,0-12,0,2,1,75.81875,2
3580-REOAC,Male,0,No,No,10,Yes,No,DSL,No,No,No,No,No,No,Month-to-month,Yes,Credit card (automatic),44.85,435.4,1,0-12,0,1,1,43.54,2
7534-BFESC,Male,1,No,No,24,Yes,Yes,Fiber optic,No,No,No,No,No,No,Month-to-month,Yes,Electronic check,76.1,1712.7,1,12-24,0,2,1,71.3625,2
3727-OWVYD,Male,0,No,No,35,Yes,No,DSL,Yes,Yes,Yes,No,No,No,One year,No,Mailed check,61.2,2021.2,0,24-36,0,4,1,57.74857142857143,1
2294-SALNE,Male,0,Yes,Yes,23,Yes,No,Fiber optic,No,Yes,Yes,Yes,No,No,One year,No,Mailed check,86.8,1940.8,0,12-24,0,4,1,84.38260869565217,1
4847-TAJYI,Female,1,No,No,6,Yes,No,Fiber optic,No,No,No,No,Yes,Yes,Month-to-month,Yes,Electronic check,89.35,567.8,0,0-12,1,3,1,94.63333333333333,2
1563-IWQEX,Female,0,No,No,12,Yes,No,No,No,No,No,No,No,No,Month-to-month,No,Mailed check,19.7,220.35,0,0-12,0,1,0,18.3625,2
8203-XJZRC,Male,0,No,No,1,Yes,No,No,No,No,No,No,No,No,Month-to-month,No,Mailed check,20.25,20.25,0,0-12,1,1,0,20.25,2
6556-DBKZF,Female,0,Yes,Yes,71,Yes,No,Fiber optic,No,No,Yes,No,No,No,Two year,No,Electronic check,76.05,5436.45,0,60-72,0,2,1,76.56971830985916,0
6851-WEFYX,Male,1,Yes,No,35,Yes,Yes,Fiber optic,No,No,Yes,No,Yes,Yes,Month-to-month,Yes,Electronic check,100.8,3437.5,0,24-36,0,5,1,98.21428571428571,2
2985-JUUBZ,Male,0,Yes,Yes,40,Yes,Yes,DSL,No,No,Yes,No,Yes,Yes,Month-to-month,Yes,Electronic check,74.55,3015.75,0,36-48,0,5,1,75.39375,2
6390-DSAZX,Female,0,No,Yes,1,Yes,No,Fiber optic,Yes,No,No,No,No,No,Month-to-month,Yes,Mailed check,73.6,73.6,1,0-12,1,2,1,73.6,2
0895-LMRSF,Male,0,No,No,23,Yes,No,DSL,No,No,No,No,Yes,Yes,One year,Yes,Bank transfer (automatic),64.9,1509.8,0,12-24,0,3,1,65.64347826086956,1
8098-LLAZX,Female,1,No,No,4,Yes,Yes,Fiber optic,No,No,No,No,Yes,Yes,Month-to-month,Yes,Electronic check,95.45,396.1,1,0-12,1,4,1,99.025,2
8266-VBFQL,Male,0,No,No,4,Yes,No,Fiber optic,No,No,Yes,Yes,No,Yes,Month-to-month,Yes,Electronic check,90.4,356.65,0,0-12,1,4,1,89.1625,2
8181-YHCMF,Female,0,Yes,Yes,68,No,No,DSL,No,Yes,Yes,Yes,Yes,Yes,Two year,No,Credit card (automatic),60.3,4109.0,0,60-72,0,5,0,60.4264705882353,0
2240-HSJQD,Male,0,No,Yes,38,Yes,Yes,Fiber optic,No,Yes,No,No,No,No,Month-to-month,Yes,Mailed check,81.85,3141.7,0,36-48,0,3,1,82.67631578947368,2
1248-DYXUB,Male,0,Yes,Yes,52,Yes,Yes,No,No,No,No,No,No,No,Two year,No,Mailed check,24.8,1229.1,0,48-60,0,2,0,23.63653846153846,0
0265-EDXBD,Male,1,Yes,No,32,Yes,Yes,Fiber optic,No,No,No,No,No,No,Month-to-month,Yes,Electronic check,74.9,2303.35,1,24-36,0,2,1,71.9796875,2
4115-BNPJY,Male,0,Yes,Yes,29,Yes,No,DSL,No,No,Yes,Yes,Yes,Yes,Two year,No,Mailed check,75.55,2054.4,0,24-36,0,5,1,70.84137931034483,0
3167-SNQPL,Male,1,Yes,Yes,38,Yes,Yes,Fiber optic,No,Yes,No,No,Yes,Yes,Month-to-month,No,Electronic check,101.15,3741.85,0,36-48,0,5,1,98.46973684210526,2
4091-TVOCN,Male,0,No,Yes,48,Yes,Yes,DSL,Yes,No,Yes,No,Yes,Yes,One year,Yes,Credit card (automatic),78.75,3682.45,0,36-48,0,6,1,76.71770833333333,1
1098-TDVUQ,Female,0,No,No,1,Yes,No,No,No,No,No,No,No,No,Month-to-month,Yes,Bank transfer (automatic),19.25,19.25,0,0-12,1,1,0,19.25,2
7277-OZCGZ,Female,0,No,No,22,Yes,No,Fiber optic,Yes,No,No,Yes,No,Yes,Month-to-month,Yes,Electronic check,89.05,1886.25,0,12-24,0,4,1,85.73863636363636,2
1557-EMYVT,Female,0,No,No,43,Yes,Yes,Fiber optic,Yes,Yes,Yes,Yes,Yes,Yes,Two year,No,Credit card (automatic),115.05,4895.1,0,36-48,0,8,1,113.83953488372094,0
2799-ARNLO,Female,1,Yes,No,5,Yes,No,Fiber optic,No,No,No,No,No,No,Month-to-month,Yes,Electronic check,69.35,341.6,0,0-12,1,1,1,68.32000000000001,2
7563-BIUPC,Male,0,No,No,5,Yes,No,Fiber optic,No,No,No,No,Yes,No,Month-to-month,Yes,Electronic check,80.6,415.55,1,0-12,1,2,1,83.11,2
5027-YOCXN,Male,0,Yes,Yes,51,Yes,Yes,Fiber optic,Yes,Yes,No,Yes,Yes,Yes,One year,No,Credit card (automatic),110.05,5686.4,0,48-60,0,7,1,111.49803921568626,1
3973-SKMLN,Male,0,No,No,71,Yes,No,No,No,No,No,No,No,No,Two year,Yes,Credit card (automatic),19.9,1355.1,0,60-72,0,1,0,19.085915492957746,0
2321-OMBXY,Female,0,Yes,Yes,38,Yes,No,DSL,Yes,Yes,No,Yes,Yes,Yes,One year,No,Credit card (automatic),80.3,3058.65,1,36-48,0,6,1,80.49078947368422,1
2840-XANRC,Male,1,Yes,No,24,Yes,No,Fiber optic,No,No,Yes,No,Yes,Yes,Month-to-month,Yes,Electronic check,93.15,2231.05,1,12-24,0,4,1,92.96041666666667,2
6745-JEFZB,Male,0,Yes,No,35,Yes,Yes,Fiber optic,No,No,No,Yes,Yes,No,Month-to-month,Yes,Credit card (automatic),91.5,3236.35,0,24-36,0,4,1,92.46714285714286,2
5020-ZSTTY,Female,1,No,No,54,Yes,Yes,DSL,Yes,Yes,No,Yes,Yes,Yes,One year,No,Bank transfer (automatic),82.45,4350.1,1,48-60,0,7,1,80.55740740740741,1
9880-TDQAC,Female,0,Yes,Yes,72,No,No,DSL,No,Yes,Yes,Yes,Yes,Yes,Two year,Yes,Electronic check,60.0,4264.0,0,60-72,0,5,0,59.22222222222222,0
8705-WZCYL,Male,0,No,No,1,Yes,No,DSL,No,No,No,No,No,No,Month-to-month,Yes,Electronic check,44.8,44.8,0,0-12,1,1,1,44.8,2
7102-JJVTX,Female,0,Yes,Yes,9,Yes,No,DSL,Yes,No,No,No,No,No,One year,No,Mailed check,48.6,422.3,0,0-12,0,2,1,46.922222222222224,1
8626-PTQGE,Male,0,No,No,69,No,No,DSL,Yes,Yes,No,Yes,Yes,Yes,Two year,Yes,Bank transfer (automatic),60.05,4176.7,0,60-72,0,5,0,60.53188405797101,0
4983-CLMLV,Female,0,Yes,No,52,Yes,Yes,Fiber optic,No,Yes,No,Yes,Yes,Yes,Month-to-month,Yes,Credit card (automatic),102.7,5138.1,0,48-60,0,6,1,98.8096153846154,2
5701-YVSVF,Female,1,Yes,No,11,Yes,No,Fiber optic,No,No,No,Yes,Yes,No,Month-to-month,Yes,Electronic check,82.9,880.05,0,0-12,0,3,1,80.00454545454545,2
5804-LEPIM,Female,1,No,No,2,Yes,No,Fiber optic,No,No,No,No,No,No,Month-to-month,Yes,Electronic check,70.35,139.05,1,0-12,1,1,1,69.525,2
5697-GOMBF,Female,1,Yes,Yes,28,No,No,DSL,No,No,No,No,Yes,No,Month-to-month,Yes,Electronic check,35.9,973.65,0,24-36,0,1,0,34.77321428571428,2
2739-CACDQ,Female,1,No,No,17,Yes,Yes,Fiber optic,No,No,Yes,No,No,No,Month-to-month,Yes,Credit card (automatic),82.65,1470.05,0,12-24,0,3,1,86.4735294117647,2
9385-EHGDO,Female,0,Yes,Yes,35,Yes,No,No,No,No,No,No,No,No,Two year,Yes,Mailed check,19.85,739.35,0,24-36,0,1,0,21.124285714285715,0
9498-FIMXL,Female,0,No,No,8,Yes,No,No,No,No,No,No,No,No,One year,Yes,Mailed check,19.2,161.95,0,0-12,0,1,0,20.24375,1
2379-GYFLQ,Male,0,No,No,46,Yes,Yes,Fiber optic,No,Yes,Yes,No,Yes,No,One year,Yes,Credit card (automatic),94.9,4422.95,0,36-48,0,5,1,96.15108695652174,1
0122-OAHPZ,Female,0,No,No,7,Yes,Yes,Fiber optic,No,No,No,No,No,No,Month-to-month,Yes,Electronic check,73.85,511.25,1,0-12,0,2,1,73.03571428571429,2
2868-SNELZ,Female,0,No,No,2,Yes,Yes,Fiber optic,No,No,Yes,No,No,No,Month-to-month,No,Mailed check,80.6,155.8,1,0-12,1,3,1,77.9,2
4322-RCYMT,Male,0,Yes,Yes,68,Yes,Yes,DSL,No,Yes,Yes,Yes,No,Yes,One year,Yes,Bank transfer (automatic),75.8,5293.95,1,60-72,0,6,1,77.85220588235293,1
6680-NENYN,Female,0,No,No,43,Yes,Yes,Fiber optic,No,Yes,Yes,No,Yes,Yes,Two year,Yes,Electronic check,104.6,4759.85,1,36-48,0,6,1,110.69418604651163,0
2088-IEBAU,Female,0,No,No,68,Yes,Yes,DSL,Yes,Yes,Yes,Yes,Yes,Yes,Two year,Yes,Electronic check,88.15,6148.45,0,60-72,0,8,1,90.41838235294118,0
7982-VCELR,Female,0,No,No,36,Yes,No,Fiber optic,No,Yes,No,No,Yes,Yes,Month-to-month,Yes,Credit card (automatic),94.8,3565.65,0,24-36,0,4,1,99.04583333333333,2
1343-EHPYB,Male,0,Yes,No,63,Yes,Yes,Fiber optic,No,Yes,Yes,No,Yes,Yes,Month-to-month,Yes,Electronic check,103.4,6603.0,1,60-72,0,6,1,104.80952380952381,2
6035-BXTTY,Female,1,No,No,32,Yes,No,DSL,No,Yes,No,Yes,No,No,Month-to-month,No,Bank transfer (automatic),54.65,1830.1,0,24-36,0,3,1,57.190625,2
6885-PKOAM,Female,0,Yes,No,71,Yes,Yes,DSL,Yes,Yes,Yes,Yes,Yes,Yes,Two year,No,Credit card (automatic),85.75,6223.8,0,60-72,0,8,1,87.65915492957747,0
7520-HQWJU,Female,0,Yes,Yes,66,Yes,Yes,DSL,Yes,Yes,Yes,No,No,No,Month-to-month,Yes,Bank transfer (automatic),67.45,4508.65,0,60-72,0,5,1,68.31287878787879,2
9639-BUJXT,Male,0,No,No,63,Yes,No,No,No,No,No,No,No,No,One year,No,Mailed check,20.5,1328.15,0,60-72,0,1,0,21.081746031746032,1
5924-SNGKP,Female,0,No,Yes,41,Yes,No,No,No,No,No,No,No,No,One year,Yes,Credit card (automatic),20.25,865.0,0,36-48,0,1,0,21.097560975609756,1
0021-IKXGC,Female,1,No,No,1,Yes,Yes,Fiber optic,No,No,No,No,No,No,Month-to-month,Yes,Electronic check,72.1,72.1,0,0-12,1,2,1,72.1,2
2034-GDRCN,Female,0,No,No,2,Yes,No,Fiber optic,No,No,No,No,Yes,Yes,Month-to-month,Yes,Electronic check,90.4,168.2,1,0-12,1,3,1,84.1,2
8966-SNIZF,Female,0,Yes,No,70,Yes,No,No,No,No,No,No,No,No,Two year,No,Bank transfer (automatic),19.45,1303.5,0,60-72,0,1,0,18.62142857142857,0
6243-OZGFH,Female,0,No,No,23,No,No,DSL,No,No,No,No,Yes,Yes,Month-to-month,Yes,Electronic check,44.95,996.85,0,12-24,0,2,0,43.34130434782609,2
4654-DLAMQ,Female,1,Yes,No,64,Yes,No,Fiber optic,Yes,Yes,Yes,No,No,Yes,One year,No,Bank transfer (automatic),97.0,6430.9,0,60-72,0,5,1,100.4828125,1
0513-RBGPE,Male,0,Yes,Yes,37,Yes,Yes,DSL,Yes,No,Yes,Yes,No,No,Two year,Yes,Credit card (automatic),62.8,2278.75,0,36-48,0,5,1,61.58783783783784,0
5160-UXJED,Male,0,No,Yes,17,Yes,No,DSL,No,No,No,No,No,No,One year,No,Mailed check,44.6,681.4,0,12-24,0,1,1,40.08235294117647,1
4115-NZRKS,Female,1,No,No,7,Yes,No,Fiber optic,No,No,No,No,Yes,Yes,Month-to-month,Yes,Electronic check,89.15,574.35,0,0-12,0,3,1,82.05,2
0219-YTZUE,Male,0,Yes,Yes,4,Yes,Yes,Fiber optic,No,Yes,Yes,No,No,No,Month-to-month,Yes,Bank transfer (automatic),84.8,371.9,1,0-12,1,4,1,92.975,2
0623-IIHUG,Female,1,No,No,21,No,No,DSL,Yes,No,No,No,Yes,No,Month-to-month,Yes,Electronic check,41.9,840.1,1,12-24,0,2,0,40.00476190476191,2
4572-DVCGN,Female,0,No,No,10,Yes,No,Fiber optic,No,No,No,No,No,Yes,Month-to-month,Yes,Bank transfer (automatic),80.25,846.0,1,0-12,0,2,1,84.6,2
3351-NGXYI,Female,1,No,No,16,Yes,Yes,DSL,Yes,No,No,No,No,No,Month-to-month,Yes,Electronic check,54.1,889.0,0,12-24,0,3,1,55.5625,2
8984-EYLLL,Male,0,Yes,No,64,Yes,Yes,Fiber optic,No,Yes,No,Yes,Yes,Yes,Two year,Yes,Electronic check,105.25,6823.4,0,60-72,0,6,1,106.615625,0
9057-MSWCO,Male,1,Yes,No,27,No,No,DSL,Yes,No,No,No,No,No,Month-to-month,No,Credit card (automatic),30.75,805.1,1,24-36,0,1,0,29.81851851851852,2
9833-TGFHX,Male,0,Yes,Yes,42,Yes,Yes,Fiber optic,Yes,No,No,No,Yes,Yes,One year,No,Electronic check,97.1,4016.75,0,36-48,0,5,1,95.63690476190476,1
9294-TDIPC,Male,0,No,Yes,5,Yes,No,No,No,No,No,No,No,No,Month-to-month,No,Mailed check,20.2,83.75,0,0-12,1,1,0,16.75,2
5229-DTFYB,Female,0,No,No,41,Yes,No,Fiber optic,No,Yes,No,Yes,Yes,Yes,Two year,Yes,Bank transfer (automatic),98.8,3959.15,0,36-48,0,5,1,96.56463414634146,0
0104-PPXDV,Male,0,Yes,No,58,Yes,No,DSL,No,No,Yes,No,No,No,One year,No,Credit card (automatic),50.3,2878.55,0,48-60,0,2,1,49.630172413793105,1
5176-LMJXE,Female,0,No,No,47,Yes,No,No,No,No,No,No,No,No,Two year,Yes,Mailed check,20.55,945.7,0,36-48,0,1,0,20.121276595744682,0
3583-KRKMD,Male,0,No,No,18,Yes,No,Fiber optic,No,No,No,Yes,No,No,Month-to-month,Yes,Bank transfer (automatic),75.9,1373.05,0,12-24,0,2,1,76.28055555555555,2
1010-DIAUQ,Male,0,No,No,5,Yes,No,Fiber optic,No,No,Yes,No,Yes,Yes,Month-to-month,No,Bank transfer (automatic),96.5,492.55,1,0-12,1,4,1,98.51,2
9069-LGEUL,Male,0,Yes,No,23,Yes,No,DSL,Yes,No,No,No,No,Yes,Month-to-month,Yes,Bank transfer (automatic),59.95,1406.0,0,12-24,0,3,1,61.130434782608695,2
7302-ZHMHP,Female,0,No,No,1,Yes,No,No,No,No,No,No,No,No,Month-to-month,No,Mailed check,19.15,19.15,0,0-12,1,1,0,19.15,2
9571-EDEBV,Male,0,Yes,No,71,Yes,Yes,Fiber optic,No,No,Yes,No,Yes,Yes,One year,Yes,Credit card (automatic),98.65,6962.85,0,60-72,0,5,1,98.06830985915494,1
3520-FJGCV,Male,0,Yes,Yes,72,Yes,Yes,Fiber optic,Yes,Yes,Yes,Yes,Yes,Yes,Two year,Yes,Credit card (automatic),112.6,8126.65,0,60-72,0,8,1,112.87013888888889,0
6563-VRERX,Male,0,Yes,Yes,33,Yes,No,No,No,No,No,No,No,No,One year,No,Mailed check,20.6,690.25,0,24-36,0,1,0,20.916666666666668,1
0259-GBZSH,Male,0,No,No,2,Yes,Yes,Fiber optic,No,No,No,No,Yes,No,Month-to-month,Yes,Electronic check,85.65,181.5,1,0-12,1,3,1,90.75,2
6122-EFVKN,Male,0,No,Yes,24,No,No,DSL,Yes,No,No,Yes,No,No,Two year,No,Mailed check,35.75,830.8,0,12-24,0,2,0,34.61666666666667,0
2805-EDJPQ,Female,0,Yes,Yes,56,Yes,Yes,Fiber optic,No,Yes,Yes,Yes,No,Yes,One year,Yes,Credit card (automatic),99.75,5608.4,0,48-60,0,6,1,100.14999999999999,1
6862-CQUMB,Male,0,No,No,37,Yes,No,Fiber optic,No,Yes,No,No,Yes,Yes,Month-to-month,Yes,Credit card (automatic),96.1,3646.8,0,36-48,0,4,1,98.56216216216217,2
7156-MXBJE,Female,0,No,No,43,Yes,Yes,DSL,No,Yes,Yes,Yes,Yes,Yes,One year,No,Credit card (automatic),85.1,3662.25,0,36-48,0,7,1,85.1686046511628,1
6158-HDPXZ,Male,0,No,No,1,No,No,DSL,No,No,No,No,No,No,Month-to-month,No,Mailed check,25.35,25.35,0,0-12,1,0,0,25.35,2
9601-BRXPO,Female,0,Yes,No,25,Yes,Yes,Fiber optic,No,No,Yes,Yes,Yes,Yes,Month-to-month,Yes,Bank transfer (automatic),104.95,2566.5,1,24-36,0,6,1,102.66,2
2863-IMQDR,Female,0,No,No,61,Yes,Yes,DSL,Yes,Yes,Yes,Yes,Yes,Yes,Two year,No,Electronic check,89.65,5308.7,0,60-72,0,8,1,87.02786885245901,0
5686-CMAWK,Male,0,No,No,17,Yes,Yes,Fiber optic,No,No,Yes,Yes,No,No,One year,No,Electronic check,86.75,1410.25,0,12-24,0,4,1,82.95588235294117,1
5651-CRHKQ,Female,0,Yes,No,41,Yes,No,Fiber optic,No,Yes,Yes,Yes,No,No,One year,Yes,Bank transfer (automatic),86.2,3339.05,0,36-48,0,4,1,81.44024390243902,1
6905-NIQIN,Male,0,No,No,1,Yes,No,DSL,No,Yes,No,No,No,No,Month-to-month,No,Mailed check,50.65,50.65,1,0-12,1,2,1,50.65,2
8204-YJCLA,Male,1,Yes,Yes,72,No,No,DSL,Yes,Yes,Yes,Yes,Yes,Yes,Two year,Yes,Bank transfer (automatic),64.8,4732.35,0,60-72,0,6,0,65.72708333333334,0
5167-ZFFMM,Male,0,No,No,1,Yes,Yes,Fiber optic,No,Yes,No,No,No,Yes,Month-to-month,Yes,Credit card (automatic),90.85,90.85,1,0-12,1,4,1,90.85,2
6583-SZVGP,Male,0,No,No,48,Yes,Yes,Fiber optic,No,Yes,Yes,No,Yes,Yes,Two year,Yes,Bank transfer (automatic),108.1,5067.45,0,36-48,0,6,1,105.57187499999999,0
4895-TMWIR,Male,1,Yes,No,11,Yes,No,No,No,No,No,No,No,No,Month-to-month,No,Mailed check,19.95,214.75,1,0-12,0,1,0,19.522727272727273,2
0533-BNWKF,Female,1,Yes,No,55,Yes,Yes,Fiber optic,No,Yes,Yes,No,No,No,Month-to-month,Yes,Electronic check,85.45,4874.7,1,48-60,0,4,1,88.63090909090909,2
1708-PBBOA,Female,0,No,No,42,No,No,DSL,Yes,Yes,Yes,Yes,No,Yes,One year,Yes,Electronic check,54.75,2348.45,0,36-48,0,5,0,55.915476190476184,1
8782-LKFPK,Male,0,No,No,44,Yes,Yes,Fiber optic,No,No,Yes,No,No,Yes,Month-to-month,Yes,Mailed check,90.4,4063.0,0,36-48,0,4,1,92.3409090909091,2
5522-JBWMO,Male,0,No,Yes,1,Yes,No,DSL,No,No,No,No,No,No,Month-to-month,No,Electronic check,44.0,44.0,0,0-12,1,1,1,44.0,2
3597-MVHJT,Female,0,No,No,27,Yes,Yes,Fiber optic,No,No,No,No,Yes,Yes,Month-to-month,Yes,Bank transfer (automatic),95.6,2595.25,0,24-36,0,4,1,96.12037037037037,2
9774-NRNAU,Male,1,Yes,No,27,Yes,Yes,DSL,No,Yes,Yes,Yes,Yes,Yes,Month-to-month,Yes,Bank transfer (automatic),84.8,2309.55,0,24-36,0,7,1,85.53888888888889,2
0224-RLWWD,Female,1,No,No,2,Yes,No,DSL,No,No,No,No,No,No,Month-to-month,Yes,Electronic check,44.3,89.3,0,0-12,1,1,1,44.65,2
9967-ATRFS,Female,0,No,No,19,Yes,No,No,No,No,No,No,No,No,Month-to-month,No,Mailed check,19.9,367.55,0,12-24,0,1,0,19.344736842105263,2
3951-NJCVI,Female,1,Yes,No,42,Yes,Yes,Fiber optic,No,No,No,No,Yes,Yes,Month-to-month,Yes,Electronic check,95.05,3944.5,0,36-48,0,4,1,93.91666666666667,2
2977-CEBSX,Female,0,No,No,66,Yes,Yes,DSL,Yes,Yes,Yes,Yes,Yes,Yes,Two year,Yes,Credit card (automatic),90.05,5965.95,0,60-72,0,8,1,90.39318181818182,0
0177-PXBAT,Male,1,Yes,No,33,Yes,Yes,Fiber optic,Yes,No,Yes,Yes,Yes,Yes,Month-to-month,Yes,Bank transfer (automatic),109.9,3694.7,0,24-36,0,7,1,111.96060606060605,2
6599-CEBNN,Female,0,No,No,34,Yes,No,Fiber optic,No,Yes,No,No,No,No,Month-to-month,Yes,Credit card (automatic),73.95,2524.45,1,24-36,0,2,1,74.24852941176471,2
2519-ERQOJ,Male,1,No,No,33,No,No,DSL,No,No,Yes,Yes,Yes,Yes,Month-to-month,Yes,Electronic check,54.6,1803.7,0,24-36,0,4,0,54.657575757575756,2
5876-QMYLD,Female,0,Yes,Yes,23,Yes,No,No,No,No,No,No,No,No,One year,No,Mailed check,20.05,415.1,0,12-24,0,1,0,18.047826086956523,1
2277-AXSDC,Female,0,No,No,32,Yes,No,No,No,No,No,No,No,No,One year,No,Bank transfer (automatic),19.75,624.15,0,24-36,0,1,0,19.5046875,1
9442-JTWDL,Female,0,No,No,11,Yes,No,No,No,No,No,No,No,No,One year,No,Credit card (automatic),20.05,237.7,0,0-12,0,1,0,21.60909090909091,1
0979-PHULV,Male,0,Yes,Yes,69,Yes,Yes,Fiber optic,No,No,Yes,No,Yes,Yes,Month-to-month,Yes,Credit card (automatic),99.45,7007.6,1,60-72,0,5,1,101.55942028985508,2
3067-SVMTC,Female,0,Yes,No,68,Yes,No,DSL,Yes,No,No,Yes,No,No,One year,No,Bank transfer (automatic),55.9,3848.8,0,60-72,0,3,1,56.6,1
5495-GPSRW,Male,0,No,No,20,Yes,No,No,No,No,No,No,No,No,Two year,Yes,Mailed check,19.7,419.4,0,12-24,0,1,0,20.97,0
7606-BPHHN,Male,0,No,No,72,Yes,No,No,No,No,No,No,No,No,Two year,Yes,Credit card (automatic),19.8,1468.75,0,60-72,0,1,0,20.399305555555557,0
4742-DRORA,Male,0,Yes,Yes,60,Yes,Yes,Fiber optic,Yes,No,Yes,No,Yes,No,One year,Yes,Bank transfer (automatic),95.4,5812.0,0,48-60,0,5,1,96.86666666666666,1
0111-KLBQG,Male,1,Yes,Yes,32,Yes,No,Fiber optic,No,Yes,No,No,Yes,Yes,Month-to-month,Yes,Mailed check,93.95,2861.45,0,24-36,0,4,1,89.4203125,2
4800-VHZKI,Female,0,No,No,1,Yes,No,No,No,No,No,No,No,No,Month-to-month,Yes,Mailed check,19.9,19.9,1,0-12,1,1,0,19.9,2
7989-CHGTL,Male,0,No,No,1,Yes,No,No,No,No,No,No,No,No,Month-to-month,Yes,Mailed check,19.6,19.6,1,0-12,1,1,0,19.6,2
0334-GDDSO,Male,1,No,No,3,Yes,Yes,Fiber optic,No,Yes,No,No,No,No,Month-to-month,Yes,Electronic check,81.35,233.7,1,0-12,1,3,1,77.89999999999999,2
4163-NCJAK,Female,0,Yes,No,46,Yes,Yes,No,No,No,No,No,No,No,One year,Yes,Bank transfer (automatic),24.45,1066.15,0,36-48,0,2,0,23.17717391304348,1
5233-AOZUF,Female,0,Yes,No,29,Yes,Yes,Fiber optic,No,No,No,No,No,No,Month-to-month,Yes,Electronic check,74.95,2149.05,0,24-36,0,2,1,74.10517241379311,2
5973-EJGDP,Male,0,No,No,51,Yes,Yes,Fiber optic,No,Yes,Yes,Yes,No,No,Month-to-month,Yes,Electronic check,87.35,4473.0,0,48-60,0,5,1,87.70588235294117,2
1996-DBMUS,Female,1,Yes,No,48,Yes,No,Fiber optic,No,No,No,No,No,No,Month-to-month,Yes,Bank transfer (automatic),70.65,3545.05,0,36-48,0,1,1,73.85520833333334,2
7916-VCCPB,Female,0,Yes,Yes,16,Yes,No,Fiber optic,No,Yes,No,No,No,No,Month-to-month,No,Bank transfer (automatic),73.25,1195.75,0,12-24,0,2,1,74.734375,2
4686-GEFRM,Male,0,Yes,No,70,Yes,Yes,Fiber optic,No,Yes,Yes,Yes,No,Yes,Two year,Yes,Bank transfer (automatic),98.7,6858.9,0,60-72,0,6,1,97.9842857142857,0
5249-QYHEX,Female,0,Yes,Yes,40,Yes,Yes,No,No,No,No,No,No,No,Two year,Yes,Mailed check,24.8,1024.7,0,36-48,0,2,0,25.6175,0
0578-SKVMF,Female,0,Yes,Yes,22,Yes,No,Fiber optic,No,Yes,No,No,No,Yes,Month-to-month,No,Electronic check,83.3,1845.9,1,12-24,0,3,1,83.90454545454546,2
5564-NEMQO,Female,1,No,No,1,Yes,No,Fiber optic,No,No,Yes,No,No,No,Month-to-month,Yes,Bank transfer (automatic),75.3,75.3,1,0-12,1,2,1,75.3,2
2233-FAGXV,Female,0,Yes,Yes,5,Yes,Yes,No,No,No,No,No,No,No,Month-to-month,Yes,Mailed check,24.3,132.25,0,0-12,1,2,0,26.45,2
5605-IYGFG,Female,0,No,No,7,Yes,No,Fiber optic,No,No,No,No,No,No,Month-to-month,Yes,Bank transfer (automatic),69.85,515.45,0,0-12,0,1,1,73.63571428571429,2
7663-ZTEGJ,Male,0,No,Yes,29,Yes,Yes,Fiber optic,No,Yes,Yes,Yes,No,Yes,One year,No,Credit card (automatic),100.55,2830.45,0,24-36,0,6,1,97.60172413793103,1
3935-TBRZZ,Male,0,Yes,Yes,44,Yes,Yes,No,No,No,No,No,No,No,One year,No,Mailed check,25.7,1110.5,0,36-48,0,2,0,25.238636363636363,1
8111-BKVDS,Female,0,No,No,10,No,No,DSL,Yes,Yes,Yes,No,No,No,Month-to-month,No,Bank transfer (automatic),40.7,449.3,0,0-12,0,3,0,44.93,2
2055-SIFSS,Female,1,Yes,No,55,Yes,Yes,DSL,No,No,No,No,No,No,Month-to-month,No,Bank transfer (automatic),51.65,2838.55,0,48-60,0,2,1,51.61000000000001,2
2806-MLNTI,Male,1,Yes,No,52,Yes,Yes,Fiber optic,No,Yes,Yes,No,Yes,Yes,One year,Yes,Bank transfer (automatic),105.1,5376.4,0,48-60,0,6,1,103.39230769230768,1
8734-DKSTZ,Female,0,Yes,Yes,10,Yes,Yes,Fiber optic,No,No,No,No,No,Yes,Month-to-month,No,Electronic check,85.95,858.6,0,0-12,0,3,1,85.86,2
4360-PNRQB,Male,0,No,No,18,Yes,Yes,Fiber optic,No,No,No,No,No,No,Month-to-month,Yes,Bank transfer (automatic),75.6,1395.05,0,12-24,0,2,1,77.50277777777778,2
6152-ONASV,Female,0,Yes,No,68,Yes,Yes,DSL,Yes,No,No,Yes,No,No,One year,No,Bank transfer (automatic),58.25,3975.7,0,60-72,0,4,1,58.46617647058823,1
9063-ZGTUY,Female,0,Yes,Yes,61,Yes,No,No,No,No,No,No,No,No,Month-to-month,Yes,Mailed check,19.4,1182.55,1,60-72,0,1,0,19.38606557377049,2
7781-HVGMK,Female,0,Yes,Yes,72,No,No,DSL,Yes,Yes,Yes,Yes,Yes,Yes,Two year,Yes,Credit card (automatic),65.2,4784.45,0,60-72,0,6,0,66.45069444444444,0
2181-UAESM,Male,0,No,No,2,Yes,No,DSL,Yes,No,Yes,No,No,No,Month-to-month,No,Electronic check,53.45,119.5,0,0-12,1,3,1,59.75,2
2957-LOLHO,Male,0,No,No,12,Yes,No,DSL,No,No,No,No,No,No,Month-to-month,Yes,Bank transfer (automatic),45.4,518.9,1,0-12,0,1,1,43.24166666666667,2
6048-NJXHX,Male,0,Yes,No,41,Yes,No,No,No,No,No,No,No,No,Two year,Yes,Electronic check,19.75,899.45,0,36-48,0,1,0,21.93780487804878,0
2320-SLKMB,Female,0,No,No,26,No,No,DSL,No,No,Yes,Yes,Yes,No,Month-to-month,Yes,Credit card (automatic),44.45,1183.8,0,24-36,0,3,0,45.53076923076923,2
4980-URKXC,Male,0,Yes,No,36,Yes,No,No,No,No,No,No,No,No,One year,No,Bank transfer (automatic),20.85,720.05,0,24-36,0,1,0,20.001388888888886,1
4376-KFVRS,Male,0,Yes,Yes,72,Yes,Yes,Fiber optic,Yes,Yes,Yes,Yes,Yes,Yes,Two year,Yes,Credit card (automatic),114.05,8468.2,0,60-72,0,8,1,117.6138888888889,0
5886-VLQVU,Male,0,Yes,No,35,Yes,Yes,Fiber optic,No,No,No,Yes,No,Yes,Month-to-month,Yes,Bank transfer (automatic),89.85,3161.2,0,24-36,0,4,1,90.32,2
3577-AMVUX,Male,0,No,No,1,Yes,No,DSL,No,No,Yes,Yes,No,No,Month-to-month,No,Mailed check,55.05,55.05,0,0-12,1,3,1,55.05,2
0771-WLCLA,Female,0,Yes,Yes,16,Yes,Yes,Fiber optic,Yes,No,Yes,Yes,Yes,Yes,Month-to-month,Yes,Electronic check,112.95,1882.55,0,12-24,0,7,1,117.659375,2
5628-RKIFK,Female,1,No,No,49,Yes,Yes,Fiber optic,Yes,No,No,No,Yes,Yes,Month-to-month,No,Credit card (automatic),101.55,5070.4,0,48-60,0,5,1,103.47755102040816,2
0206-TBWLC,Female,0,Yes,No,54,Yes,Yes,Fiber optic,Yes,Yes,Yes,Yes,Yes,Yes,One year,Yes,Mailed check,114.65,6049.5,0,48-60,0,8,1,112.02777777777777,1
2937-FTHUR,Female,0,No,Yes,18,Yes,Yes,DSL,Yes,No,No,No,No,Yes,Month-to-month,No,Electronic check,64.8,1166.7,0,12-24,0,4,1,64.81666666666666,2
1910-FMXJM,Female,0,Yes,No,36,Yes,No,Fiber optic,No,No,No,No,No,Yes,Month-to-month,No,Electronic check,80.4,2937.65,0,24-36,0,2,1,81.60138888888889,2
7752-XUSCI,Female,0,No,No,60,Yes,Yes,Fiber optic,No,Yes,Yes,No,Yes,Yes,Month-to-month,Yes,Electronic check,105.9,6396.45,1,48-60,0,6,1,106.6075,2
4110-PFEUZ,Female,0,No,No,1,Yes,No,Fiber optic,No,No,No,No,No,No,Month-to-month,No,Mailed check,69.55,69.55,1,0-12,1,1,1,69.55,2
0732-OCQOC,Female,0,Yes,Yes,52,Yes,Yes,No,No,No,No,No,No,No,Two year,Yes,Bank transfer (automatic),25.05,1270.25,0,48-60,0,2,0,24.427884615384617,0
5168-MSWXT,Male,0,Yes,Yes,8,Yes,No,Fiber optic,No,No,Yes,No,Yes,Yes,Month-to-month,Yes,Electronic check,94.75,759.55,0,0-12,0,4,1,94.94375,2
1090-ESELR,Male,0,Yes,Yes,72,Yes,No,Fiber optic,Yes,Yes,No,Yes,Yes,Yes,Two year,No,Bank transfer (automatic),105.5,7611.55,0,60-72,0,6,1,105.71597222222222,0
8592-PLTMQ,Female,0,No,No,64,Yes,Yes,No,No,No,No,No,No,No,One year,No,Mailed check,24.7,1642.75,0,60-72,0,2,0,25.66796875,1
5760-WRAHC,Female,1,No,No,22,Yes,No,DSL,Yes,No,Yes,Yes,No,Yes,Month-to-month,Yes,Mailed check,69.75,1545.4,0,12-24,0,5,1,70.24545454545455,2
8847-GEOOQ,Male,0,Yes,No,60,No,No,DSL,No,Yes,Yes,Yes,Yes,Yes,Month-to-month,Yes,Bank transfer (automatic),60.2,3582.4,0,48-60,0,5,0,59.70666666666667,2
0256-LTHVJ,Female,0,Yes,Yes,28,Yes,No,Fiber optic,No,No,No,No,No,Yes,Month-to-month,Yes,Electronic check,81.05,2227.1,1,24-36,0,2,1,79.53928571428571,2
4785-FCIFB,Female,0,Yes,No,61,Yes,Yes,No,No,No,No,No,No,No,Two year,No,Mailed check,24.4,1417.9,0,60-72,0,2,0,23.24426229508197,0
8313-NDOIA,Female,0,No,No,24,Yes,Yes,Fiber optic,No,Yes,Yes,No,Yes,Yes,Month-to-month,Yes,Electronic check,104.15,2494.65,0,12-24,0,6,1,103.94375000000001,2
5149-CUZUJ,Male,0,Yes,Yes,28,Yes,No,Fiber optic,No,Yes,Yes,Yes,Yes,No,One year,No,Bank transfer (automatic),92.9,2768.35,0,24-36,0,5,1,98.86964285714285,1
0942-KOWSM,Female,0,Yes,Yes,30,Yes,No,DSL,No,Yes,Yes,Yes,Yes,Yes,Two year,No,Bank transfer (automatic),80.8,2369.3,0,24-36,0,6,1,78.97666666666667,0
4237-CLSMM,Male,0,Yes,No,2,Yes,No,No,No,No,No,No,No,No,Month-to-month,No,Mailed check,20.0,38.0,0,0-12,1,1,0,19.0,2
1452-VOQCH,Male,0,No,No,1,Yes,Yes,Fiber optic,No,No,No,No,No,No,Month-to-month,Yes,Electronic check,75.1,75.1,0,0-12,1,2,1,75.1,2
4719-UMSIY,Male,0,No,Yes,6,Yes,No,No,No,No,No,No,No,No,Month-to-month,No,Mailed check,19.65,100.9,0,0-12,1,1,0,16.816666666666666,2
6614-VBEGU,Female,0,Yes,No,24,Yes,No,DSL,No,Yes,No,No,Yes,Yes,Month-to-month,Yes,Bank transfer (automatic),69.45,1614.05,0,12-24,0,4,1,67.25208333333333,2
0880-TKATG,Male,0,Yes,Yes,4,Yes,Yes,Fiber optic,No,No,Yes,No,Yes,Yes,Month-to-month,No,Electronic check,101.15,385.9,1,0-12,1,5,1,96.475,2
3811-VBYBZ,Male,0,No,No,7,Yes,Yes,Fiber optic,No,Yes,No,No,Yes,Yes,Month-to-month,Yes,Electronic check,99.8,673.25,1,0-12,0,5,1,96.17857142857143,2
1480-BKXGA,Male,1,Yes,No,72,Yes,Yes,Fiber optic,Yes,Yes,Yes,Yes,Yes,Yes,Two year,Yes,Bank transfer (automatic),116.05,8404.9,0,60-72,0,8,1,116.73472222222222,0
2996-XAUVF,Male,0,No,No,70,No,No,DSL,No,No,No,Yes,No,Yes,Two year,Yes,Mailed check,40.05,2799.75,0,60-72,0,2,0,39.996428571428574,0
9076-AXYIK,Male,1,Yes,No,64,Yes,Yes,Fiber optic,No,No,Yes,Yes,Yes,Yes,Two year,No,Electronic check,102.1,6538.45,0,60-72,0,6,1,102.16328125,0
5968-XQIVE,Male,0,Yes,Yes,72,Yes,Yes,Fiber optic,No,Yes,No,No,Yes,No,One year,Yes,Electronic check,89.7,6588.95,0,60-72,0,4,1,91.51319444444444,1
8896-RAZCR,Female,0,No,Yes,44,Yes,No,No,No,No,No,No,No,No,Two year,No,Mailed check,19.9,868.1,0,36-48,0,1,0,19.729545454545455,0
4640-UHDOS,Female,0,Yes,Yes,13,Yes,No,DSL,No,No,No,No,No,Yes,Month-to-month,No,Electronic check,55.95,734.35,1,12-24,0,2,1,56.48846153846154,2
4933-IKULF,Female,1,No,No,17,Yes,No,No,No,No,No,No,No,No,One year,No,Mailed check,20.65,330.6,0,12-24,0,1,0,19.447058823529414,1
3583-EKAPL,Male,0,No,No,1,Yes,No,DSL,No,No,No,No,No,Yes,Month-to-month,Yes,Electronic check,55.0,55.0,1,0-12,1,2,1,55.0,2
1304-BCCFO,Male,0,Yes,No,9,Yes,No,DSL,No,No,Yes,No,Yes,Yes,Month-to-month,Yes,Mailed check,70.05,564.4,0,0-12,0,4,1,62.71111111111111,2
4104-PVRPS,Male,0,Yes,No,24,Yes,No,DSL,Yes,No,No,Yes,No,No,Month-to-month,No,Mailed check,53.6,1315.35,0,12-24,0,3,1,54.80625,2
9399-APLBT,Female,0,Yes,Yes,1,Yes,No,Fiber optic,No,Yes,No,No,No,No,Month-to-month,Yes,Electronic check,74.7,74.7,1,0-12,1,2,1,74.7,2
2359-KMGLI,Male,0,No,No,24,Yes,Yes,Fiber optic,No,Yes,No,No,No,No,Month-to-month,Yes,Electronic check,80.25,1861.5,1,12-24,0,3,1,77.5625,2
3780-DDGSE,Male,1,Yes,Yes,35,Yes,No,DSL,No,Yes,No,Yes,Yes,Yes,Month-to-month,Yes,Electronic check,76.05,2747.2,0,24-36,0,5,1,78.49142857142857,2
4431-EDMIQ,Female,0,Yes,Yes,7,Yes,No,DSL,Yes,Yes,Yes,Yes,Yes,No,Month-to-month,Yes,Electronic check,75.7,554.05,0,0-12,0,6,1,79.14999999999999,2
0306-JAELE,Male,0,No,No,5,Yes,No,Fiber optic,No,No,No,Yes,Yes,Yes,Month-to-month,Yes,Electronic check,96.1,453.4,1,0-12,1,4,1,90.67999999999999,2
6227-HWPWX,Female,0,No,Yes,15,Yes,No,Fiber optic,No,No,No,No,No,No,Month-to-month,No,Bank transfer (automatic),69.0,994.8,1,12-24,0,1,1,66.32,2
0486-LGCCH,Male,0,Yes,Yes,11,Yes,No,No,No,No,No,No,No,No,Two year,No,Mailed check,19.65,225.75,0,0-12,0,1,0,20.522727272727273,0
0447-BEMNG,Female,0,Yes,No,48,No,No,DSL,Yes,No,Yes,No,No,Yes,Month-to-month,Yes,Bank transfer (automatic),45.3,2145.0,1,36-48,0,3,0,44.6875,2
4612-SSVHJ,Female,1,No,No,20,Yes,No,Fiber optic,No,No,No,No,No,Yes,Month-to-month,Yes,Electronic check,81.45,1671.6,0,12-24,0,2,1,83.58,2
5168-MQQCA,Female,0,Yes,No,72,Yes,Yes,Fiber optic,No,Yes,Yes,Yes,Yes,Yes,One year,Yes,Bank transfer (automatic),108.5,8003.8,0,60-72,0,7,1,111.16388888888889,1
5949-XIKAE,Female,0,Yes,Yes,8,Yes,No,Fiber optic,No,Yes,No,No,Yes,No,Month-to-month,Yes,Electronic check,83.55,680.05,1,0-12,0,3,1,85.00625,2
7971-HLVXI,Male,0,Yes,Yes,72,Yes,Yes,Fiber optic,No,No,No,No,No,Yes,Two year,Yes,Credit card (automatic),84.5,6130.85,0,60-72,0,3,1,85.15069444444445,0
9094-AZPHK,Female,0,No,No,15,Yes,Yes,Fiber optic,No,Yes,No,No,Yes,Yes,Month-to-month,Yes,Electronic check,100.15,1415.0,0,12-24,0,5,1,94.33333333333333,2
3649-JPUGY,Male,0,No,No,72,Yes,Yes,DSL,No,Yes,Yes,Yes,Yes,Yes,Two year,Yes,Bank transfer (automatic),88.6,6201.95,0,60-72,0,7,1,86.13819444444444,0
4472-LVYGI,Female,0,Yes,Yes,0,No,No,DSL,Yes,No,Yes,Yes,Yes,No,Two year,Yes,Bank transfer (automatic),52.55,0.0,0,0-12,1,4,0,52.55,0
8372-JUXUI,Male,0,No,Yes,1,Yes,Yes,Fiber optic,No,No,No,No,No,No,Month-to-month,Yes,Electronic check,74.35,74.35,1,0-12,1,2,1,74.35,2
3552-CTCYF,Male,0,Yes,Yes,63,Yes,Yes,Fiber optic,No,Yes,Yes,No,Yes,Yes,Two year,Yes,Bank transfer (automatic),104.8,6597.25,0,60-72,0,6,1,104.71825396825396,0
6778-YSNIH,Female,0,No,No,2,Yes,No,DSL,No,Yes,No,No,Yes,No,Month-to-month,Yes,Electronic check,59.0,114.15,0,0-12,1,3,1,57.075,2
0388-EOPEX,Female,0,Yes,No,2,Yes,No,Fiber optic,Yes,No,No,No,No,No,Month-to-month,Yes,Electronic check,74.4,139.4,1,0-12,1,2,1,69.7,2
5756-OZRIO,Male,1,Yes,No,61,Yes,Yes,DSL,No,Yes,No,No,No,Yes,One year,No,Bank transfer (automatic),64.05,3902.6,0,60-72,0,4,1,63.97704918032787,1
6579-JPICP,Male,0,No,No,1,Yes,No,No,No,No,No,No,No,No,Month-to-month,No,Mailed check,20.4,20.4,0,0-12,1,1,0,20.4,2
8205-OTCHB,Male,0,No,No,22,No,No,DSL,No,Yes,Yes,No,No,Yes,One year,Yes,Bank transfer (automatic),43.75,903.6,1,12-24,0,3,0,41.07272727272727,1
4134-BSXLX,Male,0,Yes,No,28,Yes,No,DSL,Yes,Yes,No,Yes,No,No,Month-to-month,No,Mailed check,60.9,1785.65,0,24-36,0,4,1,63.77321428571429,2
0505-SPOOW,Female,0,Yes,No,70,Yes,No,No,No,No,No,No,No,No,Two year,No,Bank transfer (automatic),19.8,1397.65,0,60-72,0,1,0,19.966428571428573,0
6235-VDHOM,Female,1,No,No,5,No,No,DSL,No,Yes,No,No,No,No,Month-to-month,No,Electronic check,28.45,131.05,1,0-12,1,1,0,26.21,2
7783-YKGDV,Female,0,No,No,12,Yes,Yes,Fiber optic,Yes,Yes,Yes,No,No,Yes,Month-to-month,Yes,Bank transfer (automatic),99.7,1238.45,1,0-12,0,6,1,103.20416666666667,2
4374-YMUSQ,Male,0,No,No,34,Yes,Yes,Fiber optic,Yes,Yes,Yes,Yes,Yes,Yes,One year,No,Credit card (automatic),116.25,3899.05,0,24-36,0,8,1,114.6779411764706,1
4513-CXYIX,Female,1,Yes,No,71,Yes,Yes,Fiber optic,Yes,No,No,No,No,No,Two year,Yes,Credit card (automatic),80.7,5676.0,0,60-72,0,3,1,79.94366197183099,0
3957-HHLMR,Female,0,Yes,Yes,70,Yes,Yes,DSL,Yes,No,No,No,No,Yes,One year,No,Bank transfer (automatic),65.2,4543.15,0,60-72,0,4,1,64.90214285714285,1
7803-XOCCZ,Female,0,Yes,Yes,52,Yes,No,Fiber optic,Yes,No,Yes,Yes,No,No,Month-to-month,Yes,Bank transfer (automatic),84.05,4326.8,0,48-60,0,4,1,83.20769230769231,2
5736-YEJAX,Male,0,No,Yes,69,Yes,Yes,DSL,Yes,Yes,Yes,Yes,Yes,No,Two year,Yes,Credit card (automatic),79.45,5502.55,0,60-72,0,7,1,79.74710144927536,0
5609-CEBID,Female,1,No,No,20,Yes,Yes,Fiber optic,No,Yes,Yes,No,No,Yes,Month-to-month,Yes,Electronic check,94.1,1782.4,1,12-24,0,5,1,89.12,2
8981-FJGLA,Male,0,No,Yes,11,Yes,Yes,Fiber optic,No,No,Yes,No,No,No,Month-to-month,Yes,Mailed check,78.0,851.8,0,0-12,0,3,1,77.43636363636364,2
7218-HKQFK,Male,0,Yes,No,2,Yes,No,Fiber optic,No,No,No,Yes,Yes,Yes,Month-to-month,Yes,Electronic check,94.2,167.5,1,0-12,1,4,1,83.75,2
4636-QRJKY,Female,0,Yes,Yes,6,Yes,Yes,Fiber optic,No,No,No,Yes,No,No,Month-to-month,Yes,Electronic check,80.5,502.85,1,0-12,1,3,1,83.80833333333334,2
1135-LMECX,Female,0,No,No,1,Yes,No,No,No,No,No,No,No,No,Month-to-month,No,Mailed check,19.85,19.85,0,0-12,1,1,0,19.85,2
4332-MUOEZ,Male,1,Yes,Yes,20,Yes,No,Fiber optic,Yes,No,Yes,Yes,No,Yes,One year,No,Credit card (automatic),94.3,1818.3,0,12-24,0,5,1,90.91499999999999,1
8535-SFUTN,Male,0,No,No,61,Yes,Yes,Fiber optic,Yes,No,Yes,No,Yes,Yes,Month-to-month,Yes,Electronic check,106.45,6300.15,0,60-72,0,6,1,103.2811475409836,2
5956-VKDTT,Female,1,Yes,No,5,Yes,Yes,Fiber optic,No,No,No,No,No,No,Month-to-month,Yes,Electronic check,74.35,334.8,1,0-12,1,2,1,66.96000000000001,2
8677-HDZEE,Female,0,No,No,56,Yes,Yes,Fiber optic,No,Yes,No,Yes,Yes,Yes,Month-to-month,Yes,Bank transfer (automatic),105.45,5916.95,0,48-60,0,6,1,105.65982142857142,2
2475-MROZF,Male,0,No,No,30,Yes,Yes,Fiber optic,Yes,Yes,Yes,Yes,No,No,Month-to-month,Yes,Credit card (automatic),95.0,2852.4,0,24-36,0,6,1,95.08,2
9412-GHEEC,Male,0,No,No,40,Yes,Yes,Fiber optic,No,No,Yes,Yes,Yes,Yes,Month-to-month,No,Bank transfer (automatic),104.8,4131.95,1,36-48,0,6,1,103.29875,2
3482-ABPKK,Female,0,No,No,28,Yes,No,DSL,Yes,No,No,Yes,No,No,One year,No,Mailed check,54.3,1546.3,0,24-36,0,3,1,55.225,1
6705-LXORM,Female,1,Yes,No,5,Yes,No,Fiber optic,No,No,No,No,No,No,Month-to-month,No,Electronic check,70.05,302.6,0,0-12,1,1,1,60.52,2
0257-ZESQC,Female,1,Yes,No,27,Yes,No,Fiber optic,Yes,No,No,No,No,No,Month-to-month,Yes,Bank transfer (automatic),75.2,1929.35,1,24-36,0,2,1,71.4574074074074,2
7531-GQHME,Male,0,No,No,12,Yes,No,No,No,No,No,No,No,No,Month-to-month,No,Credit card (automatic),20.05,265.45,0,0-12,0,1,0,22.120833333333334,2
5174-ITUMV,Male,0,Yes,Yes,67,Yes,Yes,Fiber optic,No,Yes,Yes,No,Yes,Yes,One year,Yes,Electronic check,105.4,6989.45,0,60-72,0,6,1,104.32014925373134,1
4109-CYRBD,Male,1,Yes,No,29,Yes,Yes,DSL,No,No,No,No,No,No,Month-to-month,Yes,Electronic check,51.6,1442.0,0,24-36,0,2,1,49.724137931034484,2
0913-XWSCN,Male,0,Yes,Yes,55,Yes,Yes,Fiber optic,No,No,No,No,No,Yes,Month-to-month,No,Bank transfer (automatic),85.5,4713.4,0,48-60,0,3,1,85.69818181818181,2
6825-UYPFK,Female,0,No,No,23,Yes,Yes,Fiber optic,No,No,No,No,No,No,Month-to-month,No,Bank transfer (automatic),75.6,1758.6,1,12-24,0,2,1,76.4608695652174,2
8397-MVTAZ,Male,0,Yes,No,34,Yes,Yes,Fiber optic,No,No,Yes,No,Yes,Yes,Month-to-month,Yes,Electronic check,100.05,3480.0,1,24-36,0,5,1,102.3529411764706,2
0750-EBAIU,Male,0,No,No,52,Yes,No,Fiber optic,Yes,No,Yes,No,Yes,No,One year,No,Electronic check,91.25,4738.3,0,48-60,0,4,1,91.12115384615385,1
8606-CIQUL,Male,1,Yes,Yes,72,Yes,Yes,Fiber optic,Yes,Yes,Yes,Yes,Yes,Yes,Two year,Yes,Credit card (automatic),115.75,8399.15,0,60-72,0,8,1,116.6548611111111,0
3571-DPYUH,Male,0,Yes,Yes,58,Yes,Yes,Fiber optic,No,Yes,No,Yes,Yes,No,One year,Yes,Credit card (automatic),94.7,5430.35,0,48-60,0,5,1,93.62672413793103,1
7601-GNDYK,Male,0,Yes,Yes,35,Yes,No,No,No,No,No,No,No,No,Two year,No,Mailed check,19.6,686.95,0,24-36,0,1,0,19.627142857142857,0
0356-OBMAC,Female,1,No,No,56,Yes,Yes,Fiber optic,No,Yes,Yes,Yes,Yes,No,Two year,Yes,Bank transfer (automatic),99.9,5706.3,0,48-60,0,6,1,101.89821428571429,0
8067-NIOYM,Female,0,Yes,Yes,24,Yes,No,No,No,No,No,No,No,No,Two year,Yes,Credit card (automatic),21.1,490.65,0,12-24,0,1,0,20.443749999999998,0
1403-GYAFU,Male,0,Yes,Yes,70,Yes,No,No,No,No,No,No,No,No,Two year,No,Credit card (automatic),20.05,1360.25,0,60-72,0,1,0,19.432142857142857,0
4234-XTNEA,Male,0,No,No,2,Yes,No,Fiber optic,No,No,No,No,Yes,No,Month-to-month,Yes,Electronic check,79.95,174.45,0,0-12,1,2,1,87.225,2
1297-VQDRP,Male,1,Yes,Yes,68,Yes,Yes,Fiber optic,No,No,Yes,Yes,Yes,Yes,One year,Yes,Credit card (automatic),107.15,7379.8,0,60-72,0,6,1,108.5264705882353,1
9282-IZGQK,Female,0,No,No,1,Yes,Yes,Fiber optic,No,No,No,No,No,Yes,Month-to-month,Yes,Electronic check,85.0,85.0,1,0-12,1,3,1,85.0,2
5348-CAGXB,Male,0,No,No,12,Yes,Yes,Fiber optic,No,No,Yes,No,Yes,No,Month-to-month,Yes,Electronic check,89.55,1021.75,0,0-12,0,4,1,85.14583333333333,2
0621-HJWXJ,Female,0,Yes,No,63,Yes,Yes,Fiber optic,No,Yes,No,No,No,No,Month-to-month,Yes,Bank transfer (automatic),81.55,5029.05,0,60-72,0,3,1,79.82619047619048,2
5844-QVTAT,Female,0,Yes,Yes,33,Yes,No,DSL,Yes,Yes,Yes,No,No,No,One year,Yes,Mailed check,58.45,1955.4,0,24-36,0,4,1,59.25454545454546,1
8905-IAZPF,Female,0,Yes,No,69,Yes,No,Fiber optic,No,Yes,No,No,Yes,Yes,One year,Yes,Credit card (automatic),95.65,6744.2,0,60-72,0,4,1,97.74202898550725,1
5394-MEITZ,Female,0,Yes,Yes,60,Yes,No,DSL,No,Yes,Yes,Yes,Yes,Yes,Two year,Yes,Bank transfer (automatic),80.6,4946.7,0,48-60,0,6,1,82.445,0
6859-QNXIQ,Female,0,Yes,Yes,72,Yes,Yes,Fiber optic,Yes,Yes,Yes,Yes,Yes,Yes,Two year,Yes,Bank transfer (automatic),113.1,8248.5,0,60-72,0,8,1,114.5625,0
2782-LFZVW,Female,0,No,No,11,Yes,Yes,DSL,No,No,No,No,No,Yes,Month-to-month,Yes,Mailed check,58.95,601.6,0,0-12,0,3,1,54.690909090909095,2
2866-IKBTM,Female,0,No,No,1,Yes,No,No,No,No,No,No,No,No,Month-to-month,No,Mailed check,19.55,19.55,0,0-12,1,1,0,19.55,2
1342-JPNKI,Male,0,No,No,10,Yes,Yes,Fiber optic,No,No,No,No,Yes,No,Month-to-month,Yes,Bank transfer (automatic),86.05,834.1,1,0-12,0,3,1,83.41,2
2817-NTQDO,Male,0,No,No,13,No,No,DSL,Yes,No,No,Yes,Yes,No,Month-to-month,Yes,Credit card (automatic),45.55,597.0,1,12-24,0,3,0,45.92307692307692,2
7129-AZJDE,Male,0,Yes,Yes,34,Yes,No,Fiber optic,No,No,No,No,No,Yes,One year,Yes,Bank transfer (automatic),78.95,2647.2,0,24-36,0,2,1,77.85882352941177,1
6986-IJDHX,Male,0,Yes,Yes,39,Yes,No,Fiber optic,No,Yes,No,No,Yes,No,Month-to-month,Yes,Mailed check,86.3,3266.0,1,36-48,0,3,1,83.74358974358974,2
2560-PPCHE,Female,0,No,No,65,Yes,Yes,Fiber optic,No,Yes,No,Yes,Yes,Yes,One year,Yes,Bank transfer (automatic),105.05,6744.25,0,60-72,0,6,1,103.75769230769231,1
4676-MQUEA,Male,1,Yes,No,50,Yes,Yes,Fiber optic,Yes,Yes,Yes,No,Yes,No,One year,Yes,Bank transfer (automatic),101.9,5265.5,0,48-60,0,6,1,105.31,1
8138-EALND,Male,0,No,No,15,Yes,No,No,No,No,No,No,No,No,Month-to-month,No,Mailed check,19.75,311.6,0,12-24,0,1,0,20.773333333333333,2
3580-HYCSP,Male,0,Yes,Yes,72,Yes,Yes,Fiber optic,Yes,Yes,Yes,No,Yes,Yes,Two year,Yes,Bank transfer (automatic),110.3,7966.9,0,60-72,0,7,1,110.65138888888889,0
1352-HNSAW,Female,0,Yes,Yes,72,Yes,Yes,Fiber optic,Yes,Yes,Yes,Yes,Yes,Yes,Two year,Yes,Bank transfer (automatic),115.6,8220.4,0,60-72,0,8,1,114.17222222222222,0
2075-PUEPR,Male,0,Yes,Yes,55,Yes,No,No,No,No,No,No,No,No,Two year,No,Bank transfer (automatic),19.35,1153.25,0,48-60,0,1,0,20.96818181818182,0
1982-FEBTD,Female,0,Yes,Yes,23,Yes,Yes,No,No,No,No,No,No,No,Two year,Yes,Credit card (automatic),25.6,514.75,0,12-24,0,2,0,22.380434782608695,0
5301-GAUUY,Male,0,No,No,32,Yes,Yes,Fiber optic,No,Yes,No,No,No,No,Month-to-month,Yes,Bank transfer (automatic),80.35,2596.15,1,24-36,0,3,1,81.1296875,2
5791-KAJFD,Female,0,Yes,Yes,56,Yes,Yes,DSL,Yes,No,Yes,No,No,Yes,One year,Yes,Bank transfer (automatic),68.75,3808.0,0,48-60,0,5,1,68.0,1
2654-VBVPB,Female,0,No,No,1,Yes,No,No,No,No,No,No,No,No,Month-to-month,No,Bank transfer (automatic),19.9,19.9,0,0-12,1,1,0,19.9,2
1154-HYWWO,Male,0,No,No,38,Yes,No,DSL,Yes,Yes,No,Yes,Yes,No,One year,No,Mailed check,70.6,2708.2,0,36-48,0,5,1,71.26842105263158,1
2501-XWWTZ,Male,0,No,No,11,Yes,No,Fiber optic,No,No,No,No,No,No,Month-to-month,No,Electronic check,70.2,760.05,0,0-12,0,1,1,69.09545454545454,2
3716-UVSPD,Male,0,No,No,1,Yes,No,DSL,No,No,No,Yes,No,No,Month-to-month,Yes,Electronic check,49.3,49.3,0,0-12,1,2,1,49.3,2
6815-ABQFQ,Male,0,Yes,No,56,Yes,Yes,Fiber optic,No,Yes,No,Yes,Yes,Yes,One year,Yes,Electronic check,107.25,6033.3,0,48-60,0,6,1,107.7375,1
7343-EOBEU,Male,0,Yes,No,3,Yes,Yes,No,No,No,No,No,No,No,Month-to-month,Yes,Mailed check,23.6,89.05,0,0-12,1,2,0,29.683333333333334,2
3701-SFMUH,Male,0,Yes,Yes,7,Yes,No,DSL,Yes,No,No,No,Yes,Yes,Month-to-month,No,Credit card (automatic),69.7,516.15,0,0-12,0,4,1,73.73571428571428,2
6103-LIANB,Male,0,Yes,Yes,59,Yes,Yes,Fiber optic,No,No,Yes,No,Yes,Yes,Two year,Yes,Credit card (automatic),99.5,5861.75,0,48-60,0,5,1,99.35169491525424,0
7319-VENRZ,Male,0,No,No,7,Yes,No,DSL,No,No,Yes,Yes,Yes,No,Month-to-month,No,Bank transfer (automatic),64.3,445.95,0,0-12,0,4,1,63.707142857142856,2
5846-NEQVZ,Male,0,Yes,Yes,71,Yes,No,DSL,Yes,No,Yes,Yes,No,Yes,Two year,Yes,Credit card (automatic),70.85,4973.4,0,60-72,0,5,1,70.04788732394366,0
6967-QIQRV,Male,0,Yes,Yes,15,Yes,No,Fiber optic,Yes,No,No,Yes,Yes,Yes,One year,No,Electronic check,101.9,1667.25,0,12-24,0,5,1,111.15,1
5781-RFZRP,Male,0,Yes,No,71,Yes,Yes,DSL,Yes,Yes,No,Yes,Yes,No,Two year,No,Credit card (automatic),73.5,5357.75,0,60-72,0,6,1,75.46126760563381,0
0939-YAPAF,Female,0,No,No,35,Yes,Yes,Fiber optic,No,No,Yes,No,Yes,Yes,Month-to-month,Yes,Electronic check,100.25,3527.6,1,24-36,0,5,1,100.78857142857143,2
0308-IVGOK,Female,0,No,No,11,No,No,DSL,No,Yes,Yes,Yes,No,No,One year,Yes,Credit card (automatic),40.4,422.6,0,0-12,0,3,0,38.41818181818182,1
7293-LSCDV,Female,0,Yes,Yes,60,Yes,No,No,No,No,No,No,No,No,Two year,Yes,Credit card (automatic),19.25,1103.25,0,48-60,0,1,0,18.3875,0
7025-WCBNE,Male,1,No,No,47,Yes,Yes,DSL,No,Yes,No,Yes,No,No,Two year,No,Bank transfer (automatic),59.6,2754.0,0,36-48,0,4,1,58.59574468085106,0
5756-JYOJT,Female,0,No,No,11,Yes,No,DSL,No,No,Yes,Yes,No,Yes,One year,No,Credit card (automatic),64.9,697.25,0,0-12,0,4,1,63.38636363636363,1
4710-FDUIZ,Male,0,Yes,No,56,Yes,Yes,Fiber optic,No,Yes,No,No,Yes,Yes,One year,No,Credit card (automatic),100.3,5614.45,1,48-60,0,5,1,100.25803571428571,1
6030-REHUX,Female,1,Yes,No,28,Yes,Yes,Fiber optic,No,Yes,Yes,Yes,Yes,Yes,Month-to-month,Yes,Electronic check,110.85,3204.4,0,24-36,0,7,1,114.44285714285715,2
9548-LIGTA,Male,0,Yes,No,61,Yes,No,DSL,Yes,Yes,No,Yes,Yes,Yes,Two year,Yes,Mailed check,81.05,4747.65,0,60-72,0,6,1,77.83032786885245,0
5150-LJNSR,Male,0,Yes,Yes,31,Yes,Yes,Fiber optic,Yes,No,Yes,No,Yes,No,One year,No,Bank transfer (automatic),98.05,3082.1,0,24-36,0,5,1,99.42258064516129,1
8270-RKSAP,Male,0,No,No,9,Yes,No,Fiber optic,No,No,No,No,No,No,Month-to-month,Yes,Electronic check,70.5,597.9,0,0-12,0,1,1,66.43333333333334,2
6522-YRBXD,Male,1,Yes,No,35,Yes,Yes,Fiber optic,Yes,Yes,No,No,No,Yes,Month-to-month,Yes,Electronic check,94.55,3365.4,0,24-36,0,5,1,96.15428571428572,2
2640-LYMOV,Male,0,No,No,2,Yes,No,No,No,No,No,No,No,No,Month-to-month,Yes,Mailed check,19.65,38.8,0,0-12,1,1,0,19.4,2
1218-VKFPE,Female,0,Yes,Yes,12,Yes,No,No,No,No,No,No,No,No,Month-to-month,No,Mailed check,19.0,233.55,1,0-12,0,1,0,19.462500000000002,2
3627-FHKBK,Female,0,No,No,1,Yes,No,Fiber optic,Yes,No,No,No,No,No,Month-to-month,No,Mailed check,75.3,75.3,1,0-12,1,2,1,75.3,2
2865-TCHJW,Female,1,No,No,4,Yes,Yes,Fiber optic,No,No,Yes,No,Yes,No,Month-to-month,Yes,Electronic check,89.2,346.2,1,0-12,1,4,1,86.55,2
1423-BMPBQ,Female,0,Yes,Yes,1,Yes,No,No,No,No,No,No,No,No,Month-to-month,Yes,Mailed check,19.0,19.0,0,0-12,1,1,0,19.0,2
2393-DIVAI,Female,0,No,No,3,Yes,No,No,No,No,No,No,No,No,Month-to-month,Yes,Mailed check,20.0,61.7,0,0-12,1,1,0,20.566666666666666,2
5192-EBGOV,Female,1,No,No,1,Yes,Yes,Fiber optic,No,No,No,No,Yes,No,Month-to-month,Yes,Electronic check,85.7,85.7,1,0-12,1,3,1,85.7,2
4568-KNYWR,Male,0,No,No,52,Yes,No,DSL,Yes,Yes,No,No,Yes,No,Two year,Yes,Credit card (automatic),63.25,3342.45,0,48-60,0,4,1,64.27788461538461,0
8752-IMQOS,Male,0,Yes,Yes,5,Yes,No,No,No,No,No,No,No,No,One year,No,Mailed check,20.1,85.1,0,0-12,1,1,0,17.02,1
0742-LAFQK,Male,0,Yes,No,72,Yes,Yes,Fiber optic,Yes,Yes,Yes,No,No,Yes,Two year,Yes,Electronic check,99.15,7422.1,0,60-72,0,6,1,103.08472222222223,0
0795-LAFGP,Male,0,Yes,Yes,71,Yes,Yes,DSL,Yes,Yes,Yes,Yes,Yes,Yes,Two year,No,Electronic check,90.4,6668.05,0,60-72,0,8,1,93.91619718309859,0
0619-OLYUR,Male,0,Yes,No,72,Yes,Yes,Fiber optic,Yes,No,Yes,Yes,Yes,Yes,Two year,Yes,Credit card (automatic),111.9,8071.05,0,60-72,0,7,1,112.09791666666666,0
5512-IDZEI,Male,0,Yes,Yes,46,Yes,Yes,No,No,No,No,No,No,No,One year,No,Electronic check,24.9,1174.8,0,36-48,0,2,0,25.539130434782606,1
0459-SPZHJ,Male,0,Yes,Yes,63,Yes,Yes,DSL,Yes,Yes,Yes,No,Yes,Yes,Two year,No,Credit card (automatic),83.5,5435.0,0,60-72,0,7,1,86.26984126984127,0
0215-BQKGS,Male,0,No,No,30,Yes,No,Fiber optic,Yes,Yes,Yes,No,No,No,Month-to-month,Yes,Credit card (automatic),84.3,2438.6,0,24-36,0,4,1,81.28666666666666,2
9244-ZVAPM,Male,0,No,No,1,Yes,No,DSL,No,No,No,No,No,No,Month-to-month,No,Mailed check,45.6,45.6,0,0-12,1,1,1,45.6,2
0719-SYFRB,Female,0,No,No,12,Yes,Yes,DSL,Yes,No,Yes,Yes,No,No,Month-to-month,Yes,Mailed check,61.65,713.75,1,0-12,0,5,1,59.479166666666664,2
8208-EUMTE,Male,0,No,No,16,No,No,DSL,Yes,Yes,Yes,Yes,Yes,No,Two year,No,Mailed check,54.85,916.15,0,12-24,0,5,0,57.259375,0
5172-MIGPM,Male,0,No,No,4,Yes,Yes,DSL,No,No,No,Yes,No,Yes,Month-to-month,No,Mailed check,65.55,237.2,0,0-12,1,4,1,59.3,2
1710-RCXUS,Male,0,Yes,No,51,Yes,Yes,Fiber optic,No,Yes,No,No,No,Yes,One year,Yes,Credit card (automatic),90.35,4614.55,0,48-60,0,4,1,90.48137254901961,1
0374-FIUCA,Male,0,Yes,No,65,Yes,No,No,No,No,No,No,No,No,Two year,Yes,Credit card (automatic),20.4,1414.45,0,60-72,0,1,0,21.76076923076923,0
5839-SUYVZ,Male,0,No,No,16,Yes,No,Fiber optic,No,No,No,Yes,No,No,Month-to-month,Yes,Credit card (automatic),74.55,1170.5,0,12-24,0,2,1,73.15625,2
5173-ZXXXL,Male,0,No,No,2,Yes,No,No,No,No,No,No,No,No,One year,No,Mailed check,19.95,47.7,0,0-12,1,1,0,23.85,1
1096-ADRUX,Female,0,Yes,Yes,66,Yes,Yes,Fiber optic,No,No,No,No,No,No,One year,Yes,Bank transfer (automatic),74.25,4859.25,0,60-72,0,2,1,73.625,1
2001-MCUUW,Male,0,No,No,46,Yes,Yes,Fiber optic,No,Yes,Yes,Yes,Yes,Yes,Two year,No,Electronic check,108.65,4903.2,0,36-48,0,7,1,106.59130434782608,0
2731-GJRDG,Female,0,No,No,32,Yes,Yes,Fiber optic,Yes,No,Yes,Yes,Yes,Yes,One year,Yes,Bank transfer (automatic),109.55,3608.0,0,24-36,0,7,1,112.75,1
4723-BEGSG,Male,0,Yes,No,72,Yes,Yes,DSL,Yes,No,Yes,Yes,Yes,Yes,Two year,No,Credit card (automatic),86.65,6094.25,0,60-72,0,7,1,84.64236111111111,0
6516-NKQBO,Male,0,Yes,Yes,38,Yes,No,DSL,Yes,No,Yes,Yes,Yes,Yes,Two year,No,Credit card (automatic),81.0,3084.9,0,36-48,0,6,1,81.18157894736842,0
8672-OAUPW,Male,0,No,Yes,51,Yes,No,DSL,No,No,No,Yes,No,No,One year,No,Credit card (automatic),47.85,2356.75,0,48-60,0,2,1,46.21078431372549,1
8207-DMRVL,Male,0,Yes,Yes,72,Yes,Yes,Fiber optic,Yes,Yes,Yes,Yes,Yes,Yes,Two year,No,Bank transfer (automatic),114.55,8306.05,0,60-72,0,8,1,115.36180555555555,0
3419-SNJJD,Female,1,Yes,No,65,Yes,Yes,Fiber optic,Yes,No,Yes,No,Yes,Yes,Month-to-month,No,Bank transfer (automatic),105.25,6786.4,1,60-72,0,6,1,104.40615384615384,2
6543-CPZMK,Male,0,Yes,Yes,9,No,No,DSL,No,Yes,No,No,No,No,Month-to-month,Yes,Electronic check,29.95,248.95,1,0-12,0,1,0,27.66111111111111,2
4765-OXPPD,Female,0,Yes,Yes,9,Yes,No,DSL,Yes,Yes,Yes,Yes,No,No,Month-to-month,No,Mailed check,65.0,663.05,1,0-12,0,5,1,73.67222222222222,2
2804-ETQDK,Male,0,No,Yes,66,Yes,No,No,No,No,No,No,No,No,Two year,No,Mailed check,20.55,1357.1,0,60-72,0,1,0,20.562121212121212,0
6689-VRRTK,Female,1,No,No,44,Yes,Yes,Fiber optic,Yes,Yes,Yes,No,Yes,Yes,One year,Yes,Credit card (automatic),109.8,4860.35,0,36-48,0,7,1,110.4625,1
7138-GIRSH,Male,0,No,No,50,Yes,Yes,DSL,No,No,Yes,Yes,No,Yes,Two year,No,Bank transfer (automatic),69.5,3418.2,0,48-60,0,5,1,68.36399999999999,0
9396-ZSFLL,Female,0,No,No,15,Yes,Yes,DSL,No,No,No,No,No,No,Month-to-month,No,Mailed check,48.85,631.4,0,12-24,0,2,1,42.093333333333334,2
6464-KEXXH,Male,0,No,No,8,No,No,DSL,No,No,No,No,No,No,Month-to-month,Yes,Credit card (automatic),25.25,186.3,0,0-12,0,0,0,23.2875,2
7134-MJPDY,Female,1,No,No,66,Yes,Yes,Fiber optic,No,No,Yes,Yes,Yes,Yes,One year,Yes,Credit card (automatic),102.85,6976.75,0,60-72,0,6,1,105.70833333333333,1
5240-CAOYT,Female,0,No,No,57,Yes,Yes,Fiber optic,Yes,Yes,No,Yes,No,No,Month-to-month,Yes,Bank transfer (automatic),87.55,4884.85,0,48-60,0,5,1,85.69912280701755,2
4059-IIEBK,Female,0,No,No,7,Yes,Yes,Fiber optic,No,Yes,No,No,No,No,Month-to-month,Yes,Bank transfer (automatic),78.55,522.95,0,0-12,0,3,1,74.70714285714287,2
4881-JVQOD,Male,1,Yes,Yes,10,No,No,DSL,No,No,No,No,No,Yes,Month-to-month,Yes,Bank transfer (automatic),34.55,362.6,0,0-12,0,1,0,36.260000000000005,2
0516-UXRMT,Female,0,No,No,62,Yes,Yes,Fiber optic,Yes,Yes,Yes,No,No,No,One year,Yes,Electronic check,92.05,5755.8,0,60-72,0,5,1,92.83548387096775,1
4851-BQDNX,Male,0,Yes,Yes,40,Yes,No,Fiber optic,No,No,Yes,No,Yes,No,One year,Yes,Electronic check,85.05,3355.65,0,36-48,0,3,1,83.89125,1
5148-HKFIR,Female,0,No,No,20,Yes,No,No,No,No,No,No,No,No,Two year,No,Mailed check,19.7,406.95,0,12-24,0,1,0,20.3475,0
1009-IRMNA,Female,0,No,No,7,Yes,No,No,No,No,No,No,No,No,Month-to-month,No,Bank transfer (automatic),20.0,137.6,1,0-12,0,1,0,19.657142857142855,2
3003-CMDUU,Female,0,Yes,No,25,Yes,No,Fiber optic,No,No,No,Yes,Yes,Yes,Month-to-month,Yes,Electronic check,95.15,2395.7,0,24-36,0,4,1,95.82799999999999,2
5016-IBERQ,Male,0,Yes,No,23,Yes,Yes,Fiber optic,No,Yes,Yes,No,No,No,Month-to-month,No,Electronic check,84.25,1968.1,0,12-24,0,4,1,85.5695652173913,2
6797-UCJHZ,Female,1,Yes,No,66,Yes,Yes,Fiber optic,No,Yes,Yes,No,Yes,Yes,One year,No,Credit card (automatic),104.6,6819.45,0,60-72,0,6,1,103.325,1
2469-DTSGX,Female,1,No,No,72,Yes,Yes,Fiber optic,No,Yes,Yes,Yes,Yes,Yes,Two year,No,Electronic check,111.65,7943.45,0,60-72,0,7,1,110.32569444444444,0
4554-YGZIH,Male,1,Yes,No,49,Yes,Yes,Fiber optic,No,Yes,No,No,No,Yes,Month-to-month,No,Credit card (automatic),90.05,4547.25,1,48-60,0,4,1,92.80102040816327,2
5099-BAILX,Male,1,Yes,Yes,43,Yes,Yes,Fiber optic,No,Yes,Yes,Yes,Yes,Yes,Month-to-month,Yes,Bank transfer (automatic),110.75,4687.9,1,36-48,0,7,1,109.02093023255813,2
9931-KGHOA,Female,0,Yes,No,46,Yes,Yes,DSL,Yes,No,No,No,No,No,Month-to-month,No,Bank transfer (automatic),55.0,2473.95,0,36-48,0,3,1,53.78152173913043,2
1775-KWJKQ,Male,0,Yes,Yes,72,Yes,Yes,DSL,Yes,Yes,Yes,Yes,Yes,Yes,Two year,No,Credit card (automatic),89.85,6562.9,0,60-72,0,8,1,91.15138888888889,0
7665-VIGUD,Male,0,No,No,10,Yes,No,No,No,No,No,No,No,No,One year,No,Mailed check,20.35,176.3,0,0-12,0,1,0,17.630000000000003,1
9411-TPQQV,Female,0,No,No,40,No,No,DSL,Yes,No,No,Yes,Yes,Yes,One year,Yes,Bank transfer (automatic),54.55,2236.2,0,36-48,0,4,0,55.904999999999994,1
7207-RMRDB,Female,0,Yes,Yes,65,Yes,Yes,Fiber optic,No,Yes,Yes,No,Yes,Yes,Month-to-month,Yes,Electronic check,105.5,6985.65,1,60-72,0,6,1,107.47153846153846,2
7954-MLBUN,Male,0,No,No,31,Yes,No,Fiber optic,No,No,Yes,Yes,Yes,Yes,Two year,No,Bank transfer (automatic),99.45,3109.9,0,24-36,0,5,1,100.31935483870969,0
2077-DDHJK,Female,0,Yes,No,68,Yes,Yes,DSL,Yes,Yes,Yes,Yes,No,No,Two year,No,Credit card (automatic),70.9,4911.35,0,60-72,0,6,1,72.22573529411765,0
4913-EHYUI,Male,1,Yes,Yes,56,Yes,Yes,Fiber optic,Yes,No,Yes,No,Yes,Yes,One year,Yes,Bank transfer (automatic),104.55,5794.65,1,48-60,0,6,1,103.47589285714285,1
0195-IESCP,Male,0,Yes,No,10,Yes,Yes,Fiber optic,No,No,No,No,No,Yes,Month-to-month,Yes,Electronic check,85.25,855.3,1,0-12,0,3,1,85.53,2
9574-BOSMD,Male,0,Yes,Yes,68,Yes,Yes,No,No,No,No,No,No,No,Two year,No,Bank transfer (automatic),25.4,1620.2,0,60-72,0,2,0,23.826470588235296,0
4580-TMHJU,Female,0,Yes,Yes,43,Yes,No,DSL,No,No,No,No,Yes,No,Month-to-month,No,Electronic check,56.15,2499.3,1,36-48,0,2,1,58.12325581395349,2
0970-ETWGE,Male,0,No,No,1,Yes,No,Fiber optic,No,No,No,No,Yes,Yes,Month-to-month,Yes,Electronic check,89.55,89.55,1,0-12,1,3,1,89.55,2
4908-XAXAY,Female,1,No,No,49,Yes,No,Fiber optic,No,Yes,Yes,No,No,Yes,One year,Yes,Bank transfer (automatic),89.85,4287.2,0,48-60,0,4,1,87.4938775510204,1
8404-VLQFB,Female,0,Yes,Yes,15,Yes,Yes,No,No,No,No,No,No,No,Month-to-month,Yes,Electronic check,25.25,394.85,0,12-24,0,2,0,26.323333333333334,2
1626-ERCMM,Male,1,Yes,No,20,Yes,Yes,Fiber optic,No,No,No,No,Yes,Yes,Month-to-month,Yes,Electronic check,94.55,1899.65,1,12-24,0,4,1,94.9825,2
0887-HJGAR,Male,0,No,No,1,Yes,No,DSL,No,No,No,No,No,No,Month-to-month,Yes,Mailed check,45.7,45.7,1,0-12,1,1,1,45.7,2
2391-IPLOP,Male,0,Yes,Yes,50,Yes,Yes,DSL,No,No,Yes,Yes,Yes,No,One year,Yes,Electronic check,69.65,3442.15,0,48-60,0,5,1,68.843,1
5644-PDMZC,Female,1,No,No,2,Yes,Yes,Fiber optic,No,Yes,No,No,No,Yes,Month-to-month,No,Electronic check,89.5,161.5,1,0-12,1,4,1,80.75,2
3509-GWQGF,Male,1,No,No,24,Yes,No,Fiber optic,No,No,No,No,No,No,Month-to-month,No,Credit card (automatic),70.0,1732.6,0,12-24,0,1,1,72.19166666666666,2
9576-ANLXO,Female,0,No,No,3,Yes,No,Fiber optic,No,No,No,No,No,No,Month-to-month,Yes,Bank transfer (automatic),69.55,222.3,1,0-12,1,1,1,74.10000000000001,2
2024-BASKD,Female,0,No,No,1,Yes,No,Fiber optic,No,No,Yes,No,No,No,Month-to-month,Yes,Mailed check,74.6,74.6,1,0-12,1,2,1,74.6,2
5845-BZZIB,Male,0,Yes,Yes,35,Yes,No,No,No,No,No,No,No,No,Two year,No,Mailed check,20.1,655.3,0,24-36,0,1,0,18.72285714285714,0
1140-UKVZG,Female,0,No,No,17,Yes,Yes,No,No,No,No,No,No,No,Month-to-month,No,Mailed check,24.8,475.25,0,12-24,0,2,0,27.955882352941178,2
4160-AMJTL,Female,1,No,No,8,Yes,No,No,No,No,No,No,No,No,Month-to-month,No,Electronic check,19.65,164.3,1,0-12,0,1,0,20.5375,2
5183-SNMJQ,Male,0,No,No,10,Yes,No,Fiber optic,No,No,No,Yes,Yes,Yes,Month-to-month,Yes,Credit card (automatic),95.1,865.1,0,0-12,0,4,1,86.51,2
8100-PNJMH,Male,0,Yes,Yes,68,Yes,Yes,DSL,Yes,Yes,Yes,Yes,Yes,Yes,Two year,Yes,Credit card (automatic),88.85,6132.7,0,60-72,0,8,1,90.18676470588235,0
7838-LAZFO,Male,0,Yes,No,45,Yes,No,DSL,Yes,Yes,Yes,No,Yes,Yes,One year,No,Bank transfer (automatic),78.8,3597.5,0,36-48,0,6,1,79.94444444444444,1
4464-JCOLN,Male,0,Yes,Yes,2,Yes,No,No,No,No,No,No,No,No,One year,No,Mailed check,19.85,35.9,1,0-12,1,1,0,17.95,1
2085-JVGAD,Male,0,Yes,No,37,Yes,No,No,No,No,No,No,No,No,Month-to-month,No,Bank transfer (automatic),20.35,697.65,0,36-48,0,1,0,18.855405405405406,2
5650-VDUDS,Female,0,No,No,4,No,No,DSL,No,No,No,No,No,No,Month-to-month,Yes,Mailed check,24.25,96.05,1,0-12,1,0,0,24.0125,2
8095-WANWK,Female,0,No,No,10,Yes,No,DSL,No,No,No,No,No,No,Month-to-month,No,Mailed check,45.25,428.7,0,0-12,0,1,1,42.87,2
3030-ZKIWL,Male,0,No,No,1,Yes,No,No,No,No,No,No,No,No,Month-to-month,No,Mailed check,20.05,20.05,0,0-12,1,1,0,20.05,2
9565-FLVCG,Male,0,Yes,Yes,65,Yes,Yes,DSL,Yes,Yes,No,No,No,Yes,Two year,Yes,Mailed check,69.55,4459.15,0,60-72,0,5,1,68.60230769230769,0
8755-OGKNA,Female,0,Yes,Yes,57,Yes,No,No,No,No,No,No,No,No,Two year,No,Bank transfer (automatic),19.5,1167.6,0,48-60,0,1,0,20.48421052631579,0
2800-VEQXM,Female,0,No,No,3,Yes,No,Fiber optic,No,No,Yes,No,No,No,Month-to-month,Yes,Mailed check,74.75,238.1,0,0-12,1,2,1,79.36666666666666,2
7538-GWHML,Female,0,No,No,2,Yes,No,Fiber optic,No,No,No,No,No,No,Month-to-month,No,Electronic check,69.65,145.15,1,0-12,1,1,1,72.575,2
5533-RJFTJ,Male,0,No,No,49,No,No,DSL,No,No,Yes,No,No,No,Month-to-month,Yes,Bank transfer (automatic),30.2,1453.1,0,48-60,0,1,0,29.655102040816324,2
3859-CVCET,Female,0,No,No,4,Yes,No,DSL,No,No,No,No,No,No,Month-to-month,No,Mailed check,45.65,191.05,1,0-12,1,1,1,47.7625,2
0214-JHPFW,Female,0,Yes,No,70,No,No,DSL,No,Yes,Yes,Yes,Yes,Yes,Two year,No,Bank transfer (automatic),57.8,4039.3,0,60-72,0,5,0,57.70428571428572,0
5642-MHDQT,Female,0,Yes,Yes,53,Yes,No,No,No,No,No,No,No,No,One year,Yes,Bank transfer (automatic),19.85,1039.45,0,48-60,0,1,0,19.612264150943396,1
3088-FVYWK,Male,0,Yes,Yes,53,Yes,Yes,No,No,No,No,No,No,No,Two year,No,Credit card (automatic),25.55,1336.1,0,48-60,0,2,0,25.20943396226415,0
3276-HDUEG,Female,0,No,No,1,Yes,Yes,Fiber optic,No,No,No,No,No,No,Month-to-month,Yes,Mailed check,75.05,75.05,1,0-12,1,2,1,75.05,2
9092-GDZKO,Male,0,No,No,22,Yes,Yes,No,No,No,No,No,No,No,Month-to-month,Yes,Credit card (automatic),24.85,493.4,0,12-24,0,2,0,22.427272727272726,2
0823-HSCDJ,Male,1,No,No,52,No,No,DSL,No,Yes,No,No,Yes,Yes,Month-to-month,Yes,Electronic check,49.15,2550.9,1,48-60,0,3,0,49.05576923076923,2
3729-OWRVL,Male,1,No,No,65,Yes,Yes,Fiber optic,Yes,No,Yes,Yes,Yes,Yes,Two year,Yes,Electronic check,110.35,7246.15,0,60-72,0,7,1,111.47923076923077,0
2324-AALNO,Female,0,No,No,48,Yes,Yes,No,No,No,No,No,No,No,One year,No,Bank transfer (automatic),24.55,1203.95,0,36-48,0,2,0,25.082291666666666,1
0822-GAVAP,Female,0,No,No,2,No,No,DSL,No,No,No,No,No,Yes,Month-to-month,Yes,Electronic check,34.7,62.25,1,0-12,1,1,0,31.125,2
5760-IFJOZ,Male,0,No,No,3,Yes,Yes,Fiber optic,No,Yes,Yes,No,Yes,Yes,Month-to-month,No,Mailed check,107.95,313.6,0,0-12,1,6,1,104.53333333333335,2
2826-UWHIS,Male,0,Yes,No,45,Yes,Yes,Fiber optic,No,Yes,No,No,No,No,Month-to-month,No,Bank transfer (automatic),81.4,3775.85,0,36-48,0,3,1,83.90777777777778,2
1448-PWKYE,Male,0,Yes,Yes,1,Yes,No,Fiber optic,No,No,No,No,No,Yes,Month-to-month,No,Electronic check,80.0,80.0,1,0-12,1,2,1,80.0,2
7501-IWUNG,Female,0,Yes,Yes,61,Yes,No,DSL,No,No,Yes,Yes,Yes,Yes,Two year,Yes,Bank transfer (automatic),73.8,4616.05,0,60-72,0,5,1,75.67295081967214,0
4957-TREIR,Male,0,No,No,3,Yes,No,DSL,Yes,No,No,Yes,Yes,No,Month-to-month,Yes,Credit card (automatic),64.4,195.65,0,0-12,1,4,1,65.21666666666667,2
7251-LJBQN,Female,1,No,No,40,Yes,Yes,Fiber optic,No,No,Yes,Yes,Yes,Yes,One year,Yes,Credit card (automatic),103.75,4188.4,0,36-48,0,6,1,104.71,1
8040-MNRTF,Female,0,No,No,1,Yes,No,Fiber optic,No,No,No,No,No,No,Month-to-month,No,Mailed check,71.1,71.1,0,0-12,1,1,1,71.1,2
1536-HBSWP,Female,0,No,No,1,Yes,No,DSL,No,No,No,Yes,No,No,Month-to-month,Yes,Electronic check,49.9,49.9,0,0-12,1,2,1,49.9,2
5313-FPXWG,Male,0,No,No,51,Yes,Yes,No,No,No,No,No,No,No,One year,Yes,Bank transfer (automatic),24.6,1266.4,0,48-60,0,2,0,24.83137254901961,1
0067-DKWBL,Male,1,No,No,2,Yes,No,DSL,Yes,No,No,No,No,No,Month-to-month,Yes,Electronic check,49.25,91.1,1,0-12,1,2,1,45.55,2
0946-FKYTX,Male,0,No,No,52,No,No,DSL,No,Yes,No,No,No,No,One year,No,Mailed check,30.1,1623.4,0,48-60,0,1,0,31.21923076923077,1
5076-YVXCM,Male,0,No,No,51,Yes,Yes,Fiber optic,No,No,No,No,No,Yes,Month-to-month,No,Bank transfer (automatic),83.4,4149.45,0,48-60,0,3,1,81.36176470588235,2
8262-COGGB,Male,0,No,No,1,Yes,No,No,No,No,No,No,No,No,Month-to-month,Yes,Mailed check,20.45,20.45,0,0-12,1,1,0,20.45,2
6663-JOCQO,Male,0,Yes,Yes,31,Yes,Yes,DSL,Yes,Yes,No,Yes,No,Yes,One year,Yes,Bank transfer (automatic),75.25,2344.5,0,24-36,0,6,1,75.62903225806451,1
9620-QJREV,Male,0,No,Yes,47,Yes,No,No,No,No,No,No,No,No,One year,No,Credit card (automatic),20.55,1013.05,0,36-48,0,1,0,21.554255319148936,1
2276-YDAVZ,Female,0,No,No,3,Yes,Yes,Fiber optic,No,No,No,No,No,No,Month-to-month,Yes,Credit card (automatic),75.1,270.7,1,0-12,1,2,1,90.23333333333333,2
2682-KEVRP,Female,1,No,No,22,Yes,No,No,No,No,No,No,No,No,One year,Yes,Mailed check,20.05,417.0,0,12-24,0,1,0,18.954545454545453,1
2480-JZOSN,Female,0,Yes,No,1,Yes,No,No,No,No,No,No,No,No,Month-to-month,Yes,Mailed check,20.65,20.65,0,0-12,1,1,0,20.65,2
0078-XZMHT,Male,0,Yes,No,72,Yes,Yes,DSL,No,Yes,Yes,Yes,Yes,Yes,Two year,Yes,Bank transfer (automatic),85.15,6316.2,0,60-72,0,7,1,87.725,0
5896-NPFWW,Male,0,Yes,Yes,3,Yes,No,DSL,No,No,Yes,No,No,No,Month-to-month,Yes,Electronic check,50.15,168.15,1,0-12,1,2,1,56.050000000000004,2
9978-HYCIN,Male,1,Yes,Yes,47,Yes,No,Fiber optic,No,Yes,No,No,Yes,No,One year,Yes,Bank transfer (automatic),84.95,4018.05,0,36-48,0,3,1,85.4904255319149,1
8338-QIUNR,Male,0,Yes,Yes,72,Yes,Yes,DSL,Yes,No,Yes,Yes,No,No,Two year,Yes,Credit card (automatic),66.5,4811.6,0,60-72,0,5,1,66.82777777777778,0
1525-LNLOJ,Male,0,Yes,Yes,66,Yes,Yes,DSL,No,No,Yes,No,Yes,No,Two year,Yes,Bank transfer (automatic),63.3,4189.7,0,60-72,0,4,1,63.48030303030303,0
9450-TRJUU,Male,0,No,No,35,Yes,Yes,Fiber optic,No,No,No,No,Yes,No,Month-to-month,No,Electronic check,83.15,2848.45,0,24-36,0,3,1,81.38428571428571,2
1766-GKNMI,Male,0,No,No,29,Yes,Yes,Fiber optic,No,No,No,No,No,Yes,Month-to-month,Yes,Electronic check,84.9,2516.2,0,24-36,0,3,1,86.7655172413793,2
6942-LBFDP,Female,0,No,No,2,Yes,No,No,No,No,No,No,No,No,Month-to-month,Yes,Mailed check,20.55,33.6,0,0-12,1,1,0,16.8,2
1456-TWCGB,Male,0,No,No,4,Yes,No,DSL,No,Yes,No,No,No,No,Month-to-month,No,Mailed check,49.25,208.45,0,0-12,1,2,1,52.1125,2
7133-VBDCG,Female,0,No,No,25,Yes,No,Fiber optic,Yes,Yes,No,No,No,No,Month-to-month,Yes,Bank transfer (automatic),79.85,2015.35,1,24-36,0,3,1,80.61399999999999,2
7596-ZYWBB,Female,0,No,No,65,Yes,No,DSL,Yes,Yes,No,Yes,No,No,Two year,Yes,Mailed check,59.6,3739.8,0,60-72,0,4,1,57.535384615384615,0
8329-UTMVM,Male,1,No,No,27,Yes,Yes,Fiber optic,No,Yes,No,Yes,Yes,Yes,One year,Yes,Bank transfer (automatic),104.65,2964.0,0,24-36,0,6,1,109.77777777777777,1
3014-WJKSM,Male,0,Yes,No,29,Yes,No,Fiber optic,No,No,Yes,No,No,No,Month-to-month,Yes,Credit card (automatic),75.3,2263.4,0,24-36,0,2,1,78.04827586206896,2
3347-YJZZE,Male,0,Yes,Yes,29,Yes,Yes,DSL,No,Yes,Yes,No,Yes,Yes,Month-to-month,No,Credit card (automatic),80.1,2211.8,0,24-36,0,6,1,76.26896551724138,2
1029-QFBEN,Male,0,No,No,1,Yes,No,No,No,No,No,No,No,No,Month-to-month,No,Mailed check,19.55,19.55,1,0-12,1,1,0,19.55,2
7929-DMBCV,Female,0,Yes,No,20,Yes,No,Fiber optic,No,No,Yes,Yes,No,No,Month-to-month,Yes,Mailed check,81.0,1683.7,0,12-24,0,3,1,84.185,2
9661-JALZV,Female,0,No,No,58,Yes,Yes,No,No,No,No,No,No,No,Two year,Yes,Credit card (automatic),24.7,1519.0,0,48-60,0,2,0,26.189655172413794,0
5433-KYGHE,Female,0,No,Yes,14,Yes,Yes,Fiber optic,Yes,No,No,Yes,No,No,Month-to-month,Yes,Mailed check,86.0,1164.05,0,12-24,0,4,1,83.14642857142857,2
4312-KFRXN,Male,0,Yes,No,72,Yes,Yes,No,No,No,No,No,No,No,Two year,No,Mailed check,25.4,1710.9,0,60-72,0,2,0,23.762500000000003,0
5575-TPIZQ,Male,0,No,No,46,Yes,Yes,Fiber optic,Yes,No,No,No,Yes,No,Month-to-month,Yes,Credit card (automatic),89.15,4245.55,0,36-48,0,4,1,92.29456521739131,2
0114-IGABW,Female,0,Yes,No,71,No,No,DSL,No,Yes,Yes,Yes,Yes,Yes,Two year,No,Bank transfer (automatic),58.25,4145.9,0,60-72,0,5,0,58.39295774647887,0
9944-AEXBM,Male,0,No,No,32,Yes,Yes,Fiber optic,No,No,No,No,No,Yes,Month-to-month,Yes,Bank transfer (automatic),85.65,2664.3,0,24-36,0,3,1,83.259375,2
1853-ARAAQ,Female,0,No,No,26,No,No,DSL,No,No,Yes,No,Yes,Yes,Month-to-month,Yes,Credit card (automatic),50.35,1277.5,0,24-36,0,3,0,49.13461538461539,2
6952-OMNWB,Male,1,Yes,No,68,Yes,Yes,Fiber optic,No,No,Yes,No,No,No,Month-to-month,Yes,Credit card (automatic),80.35,5589.3,0,60-72,0,3,1,82.19558823529412,2
4697-LUPSU,Male,0,Yes,Yes,2,Yes,No,No,No,No,No,No,No,No,One year,No,Mailed check,20.2,34.75,0,0-12,1,1,0,17.375,1
8434-VGEQQ,Male,0,Yes,Yes,61,Yes,No,No,No,No,No,No,No,No,Two year,No,Credit card (automatic),20.55,1305.95,0,60-72,0,1,0,21.409016393442624,0
4952-YSOGZ,Female,0,Yes,Yes,4,Yes,Yes,Fiber optic,No,No,No,No,No,Yes,Month-to-month,Yes,Electronic check,85.95,381.3,1,0-12,1,3,1,95.325,2
1589-AGTLK,Male,0,No,No,3,Yes,No,DSL,No,No,No,No,No,No,Month-to-month,Yes,Electronic check,45.35,141.5,1,0-12,1,1,1,47.166666666666664,2
5244-IRFIH,Male,1,Yes,No,33,Yes,Yes,Fiber optic,No,No,No,No,Yes,Yes,Month-to-month,Yes,Electronic check,94.5,3105.55,1,24-36,0,4,1,94.10757575757576,2
6549-YMFAW,Male,1,Yes,No,9,Yes,No,No,No,No,No,No,No,No,Month-to-month,Yes,Mailed check,21.25,204.55,0,0-12,0,1,0,22.727777777777778,2
4950-HKQTE,Female,0,No,No,22,Yes,Yes,No,No,No,No,No,No,No,Two year,No,Mailed check,26.25,605.9,0,12-24,0,2,0,27.54090909090909,0
6786-OBWQR,Female,0,Yes,Yes,5,Yes,No,Fiber optic,No,No,No,No,Yes,No,Month-to-month,Yes,Electronic check,80.85,356.1,0,0-12,1,2,1,71.22,2
2684-EIWEO,Female,1,No,No,30,Yes,Yes,Fiber optic,Yes,Yes,Yes,No,No,No,Month-to-month,No,Credit card (automatic),91.7,2758.15,1,24-36,0,5,1,91.93833333333333,2
2753-JMMCV,Male,0,No,No,65,Yes,Yes,DSL,No,Yes,Yes,Yes,No,Yes,Two year,Yes,Credit card (automatic),74.2,4805.65,0,60-72,0,6,1,73.93307692307691,0
6439-GTPCA,Female,0,No,No,45,Yes,Yes,Fiber optic,No,No,Yes,Yes,No,No,Month-to-month,Yes,Electronic check,87.25,3941.7,1,36-48,0,4,1,87.59333333333333,2
6621-YOBKI,Male,0,No,No,5,Yes,No,No,No,No,No,No,No,No,Month-to-month,No,Mailed check,20.35,92.75,0,0-12,1,1,0,18.55,2
1216-JWVUX,Male,0,Yes,Yes,25,Yes,No,Fiber optic,No,Yes,No,No,No,No,Month-to-month,Yes,Electronic check,75.5,1901.05,0,24-36,0,2,1,76.042,2
7564-GHCVB,Female,0,Yes,Yes,72,Yes,Yes,Fiber optic,Yes,No,No,No,No,No,Two year,No,Bank transfer (automatic),79.05,5730.7,0,60-72,0,3,1,79.59305555555555,0
1173-NOEYG,Female,0,Yes,No,27,Yes,Yes,Fiber optic,No,No,Yes,No,No,Yes,Month-to-month,No,Bank transfer (automatic),90.15,2423.4,0,24-36,0,4,1,89.75555555555556,2
7595-EHCDL,Male,0,Yes,Yes,32,No,No,DSL,No,No,Yes,No,Yes,Yes,Month-to-month,No,Credit card (automatic),50.6,1653.45,0,24-36,0,3,0,51.6703125,2
6647-ZEDXT,Female,0,No,No,30,Yes,Yes,Fiber optic,No,Yes,Yes,Yes,Yes,Yes,One year,No,Credit card (automatic),110.45,3327.05,0,24-36,0,7,1,110.90166666666667,1
2521-NPUZR,Male,0,Yes,No,70,Yes,No,Fiber optic,Yes,Yes,Yes,Yes,No,Yes,Two year,No,Credit card (automatic),101.0,7085.5,0,60-72,0,6,1,101.22142857142858,0
1307-TVUFB,Male,1,No,No,42,Yes,Yes,Fiber optic,No,Yes,No,No,No,No,Month-to-month,Yes,Bank transfer (automatic),79.35,3344.1,0,36-48,0,3,1,79.62142857142857,2
7503-MIOGA,Female,1,Yes,No,72,Yes,Yes,DSL,Yes,Yes,Yes,Yes,Yes,Yes,Two year,Yes,Bank transfer (automatic),89.85,6697.35,0,60-72,0,8,1,93.01875000000001,0
4381-MHQDC,Female,0,No,No,47,Yes,Yes,DSL,Yes,No,Yes,Yes,No,No,Two year,Yes,Mailed check,65.0,2879.9,0,36-48,0,5,1,61.274468085106385,0
6923-JHPMP,Female,0,No,No,2,Yes,No,Fiber optic,Yes,No,Yes,No,No,No,Month-to-month,Yes,Electronic check,80.45,137.1,0,0-12,1,3,1,68.55,2
5138-WVKYJ,Male,0,No,No,10,Yes,Yes,Fiber optic,Yes,No,No,No,Yes,Yes,Month-to-month,No,Electronic check,98.55,1008.55,1,0-12,0,5,1,100.85499999999999,2
4018-PPNDW,Female,0,Yes,Yes,61,Yes,Yes,No,No,No,No,No,No,No,Two year,Yes,Mailed check,24.1,1551.6,0,60-72,0,2,0,25.43606557377049,0
1635-FJFCC,Female,0,No,No,5,Yes,No,DSL,No,No,No,No,No,No,Month-to-month,Yes,Credit card (automatic),44.05,202.15,0,0-12,1,1,1,40.43,2
2499-AJYUA,Female,1,Yes,No,72,Yes,Yes,Fiber optic,No,Yes,Yes,Yes,Yes,Yes,Two year,Yes,Credit card (automatic),110.8,7882.25,0,60-72,0,7,1,109.47569444444444,0
6919-ELBGL,Male,1,Yes,Yes,72,Yes,Yes,Fiber optic,Yes,Yes,Yes,Yes,Yes,Yes,Two year,Yes,Bank transfer (automatic),114.95,8196.4,0,60-72,0,8,1,113.83888888888889,0
3966-HRMZA,Female,1,No,No,3,Yes,No,Fiber optic,No,No,Yes,No,No,No,Month-to-month,No,Mailed check,75.05,202.9,0,0-12,1,2,1,67.63333333333334,2
6425-JWTDV,Male,0,Yes,No,48,Yes,No,No,No,No,No,No,No,No,Two year,No,Mailed check,19.25,855.1,0,36-48,0,1,0,17.814583333333335,0
8405-IGQFX,Female,0,No,No,63,Yes,No,Fiber optic,No,No,Yes,Yes,Yes,No,One year,Yes,Credit card (automatic),90.05,5817.0,0,60-72,0,4,1,92.33333333333333,1
8224-IVVPA,Female,0,No,No,27,Yes,No,DSL,Yes,Yes,No,No,No,No,Month-to-month,Yes,Mailed check,56.7,1652.95,0,24-36,0,3,1,61.220370370370375,2
9477-LGWQI,Male,0,Yes,Yes,70,Yes,No,DSL,Yes,Yes,Yes,No,Yes,Yes,Two year,Yes,Credit card (automatic),80.15,5600.15,0,60-72,0,6,1,80.00214285714286,0
1410-RSCMR,Male,0,Yes,Yes,7,Yes,No,DSL,Yes,No,Yes,Yes,No,Yes,Month-to-month,Yes,Credit card (automatic),71.35,515.75,0,0-12,0,5,1,73.67857142857143,2
3115-CZMZD,Male,0,No,Yes,0,Yes,No,No,No,No,No,No,No,No,Two year,No,Mailed check,20.25,0.0,0,0-12,1,1,0,20.25,0
0139-IVFJG,Female,0,Yes,No,2,Yes,No,Fiber optic,Yes,Yes,No,No,Yes,No,Month-to-month,No,Electronic check,90.35,190.5,0,0-12,1,4,1,95.25,2
6683-VLCTZ,Male,1,No,No,20,Yes,Yes,Fiber optic,No,No,Yes,No,Yes,Yes,Month-to-month,Yes,Electronic check,98.55,1842.8,1,12-24,0,5,1,92.14,2
5730-DBDSI,Male,0,No,No,66,Yes,No,No,No,No,No,No,No,No,Two year,No,Bank transfer (automatic),19.7,1253.8,0,60-72,0,1,0,18.996969696969696,0
0030-FNXPP,Female,0,No,No,3,Yes,No,No,No,No,No,No,No,No,Month-to-month,No,Mailed check,19.85,57.2,0,0-12,1,1,0,19.066666666666666,2
2189-WWOEW,Female,0,No,Yes,15,Yes,No,Fiber optic,No,Yes,No,No,No,Yes,Month-to-month,Yes,Bank transfer (automatic),85.9,1269.55,1,12-24,0,3,1,84.63666666666667,2
5684-FJVYR,Female,0,Yes,Yes,72,Yes,Yes,Fiber optic,Yes,Yes,No,Yes,No,No,Two year,Yes,Bank transfer (automatic),90.35,6563.4,0,60-72,0,5,1,91.15833333333333,0
4013-GUXND,Male,0,No,No,1,Yes,No,No,No,No,No,No,No,No,Month-to-month,No,Mailed check,20.8,20.8,0,0-12,1,1,0,20.8,2
1894-IGFSG,Female,0,No,No,22,Yes,No,Fiber optic,No,No,No,No,Yes,Yes,Month-to-month,No,Electronic check,89.25,1907.85,1,12-24,0,3,1,86.72045454545454,2
7379-POKDZ,Male,0,Yes,No,3,Yes,No,Fiber optic,No,No,No,No,No,No,Month-to-month,Yes,Electronic check,70.3,208.85,1,0-12,1,1,1,69.61666666666666,2
1266-NZYUI,Female,0,Yes,Yes,72,Yes,Yes,DSL,Yes,No,Yes,Yes,No,No,Two year,No,Bank transfer (automatic),66.85,4758.8,0,60-72,0,5,1,66.09444444444445,0
7969-FFOWG,Male,0,Yes,Yes,65,Yes,No,No,No,No,No,No,No,No,Two year,No,Mailed check,19.9,1292.6,0,60-72,0,1,0,19.886153846153846,0
4718-DHSMV,Female,0,No,No,11,No,No,DSL,No,No,No,No,Yes,No,Month-to-month,Yes,Mailed check,35.8,363.15,0,0-12,0,1,0,33.01363636363636,2
5175-WLYXL,Male,0,No,No,22,Yes,Yes,Fiber optic,No,Yes,No,No,No,No,Month-to-month,Yes,Mailed check,78.85,1600.25,0,12-24,0,3,1,72.73863636363636,2
7817-OMJNA,Male,0,No,No,14,Yes,No,No,No,No,No,No,No,No,One year,No,Bank transfer (automatic),20.4,275.7,0,12-24,0,1,0,19.692857142857143,1
8728-SKJLR,Male,0,No,No,41,Yes,No,Fiber optic,No,No,No,Yes,No,No,Month-to-month,Yes,Electronic check,74.25,3089.1,0,36-48,0,2,1,75.34390243902439,2
3137-NYQQI,Male,0,Yes,No,17,Yes,No,DSL,Yes,Yes,No,No,No,Yes,One year,No,Mailed check,64.8,1175.6,0,12-24,0,4,1,69.15294117647058,1
7706-DZNKK,Male,0,No,No,11,Yes,No,No,No,No,No,No,No,No,Month-to-month,Yes,Credit card (automatic),20.45,237.3,0,0-12,0,1,0,21.572727272727274,2
0236-HFWSV,Male,0,No,No,15,Yes,Yes,Fiber optic,No,No,No,No,Yes,Yes,Month-to-month,Yes,Electronic check,93.35,1444.65,1,12-24,0,4,1,96.31,2
3900-AQPHZ,Female,0,No,No,1,Yes,No,No,No,No,No,No,No,No,Month-to-month,No,Mailed check,19.9,19.9,1,0-12,1,1,0,19.9,2
5842-POCOP,Female,0,Yes,No,5,Yes,No,Fiber optic,Yes,No,Yes,No,No,Yes,Month-to-month,Yes,Mailed check,88.9,454.15,1,0-12,1,4,1,90.83,2
2037-XJFUP,Male,0,Yes,No,33,Yes,No,Fiber optic,No,No,Yes,No,Yes,Yes,One year,Yes,Electronic check,95.8,3036.75,1,24-36,0,4,1,92.02272727272727,1
8823-RLPWL,Female,0,Yes,No,72,Yes,Yes,Fiber optic,Yes,Yes,Yes,No,Yes,Yes,Two year,Yes,Credit card (automatic),110.65,8065.65,0,60-72,0,7,1,112.02291666666666,0
9505-SQFSW,Female,0,Yes,Yes,3,No,No,DSL,No,Yes,No,No,No,Yes,Month-to-month,No,Mailed check,40.3,92.5,0,0-12,1,2,0,30.833333333333332,2
7314-OXENN,Male,0,No,No,2,Yes,Yes,Fiber optic,No,Yes,No,No,No,No,Month-to-month,Yes,Electronic check,82.0,184.65,1,0-12,1,3,1,92.325,2
3758-CKOQL,Female,0,Yes,No,59,Yes,Yes,Fiber optic,Yes,Yes,Yes,Yes,No,Yes,One year,Yes,Credit card (automatic),107.0,6152.3,0,48-60,0,7,1,104.27627118644068,1
0322-CHQRU,Male,0,No,No,2,Yes,No,DSL,No,No,No,No,No,No,Month-to-month,No,Electronic check,45.35,89.5,1,0-12,1,1,1,44.75,2
5676-CFLYY,Male,0,Yes,Yes,71,Yes,No,DSL,No,Yes,No,Yes,Yes,Yes,Two year,Yes,Credit card (automatic),73.35,5154.5,0,60-72,0,5,1,72.59859154929578,0
7521-AFHAB,Female,0,Yes,Yes,5,Yes,No,DSL,No,No,No,No,No,No,Month-to-month,No,Mailed check,44.8,220.45,0,0-12,1,1,1,44.089999999999996,2
0285-INHLN,Male,0,Yes,Yes,27,Yes,No,DSL,Yes,Yes,No,No,No,No,Month-to-month,Yes,Credit card (automatic),54.75,1510.3,0,24-36,0,3,1,55.93703703703704,2
4678-DVQEO,Female,0,No,No,1,Yes,No,DSL,No,No,No,Yes,No,No,Month-to-month,Yes,Electronic check,52.2,52.2,1,0-12,1,2,1,52.2,2
5125-CNDSP,Male,0,No,Yes,63,No,No,DSL,Yes,Yes,No,Yes,No,No,One year,Yes,Bank transfer (automatic),40.6,2588.95,0,60-72,0,3,0,41.09444444444444,1
0691-IFBQW,Female,1,No,No,46,Yes,Yes,Fiber optic,Yes,Yes,Yes,No,Yes,Yes,One year,Yes,Electronic check,110.0,4874.8,1,36-48,0,7,1,105.97391304347826,1
4992-LTJNE,Male,0,Yes,Yes,72,Yes,Yes,DSL,Yes,No,No,No,No,No,Two year,No,Bank transfer (automatic),55.3,3983.6,0,60-72,0,3,1,55.327777777777776,0
2202-OUTMO,Female,0,Yes,No,34,Yes,Yes,DSL,Yes,No,No,Yes,No,No,Month-to-month,Yes,Bank transfer (automatic),60.85,2003.6,0,24-36,0,4,1,58.92941176470588,2
0810-BDHAW,Female,0,Yes,Yes,24,Yes,Yes,DSL,Yes,Yes,No,No,Yes,Yes,One year,No,Electronic check,78.4,1832.4,0,12-24,0,6,1,76.35000000000001,1
0229-LFJAF,Male,0,No,No,72,Yes,Yes,DSL,Yes,Yes,Yes,Yes,No,No,Two year,No,Bank transfer (automatic),69.65,4908.25,0,60-72,0,6,1,68.17013888888889,0
7131-ZQZNK,Female,0,Yes,Yes,60,No,No,DSL,Yes,No,Yes,Yes,Yes,Yes,Two year,No,Credit card (automatic),59.85,3590.2,0,48-60,0,5,0,59.836666666666666,0
3442-ZHHCC,Male,0,No,No,68,Yes,Yes,DSL,Yes,Yes,Yes,No,No,Yes,One year,Yes,Credit card (automatic),76.9,5023.0,0,60-72,0,6,1,73.86764705882354,1
5726-CVNYA,Female,0,Yes,Yes,8,Yes,No,No,No,No,No,No,No,No,Two year,Yes,Mailed check,19.85,146.6,0,0-12,0,1,0,18.325,0
9871-ELEYA,Female,0,No,Yes,34,Yes,No,DSL,Yes,No,Yes,Yes,Yes,No,Two year,No,Credit card (automatic),67.65,2339.3,0,24-36,0,5,1,68.8029411764706,0
4257-GAESD,Female,0,No,No,6,No,No,DSL,No,No,No,No,Yes,Yes,Month-to-month,No,Credit card (automatic),45.0,298.7,0,0-12,1,2,0,49.78333333333333,2
5173-WXOQV,Male,0,Yes,No,2,Yes,No,DSL,No,Yes,No,Yes,No,Yes,Month-to-month,Yes,Mailed check,64.2,143.65,0,0-12,1,4,1,71.825,2
2040-OBMLJ,Male,0,No,No,31,Yes,Yes,Fiber optic,No,No,No,Yes,No,No,One year,No,Credit card (automatic),81.7,2548.65,0,24-36,0,3,1,82.21451612903226,1
6286-ZHAOK,Female,0,Yes,Yes,20,Yes,Yes,No,No,No,No,No,No,No,Month-to-month,Yes,Bank transfer (automatic),25.55,507.4,0,12-24,0,2,0,25.369999999999997,2
3807-XHCJH,Female,0,Yes,Yes,1,Yes,No,No,No,No,No,No,No,No,Month-to-month,No,Electronic check,20.0,20.0,0,0-12,1,1,0,20.0,2
3009-JWMPU,Male,0,No,No,62,Yes,Yes,Fiber optic,No,No,Yes,No,Yes,Yes,One year,Yes,Electronic check,96.75,6125.4,1,60-72,0,5,1,98.79677419354839,1
5671-RQRLP,Female,1,Yes,No,70,Yes,Yes,Fiber optic,No,No,No,No,No,No,Two year,Yes,Credit card (automatic),75.65,5411.4,0,60-72,0,2,1,77.30571428571427,0
1450-GALXR,Female,0,No,No,10,Yes,Yes,Fiber optic,No,No,No,Yes,Yes,Yes,Month-to-month,Yes,Electronic check,98.5,1058.25,1,0-12,0,5,1,105.825,2
8859-AXJZP,Male,0,Yes,Yes,39,Yes,Yes,No,No,No,No,No,No,No,Two year,Yes,Mailed check,23.8,903.8,0,36-48,0,2,0,23.174358974358974,0
3174-AKMAS,Female,0,Yes,No,46,Yes,No,DSL,No,Yes,No,Yes,Yes,No,Two year,Yes,Credit card (automatic),64.2,3009.5,0,36-48,0,4,1,65.42391304347827,0
3138-BKYAV,Male,0,No,No,6,Yes,No,Fiber optic,No,Yes,No,No,Yes,No,Month-to-month,Yes,Electronic check,85.35,489.45,1,0-12,1,3,1,81.575,2
9926-PJHDQ,Female,0,Yes,Yes,72,Yes,Yes,DSL,No,No,Yes,No,Yes,Yes,Two year,Yes,Bank transfer (automatic),76.8,5468.45,0,60-72,0,5,1,75.95069444444444,0
7382-DFJTU,Male,0,No,No,18,Yes,No,DSL,No,No,Yes,Yes,No,No,Month-to-month,No,Credit card (automatic),55.2,1058.1,0,12-24,0,3,1,58.78333333333333,2
2798-NYLMZ,Male,0,Yes,No,71,Yes,Yes,Fiber optic,Yes,No,Yes,Yes,Yes,Yes,Two year,Yes,Credit card (automatic),108.55,7616.0,0,60-72,0,7,1,107.26760563380282,0
4289-DTDKW,Male,0,Yes,No,40,Yes,Yes,Fiber optic,No,Yes,No,No,Yes,Yes,Month-to-month,Yes,Electronic check,101.3,4113.1,1,36-48,0,5,1,102.82750000000001,2
1820-TQVEV,Male,0,No,No,1,Yes,No,Fiber optic,No,No,No,No,No,No,Month-to-month,Yes,Electronic check,69.55,69.55,1,0-12,1,1,1,69.55,2
2239-JALAW,Male,0,No,No,58,Yes,Yes,Fiber optic,No,Yes,Yes,No,Yes,Yes,One year,Yes,Bank transfer (automatic),103.25,6017.65,1,48-60,0,6,1,103.75258620689655,1
4853-RULSV,Male,0,No,No,70,Yes,Yes,Fiber optic,Yes,No,No,Yes,Yes,Yes,Two year,Yes,Credit card (automatic),104.0,7250.15,1,60-72,0,6,1,103.57357142857143,0
8098-TDCBU,Female,0,Yes,No,42,Yes,Yes,No,No,No,No,No,No,No,Two year,No,Electronic check,25.25,1108.2,0,36-48,0,2,0,26.385714285714286,0
3551-GAEGL,Male,0,Yes,Yes,34,No,No,DSL,Yes,No,No,No,No,No,One year,No,Bank transfer (automatic),30.4,938.65,0,24-36,0,1,0,27.60735294117647,1
4785-NKHCX,Male,1,No,No,5,Yes,No,No,No,No,No,No,No,No,Month-to-month,No,Bank transfer (automatic),20.05,94.15,0,0-12,1,1,0,18.830000000000002,2
3196-NVXLZ,Female,0,No,No,25,Yes,Yes,Fiber optic,No,No,No,No,Yes,No,Month-to-month,Yes,Mailed check,84.6,2088.05,0,24-36,0,3,1,83.522,2
6275-YDUVO,Female,0,No,No,2,Yes,No,Fiber optic,No,No,Yes,No,No,Yes,Month-to-month,Yes,Mailed check,86.2,178.7,1,0-12,1,3,1,89.35,2
0036-IHMOT,Female,0,Yes,Yes,55,Yes,No,Fiber optic,No,Yes,Yes,Yes,Yes,Yes,One year,Yes,Bank transfer (automatic),103.7,5656.75,0,48-60,0,6,1,102.85,1
0115-TFERT,Male,0,Yes,No,21,Yes,Yes,Fiber optic,No,Yes,Yes,Yes,Yes,Yes,Month-to-month,Yes,Electronic check,111.2,2317.1,1,12-24,0,7,1,110.33809523809524,2
4178-EGMON,Male,0,Yes,No,70,Yes,Yes,Fiber optic,Yes,Yes,No,Yes,No,No,Two year,Yes,Credit card (automatic),88.0,5986.45,0,60-72,0,5,1,85.52071428571428,0
4220-TINQT,Female,0,Yes,No,61,Yes,Yes,Fiber optic,No,No,Yes,Yes,Yes,Yes,Month-to-month,Yes,Electronic check,106.35,6751.35,0,60-72,0,6,1,110.67786885245903,2
5318-YKDPV,Male,0,Yes,Yes,43,Yes,No,DSL,Yes,No,Yes,Yes,Yes,Yes,Two year,Yes,Credit card (automatic),79.15,3566.6,0,36-48,0,6,1,82.94418604651163,0
7975-TZMLR,Male,0,No,No,47,Yes,Yes,Fiber optic,No,Yes,Yes,No,Yes,Yes,One year,Yes,Electronic check,103.1,4889.3,0,36-48,0,6,1,104.02765957446809,1
0295-QVKPB,Male,0,No,No,5,Yes,No,DSL,No,No,Yes,Yes,Yes,No,Month-to-month,Yes,Credit card (automatic),63.95,318.1,0,0-12,1,4,1,63.620000000000005,2
4335-BSMJS,Female,0,No,No,62,Yes,Yes,No,No,No,No,No,No,No,Two year,Yes,Credit card (automatic),25.8,1563.95,0,60-72,0,2,0,25.225,0
2311-QYMUQ,Female,0,Yes,Yes,16,Yes,No,Fiber optic,No,Yes,Yes,No,Yes,No,Month-to-month,Yes,Credit card (automatic),89.45,1430.25,1,12-24,0,4,1,89.390625,2
3643-AHCFP,Male,1,Yes,No,7,Yes,Yes,Fiber optic,No,No,No,No,Yes,Yes,Month-to-month,Yes,Bank transfer (automatic),95.6,644.35,1,0-12,0,4,1,92.05,2
9146-JRIOX,Female,0,Yes,Yes,14,Yes,Yes,No,No,No,No,No,No,No,Month-to-month,No,Mailed check,25.55,372.45,0,12-24,0,2,0,26.603571428571428,2
3104-OWCGK,Male,0,Yes,Yes,60,Yes,No,Fiber optic,No,Yes,Yes,No,Yes,No,One year,No,Electronic check,90.95,5453.4,1,48-60,0,4,1,90.89,1
5337-IIWKZ,Male,0,Yes,Yes,34,No,No,DSL,No,No,Yes,Yes,Yes,No,Month-to-month,Yes,Electronic check,44.85,1442.6,0,24-36,0,3,0,42.42941176470588,2
9101-BWFSS,Female,0,Yes,No,50,Yes,Yes,Fiber optic,Yes,Yes,No,Yes,Yes,Yes,One year,No,Electronic check,108.55,5610.7,1,48-60,0,7,1,112.214,1
9650-VBUOG,Male,0,Yes,Yes,38,Yes,Yes,No,No,No,No,No,No,No,Two year,No,Credit card (automatic),25.05,963.95,0,36-48,0,2,0,25.367105263157896,0
3487-EARAT,Female,0,Yes,Yes,70,Yes,No,DSL,Yes,Yes,Yes,Yes,No,Yes,One year,No,Credit card (automatic),74.1,5222.3,0,60-72,0,6,1,74.60428571428572,1
2672-TGEFF,Female,0,Yes,Yes,37,Yes,Yes,Fiber optic,No,Yes,No,No,Yes,No,Month-to-month,Yes,Electronic check,88.8,3340.55,0,36-48,0,4,1,90.28513513513514,2
9231-ZJYAM,Female,1,No,No,4,Yes,No,Fiber optic,No,No,No,No,Yes,No,Month-to-month,Yes,Electronic check,78.85,292.8,1,0-12,1,2,1,73.2,2
4250-WAROZ,Male,1,Yes,Yes,60,Yes,Yes,Fiber optic,Yes,Yes,No,No,No,Yes,Month-to-month,Yes,Electronic check,93.25,5774.55,0,48-60,0,5,1,96.2425,2
8184-WMOFI,Male,0,Yes,Yes,62,Yes,No,DSL,Yes,No,Yes,Yes,No,Yes,One year,No,Credit card (automatic),71.4,4487.3,0,60-72,0,5,1,72.3758064516129,1
6982-SSHFK,Male,0,No,No,1,Yes,No,DSL,No,No,No,No,No,No,Month-to-month,No,Mailed check,44.4,44.4,1,0-12,1,1,1,44.4,2
6092-QZVPP,Male,0,No,No,36,Yes,No,DSL,Yes,No,Yes,Yes,Yes,Yes,Month-to-month,Yes,Credit card (automatic),79.2,2854.95,0,24-36,0,6,1,79.30416666666666,2
4625-LAMOB,Male,0,No,No,44,Yes,No,No,No,No,No,No,No,No,Two year,No,Credit card (automatic),20.4,905.55,0,36-48,0,1,0,20.580681818181816,0
0727-BMPLR,Female,1,No,No,55,Yes,Yes,Fiber optic,No,No,Yes,No,Yes,Yes,One year,Yes,Electronic check,100.0,5509.3,1,48-60,0,5,1,100.16909090909091,1
0392-BZIUW,Female,0,Yes,No,72,Yes,Yes,Fiber optic,Yes,No,Yes,No,Yes,Yes,Two year,Yes,Credit card (automatic),105.0,7589.8,0,60-72,0,6,1,105.41388888888889,0
1038-ZAGBI,Female,0,Yes,Yes,12,Yes,No,No,No,No,No,No,No,No,One year,No,Bank transfer (automatic),19.8,229.6,1,0-12,0,1,0,19.133333333333333,1
6549-NNDYT,Female,0,No,No,13,No,No,DSL,Yes,No,No,No,No,No,Month-to-month,Yes,Bank transfer (automatic),30.85,394.1,0,12-24,0,1,0,30.315384615384616,2
3027-ZTDHO,Male,0,No,No,1,Yes,No,Fiber optic,No,No,No,No,Yes,Yes,Month-to-month,Yes,Electronic check,89.9,89.9,1,0-12,1,3,1,89.9,2
0422-OHQHQ,Female,0,Yes,Yes,15,Yes,No,No,No,No,No,No,No,No,One year,No,Mailed check,20.55,295.95,0,12-24,0,1,0,19.73,1
6916-HIJSE,Female,0,No,No,65,Yes,No,DSL,Yes,Yes,Yes,Yes,Yes,Yes,Two year,Yes,Bank transfer (automatic),84.85,5459.2,0,60-72,0,7,1,83.9876923076923,0
2316-ESMLS,Female,0,Yes,Yes,12,No,No,DSL,Yes,No,No,Yes,No,No,One year,No,Credit card (automatic),33.15,444.75,0,0-12,0,2,0,37.0625,1
9778-OGKQZ,Male,0,Yes,No,72,Yes,Yes,DSL,Yes,Yes,Yes,Yes,Yes,Yes,Two year,Yes,Credit card (automatic),92.0,6782.15,0,60-72,0,8,1,94.19652777777777,0
7408-OFWXJ,Female,0,Yes,Yes,72,Yes,Yes,DSL,Yes,Yes,Yes,Yes,Yes,Yes,Two year,No,Credit card (automatic),89.8,6510.45,0,60-72,0,8,1,90.42291666666667,0
6007-TCTST,Female,0,Yes,Yes,72,Yes,Yes,Fiber optic,Yes,Yes,Yes,Yes,Yes,Yes,Two year,Yes,Bank transfer (automatic),115.8,8476.5,0,60-72,0,8,1,117.72916666666667,0
2252-NKNSI,Male,0,No,Yes,52,Yes,Yes,DSL,Yes,Yes,No,Yes,Yes,Yes,Two year,Yes,Mailed check,85.15,4461.85,0,48-60,0,7,1,85.8048076923077,0
8713-IGZSO,Male,0,No,No,2,Yes,Yes,No,No,No,No,No,No,No,Month-to-month,No,Mailed check,24.85,62.0,0,0-12,1,2,0,31.0,2
7905-TVXTA,Female,0,No,No,5,Yes,No,DSL,Yes,No,No,Yes,Yes,No,Month-to-month,Yes,Electronic check,64.35,352.65,0,0-12,1,4,1,70.53,2
7695-PKLCZ,Female,0,No,No,68,Yes,No,No,No,No,No,No,No,No,Two year,No,Credit card (automatic),20.5,1424.9,0,60-72,0,1,0,20.954411764705885,0
2382-BCKQJ,Female,0,No,Yes,62,Yes,Yes,Fiber optic,No,No,Yes,No,Yes,Yes,One year,Yes,Electronic check,100.15,6413.65,1,60-72,0,5,1,103.44596774193548,1
8374-UULRV,Male,0,No,No,72,Yes,Yes,DSL,Yes,Yes,No,Yes,Yes,Yes,Two year,No,Credit card (automatic),86.05,6309.65,0,60-72,0,7,1,87.63402777777777,0
2207-NHRJK,Male,0,No,No,1,Yes,No,DSL,No,Yes,No,No,No,No,Month-to-month,No,Electronic check,50.8,50.8,1,0-12,1,2,1,50.8,2
3224-DFQNQ,Female,0,Yes,No,66,Yes,Yes,Fiber optic,Yes,Yes,No,Yes,No,No,One year,No,Electronic check,89.0,5898.6,0,60-72,0,5,1,89.37272727272727,1
5275-PMFUT,Male,0,Yes,Yes,72,No,No,DSL,Yes,Yes,Yes,Yes,Yes,Yes,Two year,Yes,Credit card (automatic),64.8,4719.75,0,60-72,0,6,0,65.55208333333333,0
4795-UXVCJ,Male,0,No,No,26,Yes,No,No,No,No,No,No,No,No,One year,No,Credit card (automatic),19.8,457.3,0,24-36,0,1,0,17.588461538461537,1
9777-IQHWP,Male,0,Yes,Yes,64,Yes,Yes,Fiber optic,Yes,No,Yes,No,No,Yes,Two year,No,Bank transfer (automatic),93.4,5822.3,0,60-72,0,5,1,90.9734375,0
0947-MUGVO,Male,1,Yes,No,20,Yes,No,Fiber optic,No,Yes,No,No,No,No,Month-to-month,Yes,Electronic check,73.65,1463.5,1,12-24,0,2,1,73.175,2
9944-HKVVB,Female,0,No,No,3,Yes,No,Fiber optic,No,Yes,No,No,Yes,Yes,Month-to-month,Yes,Electronic check,95.1,307.4,1,0-12,1,4,1,102.46666666666665,2
4124-MMETB,Male,0,No,No,22,Yes,Yes,Fiber optic,No,No,No,No,Yes,Yes,Month-to-month,Yes,Credit card (automatic),94.65,2104.55,1,12-24,0,4,1,95.66136363636365,2
3671-SHRSP,Male,0,Yes,No,4,Yes,No,Fiber optic,No,No,Yes,Yes,No,No,Month-to-month,Yes,Mailed check,80.6,319.15,1,0-12,1,3,1,79.7875,2
0979-MOZQI,Male,0,Yes,No,62,No,No,DSL,No,No,No,Yes,Yes,No,Two year,Yes,Bank transfer (automatic),39.0,2337.45,0,60-72,0,2,0,37.7008064516129,0
2732-ISEZX,Female,0,No,No,5,Yes,No,No,No,No,No,No,No,No,Month-to-month,Yes,Mailed check,20.5,104.3,0,0-12,1,1,0,20.86,2
3313-QKNKB,Male,0,Yes,No,59,Yes,Yes,Fiber optic,No,No,No,No,No,Yes,One year,No,Electronic check,85.55,5084.65,1,48-60,0,3,1,86.18050847457627,1
0323-XWWTN,Male,0,No,Yes,3,Yes,Yes,No,No,No,No,No,No,No,Two year,Yes,Mailed check,26.4,121.25,0,0-12,1,2,0,40.416666666666664,0
1937-OTUKY,Female,0,Yes,No,72,Yes,Yes,Fiber optic,Yes,No,Yes,Yes,Yes,No,Two year,Yes,Bank transfer (automatic),98.2,7015.9,0,60-72,0,6,1,97.44305555555555,0
1573-LGXBA,Male,0,Yes,Yes,57,Yes,No,Fiber optic,No,Yes,Yes,No,Yes,Yes,One year,Yes,Credit card (automatic),97.55,5598.0,0,48-60,0,5,1,98.21052631578948,1
1764-VUUMT,Male,0,No,Yes,66,Yes,No,No,No,No,No,No,No,No,Two year,No,Credit card (automatic),19.95,1269.1,0,60-72,0,1,0,19.228787878787877,0
5073-WXOYN,Female,0,No,No,60,No,No,DSL,No,Yes,No,No,Yes,Yes,Month-to-month,Yes,Electronic check,50.8,3027.4,1,48-60,0,3,0,50.45666666666667,2
4713-ZBURT,Male,0,No,Yes,45,Yes,Yes,Fiber optic,No,No,Yes,No,Yes,Yes,Two year,No,Bank transfer (automatic),99.7,4634.35,0,36-48,0,5,1,102.98555555555556,0
3050-GBUSH,Female,0,No,No,3,No,No,DSL,No,No,No,No,Yes,No,Month-to-month,Yes,Credit card (automatic),34.8,113.95,0,0-12,1,1,0,37.983333333333334,2
0207-MDKNV,Female,0,No,No,15,Yes,No,Fiber optic,Yes,No,Yes,Yes,Yes,Yes,Month-to-month,No,Electronic check,105.1,1582.75,1,12-24,0,6,1,105.51666666666667,2
7876-AEHIG,Female,0,No,Yes,51,No,No,DSL,Yes,No,Yes,Yes,Yes,Yes,One year,No,Bank transfer (automatic),60.15,3077.0,0,48-60,0,5,0,60.333333333333336,1
7945-HLKEA,Female,0,No,No,60,Yes,Yes,DSL,Yes,No,Yes,Yes,No,No,One year,No,Electronic check,64.75,4039.5,0,48-60,0,5,1,67.325,1
9342-VNIMQ,Male,0,No,No,33,Yes,Yes,DSL,No,Yes,No,No,No,No,Month-to-month,Yes,Bank transfer (automatic),54.65,1665.2,0,24-36,0,3,1,50.46060606060606,2
9851-KIELU,Male,0,No,No,10,Yes,No,Fiber optic,Yes,Yes,Yes,Yes,Yes,Yes,Month-to-month,Yes,Electronic check,110.1,1043.3,1,0-12,0,7,1,104.33,2
3523-BRGUW,Male,1,No,No,26,Yes,No,No,No,No,No,No,No,No,One year,No,Credit card (automatic),19.3,504.2,0,24-36,0,1,0,19.392307692307693,1
3908-BLSYF,Female,0,No,No,6,Yes,No,Fiber optic,No,No,Yes,No,No,Yes,Month-to-month,No,Electronic check,83.9,497.55,1,0-12,1,3,1,82.925,2
3199-NPKCN,Female,0,Yes,No,67,Yes,Yes,Fiber optic,Yes,No,Yes,Yes,Yes,Yes,One year,Yes,Electronic check,111.25,7511.65,0,60-72,0,7,1,112.1141791044776,1
5170-PTRKA,Female,0,Yes,Yes,49,No,No,DSL,Yes,No,No,Yes,No,No,One year,Yes,Credit card (automatic),35.8,1782.0,0,48-60,0,2,0,36.36734693877551,1
4661-NJEUX,Male,0,No,No,1,Yes,No,No,No,No,No,No,No,No,Month-to-month,Yes,Mailed check,20.05,20.05,0,0-12,1,1,0,20.05,2
2123-AGEEN,Female,1,No,No,7,Yes,No,Fiber optic,No,No,Yes,No,Yes,No,Month-to-month,Yes,Electronic check,84.35,609.65,0,0-12,0,3,1,87.09285714285714,2
1258-YMZNM,Female,1,No,No,27,Yes,Yes,Fiber optic,Yes,Yes,Yes,No,Yes,Yes,One year,Yes,Bank transfer (automatic),110.5,2857.6,0,24-36,0,7,1,105.83703703703704,1
0048-LUMLS,Male,0,Yes,Yes,37,Yes,No,Fiber optic,No,No,No,No,Yes,Yes,One year,No,Credit card (automatic),91.2,3247.55,0,36-48,0,3,1,87.77162162162162,1
7549-MYGPK,Female,0,Yes,Yes,63,Yes,Yes,Fiber optic,Yes,Yes,Yes,No,Yes,No,Month-to-month,Yes,Electronic check,100.55,6215.35,1,60-72,0,6,1,98.65634920634922,2
5898-IGSLP,Male,0,Yes,Yes,31,Yes,Yes,Fiber optic,Yes,No,Yes,Yes,No,No,Month-to-month,No,Electronic check,89.3,2823.0,0,24-36,0,5,1,91.06451612903226,2
3804-RVTGV,Male,0,Yes,Yes,50,Yes,Yes,Fiber optic,No,Yes,Yes,No,Yes,Yes,Month-to-month,Yes,Bank transfer (automatic),103.85,5017.9,1,48-60,0,6,1,100.35799999999999,2
6259-WJQLC,Male,1,No,No,32,Yes,Yes,Fiber optic,No,No,Yes,No,No,No,Month-to-month,Yes,Credit card (automatic),81.1,2619.25,0,24-36,0,3,1,81.8515625,2
9227-LUNBG,Female,0,No,No,1,No,No,DSL,No,No,No,No,No,No,Month-to-month,No,Electronic check,24.6,24.6,1,0-12,1,0,0,24.6,2
7997-EASSD,Female,0,Yes,No,63,Yes,Yes,Fiber optic,No,No,No,Yes,No,No,One year,Yes,Credit card (automatic),81.2,4965.1,0,60-72,0,3,1,78.81111111111112,1
0730-KOAVE,Male,0,No,No,30,Yes,Yes,Fiber optic,Yes,Yes,No,No,No,Yes,Month-to-month,Yes,Credit card (automatic),94.3,2679.7,0,24-36,0,5,1,89.32333333333332,2
8975-SKGRX,Male,0,Yes,No,71,Yes,Yes,Fiber optic,Yes,Yes,Yes,Yes,Yes,Yes,Two year,Yes,Bank transfer (automatic),116.1,8310.55,0,60-72,0,8,1,117.04999999999998,0
0678-RLHVP,Female,0,No,No,53,Yes,Yes,Fiber optic,No,Yes,Yes,No,Yes,Yes,Two year,No,Electronic check,105.55,5682.25,0,48-60,0,6,1,107.2122641509434,0
4315-MURBD,Female,0,No,No,12,Yes,No,Fiber optic,Yes,No,No,Yes,Yes,Yes,Month-to-month,Yes,Bank transfer (automatic),98.9,1120.95,1,0-12,0,5,1,93.41250000000001,2
2267-FPIMA,Male,0,Yes,No,50,Yes,Yes,Fiber optic,Yes,Yes,No,No,No,Yes,Month-to-month,Yes,Credit card (automatic),94.4,4914.9,0,48-60,0,5,1,98.29799999999999,2
1051-GEJLJ,Female,0,No,No,2,Yes,No,No,No,No,No,No,No,No,Month-to-month,No,Mailed check,19.5,27.55,0,0-12,1,1,0,13.775,2
9734-YWGEX,Female,0,No,No,9,Yes,Yes,Fiber optic,No,No,Yes,No,Yes,Yes,Month-to-month,No,Credit card (automatic),98.3,923.5,1,0-12,0,5,1,102.61111111111111,2
2719-BDAQO,Male,0,No,No,17,Yes,No,Fiber optic,Yes,No,No,No,Yes,Yes,Month-to-month,No,Electronic check,93.85,1625.65,1,12-24,0,4,1,95.62647058823529,2
5285-MVEHD,Female,0,Yes,No,56,Yes,No,Fiber optic,Yes,Yes,Yes,No,Yes,Yes,One year,Yes,Credit card (automatic),105.6,6068.65,0,48-60,0,6,1,108.36874999999999,1
0379-DJQHR,Male,0,Yes,Yes,67,Yes,No,DSL,Yes,Yes,Yes,No,Yes,Yes,Two year,No,Credit card (automatic),81.35,5398.6,0,60-72,0,6,1,80.57611940298509,0
0781-LKXBR,Male,1,No,No,9,Yes,Yes,Fiber optic,No,No,Yes,No,Yes,Yes,Month-to-month,Yes,Electronic check,100.5,918.6,1,0-12,0,5,1,102.06666666666666,2
5543-QDCRY,Male,0,No,No,4,Yes,No,DSL,No,No,No,No,Yes,No,Month-to-month,Yes,Electronic check,56.4,234.85,0,0-12,1,2,1,58.7125,2
0297-RBCSG,Male,0,No,No,19,Yes,No,DSL,No,Yes,No,Yes,No,Yes,One year,Yes,Bank transfer (automatic),65.35,1231.85,0,12-24,0,4,1,64.83421052631579,1
4694-PHWFW,Female,0,No,Yes,8,Yes,No,No,No,No,No,No,No,No,Month-to-month,No,Mailed check,19.95,170.9,0,0-12,0,1,0,21.3625,2
0835-JKADZ,Female,0,No,No,71,Yes,Yes,Fiber optic,No,Yes,Yes,Yes,Yes,Yes,Two year,Yes,Electronic check,111.25,7984.15,0,60-72,0,7,1,112.45281690140844,0
1907-UBQFC,Male,1,No,No,10,Yes,No,Fiber optic,No,Yes,No,No,No,No,Month-to-month,Yes,Electronic check,72.85,688.65,1,0-12,0,2,1,68.865,2
7508-SMHXL,Female,1,No,No,15,Yes,Yes,Fiber optic,No,Yes,No,No,Yes,No,Month-to-month,No,Credit card (automatic),89.0,1288.3,0,12-24,0,4,1,85.88666666666667,2
3865-YIOTT,Male,0,Yes,Yes,72,Yes,Yes,Fiber optic,Yes,No,Yes,No,Yes,Yes,One year,Yes,Bank transfer (automatic),106.1,7848.5,0,60-72,0,6,1,109.00694444444444,1
5993-BQHEA,Male,0,No,No,12,Yes,No,No,No,No,No,No,No,No,One year,No,Credit card (automatic),20.05,267.0,0,0-12,0,1,0,22.25,1
6024-RUGGH,Male,0,Yes,Yes,72,Yes,Yes,No,No,No,No,No,No,No,Two year,Yes,Bank transfer (automatic),25.2,1798.9,0,60-72,0,2,0,24.984722222222224,0
6513-EECDB,Male,1,Yes,No,1,Yes,Yes,Fiber optic,No,No,No,No,No,No,Month-to-month,Yes,Electronic check,73.55,73.55,1,0-12,1,2,1,73.55,2
3956-CJUST,Female,1,No,No,23,Yes,No,Fiber optic,Yes,No,No,No,No,No,Month-to-month,Yes,Bank transfer (automatic),75.4,1643.55,0,12-24,0,2,1,71.45869565217392,2
4079-WWQQQ,Male,0,No,No,72,No,No,DSL,Yes,Yes,Yes,Yes,Yes,Yes,Two year,Yes,Bank transfer (automatic),65.55,4807.45,0,60-72,0,6,0,66.77013888888888,0
6103-BOCOU,Female,0,No,No,26,Yes,Yes,Fiber optic,No,No,Yes,No,No,No,Month-to-month,Yes,Electronic check,80.7,2193.0,0,24-36,0,3,1,84.34615384615384,2
5149-TGWDZ,Female,0,No,No,21,Yes,No,Fiber optic,No,Yes,Yes,Yes,Yes,Yes,One year,Yes,Mailed check,104.55,2239.4,0,12-24,0,6,1,106.63809523809525,1
7471-WNSUF,Male,0,Yes,No,60,Yes,Yes,No,No,No,No,No,No,No,One year,No,Bank transfer (automatic),24.15,1505.9,0,48-60,0,2,0,25.098333333333336,1
8942-DBMHZ,Male,0,No,No,12,Yes,No,No,No,No,No,No,No,No,Month-to-month,No,Mailed check,20.45,255.35,0,0-12,0,1,0,21.279166666666665,2
4301-VVZKA,Male,0,Yes,No,16,Yes,Yes,Fiber optic,No,No,No,No,No,No,Month-to-month,Yes,Electronic check,75.4,1189.4,0,12-24,0,2,1,74.3375,2
9199-PWQVC,Female,0,Yes,No,63,Yes,Yes,DSL,Yes,Yes,No,No,Yes,Yes,One year,Yes,Credit card (automatic),79.7,4786.15,0,60-72,0,6,1,75.97063492063492,1
4824-GUCBY,Female,1,No,No,22,Yes,No,Fiber optic,Yes,Yes,No,No,No,No,Month-to-month,No,Electronic check,81.7,1820.9,0,12-24,0,3,1,82.76818181818182,2
5393-HJZSM,Female,0,Yes,Yes,32,Yes,No,DSL,Yes,Yes,Yes,Yes,No,Yes,Month-to-month,No,Bank transfer (automatic),76.3,2404.15,0,24-36,0,6,1,75.1296875,2
7074-IEVOJ,Female,1,No,No,3,Yes,Yes,Fiber optic,No,Yes,No,No,No,No,Month-to-month,Yes,Electronic check,79.4,205.05,1,0-12,1,3,1,68.35000000000001,2
9625-QSTYE,Female,0,No,No,13,Yes,No,Fiber optic,No,Yes,Yes,No,No,No,Month-to-month,Yes,Electronic check,81.15,952.3,1,12-24,0,3,1,73.25384615384615,2
0862-PRCBS,Female,0,Yes,Yes,68,Yes,Yes,Fiber optic,No,Yes,No,Yes,Yes,Yes,Two year,Yes,Credit card (automatic),103.75,7039.45,0,60-72,0,6,1,103.52132352941176,0
8812-ZRHFP,Female,0,Yes,Yes,30,Yes,No,Fiber optic,No,No,Yes,No,No,Yes,One year,No,Electronic check,86.45,2538.05,0,24-36,0,3,1,84.60166666666667,1
5146-CBVOE,Female,0,No,No,16,Yes,No,Fiber optic,No,Yes,No,No,No,No,Month-to-month,No,Bank transfer (automatic),75.1,1212.85,0,12-24,0,2,1,75.803125,2
0454-OKRCT,Male,0,No,No,33,Yes,No,Fiber optic,No,Yes,No,Yes,No,No,Two year,No,Bank transfer (automatic),80.6,2651.1,0,24-36,0,3,1,80.33636363636363,0
5787-KXGIY,Male,0,Yes,No,72,Yes,No,No,No,No,No,No,No,No,Two year,No,Credit card (automatic),19.3,1304.8,0,60-72,0,1,0,18.12222222222222,0
4750-ZRXIU,Female,1,No,No,4,Yes,Yes,Fiber optic,No,No,No,No,No,Yes,Month-to-month,Yes,Electronic check,84.6,360.1,1,0-12,1,3,1,90.025,2
4198-VFOEA,Female,0,No,No,12,No,No,DSL,Yes,No,No,Yes,No,No,One year,Yes,Mailed check,33.6,435.45,0,0-12,0,2,0,36.2875,1
6630-UJZMY,Female,1,Yes,No,4,Yes,Yes,Fiber optic,No,No,No,No,Yes,No,Month-to-month,Yes,Electronic check,83.25,308.05,0,0-12,1,3,1,77.0125,2
5709-LVOEQ,Female,0,Yes,Yes,0,Yes,No,DSL,Yes,Yes,Yes,No,Yes,Yes,Two year,No,Mailed check,80.85,0.0,0,0-12,1,6,1,80.85,0
6400-BWQKW,Female,0,No,No,6,Yes,Yes,Fiber optic,Yes,No,No,No,No,No,Month-to-month,Yes,Electronic check,79.05,434.5,1,0-12,1,3,1,72.41666666666667,2
2692-AQCPF,Female,0,Yes,No,65,Yes,Yes,Fiber optic,No,Yes,Yes,Yes,Yes,Yes,One year,Yes,Credit card (automatic),108.05,7118.9,0,60-72,0,7,1,109.52153846153846,1
0347-UBKUZ,Female,0,No,No,15,Yes,No,No,No,No,No,No,No,No,Month-to-month,No,Mailed check,19.9,320.45,0,12-24,0,1,0,21.363333333333333,2
0835-DUUIQ,Female,0,No,Yes,24,Yes,No,No,No,No,No,No,No,No,One year,No,Bank transfer (automatic),21.05,531.55,0,12-24,0,1,0,22.147916666666664,1
0811-GSDTP,Female,0,No,Yes,13,No,No,DSL,No,Yes,No,No,No,No,Month-to-month,No,Electronic check,30.15,382.2,0,12-24,0,1,0,29.4,2
7567-ECMCM,Male,0,No,No,24,Yes,No,Fiber optic,No,No,No,No,No,Yes,Month-to-month,Yes,Credit card (automatic),79.85,2001.0,0,12-24,0,2,1,83.375,2
6115-ZTBFQ,Female,0,Yes,No,72,No,No,DSL,Yes,Yes,Yes,Yes,Yes,Yes,Two year,No,Bank transfer (automatic),65.5,4919.7,0,60-72,0,6,0,68.32916666666667,0
6353-BRMMA,Female,0,Yes,Yes,54,Yes,Yes,Fiber optic,Yes,Yes,No,No,Yes,Yes,Month-to-month,Yes,Bank transfer (automatic),104.1,5645.8,0,48-60,0,6,1,104.55185185185185,2
6680-WKXRZ,Female,0,No,No,3,Yes,Yes,Fiber optic,No,No,No,No,No,No,Month-to-month,No,Bank transfer (automatic),74.4,215.8,1,0-12,1,2,1,71.93333333333334,2
6231-WFGFH,Male,0,Yes,Yes,4,Yes,No,No,No,No,No,No,No,No,Month-to-month,Yes,Mailed check,20.5,77.6,0,0-12,1,1,0,19.4,2
9904-EHEVJ,Female,1,Yes,Yes,32,Yes,Yes,Fiber optic,No,No,Yes,No,Yes,No,Month-to-month,Yes,Mailed check,91.35,2896.55,0,24-36,0,4,1,90.5171875,2
7028-DVOIQ,Male,1,No,No,35,Yes,Yes,Fiber optic,No,No,Yes,No,Yes,Yes,Month-to-month,Yes,Electronic check,99.05,3395.8,1,24-36,0,5,1,97.02285714285715,2
6169-PPETC,Male,0,Yes,Yes,35,Yes,No,No,No,No,No,No,No,No,Two year,No,Bank transfer (automatic),20.5,759.35,0,24-36,0,1,0,21.695714285714285,0
4208-UFFGW,Male,1,No,No,2,Yes,No,DSL,No,No,No,No,No,No,Month-to-month,No,Mailed check,44.95,85.15,1,0-12,1,1,1,42.575,2
8584-KMVXD,Female,0,No,No,8,Yes,No,Fiber optic,No,Yes,No,No,No,No,Month-to-month,No,Electronic check,75.6,535.55,0,0-12,0,2,1,66.94375,2
8467-WYNSR,Male,0,No,No,22,Yes,No,DSL,Yes,No,No,Yes,No,No,Month-to-month,No,Mailed check,55.1,1253.15,0,12-24,0,3,1,56.96136363636364,2
0851-DFJKB,Female,0,No,No,15,Yes,No,DSL,Yes,No,Yes,Yes,No,No,Month-to-month,No,Electronic check,58.95,955.15,0,12-24,0,4,1,63.67666666666666,2
5382-SOYZL,Male,0,No,No,22,Yes,Yes,Fiber optic,No,No,No,No,Yes,Yes,Month-to-month,Yes,Electronic check,95.1,2162.6,0,12-24,0,4,1,98.3,2
9448-REEVD,Male,0,Yes,No,1,Yes,No,DSL,No,No,No,No,No,No,Month-to-month,No,Credit card (automatic),44.7,44.7,1,0-12,1,1,1,44.7,2
3261-CQXOL,Female,0,Yes,Yes,71,Yes,Yes,No,No,No,No,No,No,No,Two year,No,Bank transfer (automatic),25.45,1813.35,0,60-72,0,2,0,25.54014084507042,0
8388-FYNPZ,Male,0,No,No,4,Yes,No,DSL,Yes,No,Yes,No,No,No,Month-to-month,No,Electronic check,56.75,245.15,0,0-12,1,3,1,61.2875,2
4002-BQWPQ,Male,0,No,No,25,Yes,Yes,DSL,Yes,Yes,Yes,Yes,No,Yes,Month-to-month,No,Bank transfer (automatic),81.75,2028.8,0,24-36,0,7,1,81.152,2
5651-YLPRD,Female,0,Yes,Yes,32,Yes,No,Fiber optic,No,Yes,No,No,Yes,No,Month-to-month,Yes,Electronic check,86.1,2723.75,0,24-36,0,3,1,85.1171875,2
2826-DXLQO,Male,1,Yes,No,7,No,No,DSL,Yes,No,No,No,No,No,Month-to-month,No,Bank transfer (automatic),29.8,220.45,0,0-12,0,1,0,31.49285714285714,2
4378-BZYFP,Male,0,No,No,17,Yes,No,No,No,No,No,No,No,No,One year,Yes,Mailed check,20.5,365.8,0,12-24,0,1,0,21.51764705882353,1
9489-UTFKA,Male,1,Yes,No,8,Yes,No,DSL,Yes,No,No,No,Yes,No,Month-to-month,No,Bank transfer (automatic),60.9,551.95,0,0-12,0,3,1,68.99375,2
4849-PYRLQ,Female,1,No,No,56,Yes,Yes,DSL,Yes,No,Yes,Yes,No,Yes,Two year,No,Bank transfer (automatic),73.25,4054.2,0,48-60,0,6,1,72.39642857142857,0
9117-SHLZX,Male,0,No,No,1,Yes,No,DSL,No,No,No,No,No,No,Month-to-month,Yes,Mailed check,45.7,45.7,1,0-12,1,1,1,45.7,2
9889-TMAHG,Male,1,No,No,8,Yes,No,Fiber optic,Yes,No,No,Yes,Yes,Yes,Month-to-month,No,Credit card (automatic),100.3,832.35,1,0-12,0,5,1,104.04375,2
4541-RMRLG,Male,0,No,No,7,Yes,No,No,No,No,No,No,No,No,Month-to-month,No,Electronic check,19.25,112.3,1,0-12,0,1,0,16.04285714285714,2
7764-BDPEE,Male,0,No,Yes,3,Yes,No,No,No,No,No,No,No,No,Month-to-month,No,Mailed check,20.85,60.65,0,0-12,1,1,0,20.216666666666665,2
3429-IFLEM,Female,0,No,No,71,Yes,No,DSL,Yes,Yes,Yes,Yes,Yes,No,Two year,No,Credit card (automatic),77.35,5550.1,0,60-72,0,6,1,78.17042253521127,0
3158-MOERK,Female,0,No,No,2,Yes,Yes,Fiber optic,No,No,No,No,Yes,Yes,Month-to-month,Yes,Electronic check,96.0,174.8,1,0-12,1,4,1,87.4,2
7294-TMAOP,Female,0,No,No,1,Yes,No,Fiber optic,No,No,No,No,Yes,Yes,Month-to-month,No,Electronic check,90.55,90.55,1,0-12,1,3,1,90.55,2
5002-GCQFH,Male,0,Yes,No,49,Yes,Yes,Fiber optic,Yes,Yes,No,No,Yes,No,Month-to-month,Yes,Bank transfer (automatic),93.85,4733.1,0,48-60,0,5,1,96.59387755102041,2
0556-FJEGU,Male,0,No,No,58,Yes,No,DSL,No,Yes,Yes,Yes,Yes,No,Two year,No,Bank transfer (automatic),70.1,4048.95,0,48-60,0,5,1,69.80948275862069,0
8919-FYFQZ,Male,1,Yes,No,44,No,No,DSL,No,Yes,No,No,No,No,Month-to-month,Yes,Electronic check,30.35,1359.7,1,36-48,0,1,0,30.902272727272727,2
0604-THJFP,Female,0,Yes,Yes,59,Yes,No,DSL,No,Yes,No,Yes,Yes,Yes,Two year,Yes,Credit card (automatic),75.95,4542.35,0,48-60,0,5,1,76.98898305084747,0
2834-JRTUA,Male,0,No,No,71,Yes,Yes,Fiber optic,Yes,No,Yes,Yes,Yes,Yes,Two year,Yes,Electronic check,108.05,7532.15,1,60-72,0,7,1,106.08661971830985,0
5875-YPQFJ,Male,0,No,No,1,Yes,No,Fiber optic,No,No,No,No,No,No,Month-to-month,Yes,Electronic check,69.9,69.9,1,0-12,1,1,1,69.9,2
5879-SESNB,Female,0,No,No,11,Yes,Yes,Fiber optic,No,No,No,No,No,No,Month-to-month,No,Electronic check,75.25,888.65,0,0-12,0,2,1,80.78636363636363,2
6646-QVXLR,Male,1,Yes,No,62,Yes,Yes,Fiber optic,No,Yes,Yes,No,Yes,Yes,One year,Yes,Electronic check,103.75,6383.35,1,60-72,0,6,1,102.95725806451614,1
6461-PPAXN,Female,0,Yes,Yes,35,Yes,No,DSL,Yes,No,No,Yes,No,No,One year,Yes,Bank transfer (automatic),54.95,1916.0,0,24-36,0,3,1,54.74285714285714,1
3318-ISQFQ,Female,0,No,No,20,Yes,No,No,No,No,No,No,No,No,Month-to-month,Yes,Bank transfer (automatic),19.5,413.0,0,12-24,0,1,0,20.65,2
1106-HRLKZ,Male,0,Yes,Yes,40,Yes,No,No,No,No,No,No,No,No,Two year,No,Mailed check,19.6,808.95,0,36-48,0,1,0,20.223750000000003,0
2483-XSSMZ,Female,0,No,No,39,Yes,No,DSL,Yes,No,No,No,No,No,One year,Yes,Electronic check,47.85,1886.4,0,36-48,0,2,1,48.369230769230775,1
8603-IJWDN,Male,0,No,No,1,Yes,Yes,Fiber optic,No,No,No,No,No,Yes,Month-to-month,Yes,Electronic check,86.6,86.6,1,0-12,1,3,1,86.6,2
8165-ZJRNM,Female,0,Yes,Yes,72,Yes,Yes,No,No,No,No,No,No,No,Two year,No,Bank transfer (automatic),23.75,1679.25,0,60-72,0,2,0,23.322916666666668,0
9369-XFEHK,Female,1,Yes,No,33,Yes,Yes,Fiber optic,No,Yes,No,No,No,No,Month-to-month,Yes,Bank transfer (automatic),80.6,2656.5,1,24-36,0,3,1,80.5,2
2604-XVDAM,Female,0,No,No,12,Yes,No,DSL,No,No,No,No,No,No,Month-to-month,No,Bank transfer (automatic),43.8,540.95,0,0-12,0,1,1,45.07916666666667,2
3717-OFRTN,Male,0,No,No,1,Yes,No,No,No,No,No,No,No,No,Month-to-month,No,Bank transfer (automatic),19.75,19.75,0,0-12,1,1,0,19.75,2
9046-JBFWA,Male,0,No,Yes,27,Yes,No,No,No,No,No,No,No,No,Month-to-month,No,Mailed check,19.15,537.35,0,24-36,0,1,0,19.901851851851852,2
3280-NMUVX,Male,0,Yes,Yes,34,Yes,No,No,No,No,No,No,No,No,One year,No,Credit card (automatic),19.6,678.8,0,24-36,0,1,0,19.96470588235294,1
1206-EHBDD,Female,0,Yes,No,56,Yes,No,Fiber optic,Yes,No,Yes,No,No,No,Two year,No,Bank transfer (automatic),80.3,4513.65,0,48-60,0,3,1,80.60089285714285,0
8361-LBRDI,Female,0,No,No,58,Yes,Yes,No,No,No,No,No,No,No,Two year,No,Credit card (automatic),24.35,1423.85,0,48-60,0,2,0,24.54913793103448,0
4883-KCPZJ,Female,0,Yes,Yes,22,Yes,Yes,No,No,No,No,No,No,No,Two year,No,Credit card (automatic),25.25,555.4,0,12-24,0,2,0,25.245454545454546,0
9108-EQPNQ,Female,0,Yes,Yes,10,Yes,Yes,No,No,No,No,No,No,No,Two year,No,Credit card (automatic),26.1,225.55,0,0-12,0,2,0,22.555,0
7277-KAMWT,Male,0,No,No,13,Yes,No,No,No,No,No,No,No,No,Two year,No,Credit card (automatic),20.0,268.45,0,12-24,0,1,0,20.65,0
3842-IYKUE,Female,0,No,No,35,Yes,Yes,Fiber optic,No,Yes,No,Yes,No,No,Month-to-month,No,Credit card (automatic),85.3,2917.5,1,24-36,0,4,1,83.35714285714286,2
6641-XRPSU,Female,0,No,No,34,Yes,No,Fiber optic,No,No,No,No,No,No,Month-to-month,Yes,Credit card (automatic),70.0,2416.1,1,24-36,0,1,1,71.06176470588235,2
1374-DMZUI,Female,1,No,No,4,Yes,Yes,Fiber optic,No,No,No,No,Yes,Yes,Month-to-month,Yes,Electronic check,94.3,424.45,1,0-12,1,4,1,106.1125,2
2545-LXYVJ,Male,0,Yes,No,72,Yes,No,No,No,No,No,No,No,No,Two year,No,Bank transfer (automatic),20.7,1492.1,0,60-72,0,1,0,20.72361111111111,0
3234-VKACU,Male,0,No,No,2,Yes,No,DSL,No,No,No,Yes,Yes,Yes,Month-to-month,No,Electronic check,70.3,132.4,0,0-12,1,4,1,66.2,2
8357-EQXFO,Female,0,No,No,7,Yes,No,Fiber optic,No,No,Yes,No,Yes,Yes,Month-to-month,Yes,Electronic check,95.35,660.9,1,0-12,0,4,1,94.41428571428571,2
1989-PRJHP,Male,1,Yes,No,27,Yes,Yes,Fiber optic,No,No,No,No,No,No,Month-to-month,Yes,Electronic check,75.5,1893.95,1,24-36,0,2,1,70.1462962962963,2
8120-JDCAM,Male,0,Yes,Yes,4,Yes,No,Fiber optic,No,No,No,No,No,No,Month-to-month,Yes,Mailed check,69.55,284.9,0,0-12,1,1,1,71.225,2
8917-FAEMR,Female,0,No,No,37,Yes,No,No,No,No,No,No,No,No,Two year,No,Mailed check,19.85,784.25,0,36-48,0,1,0,21.195945945945947,0
7047-YXDMZ,Male,0,No,No,21,Yes,No,No,No,No,No,No,No,No,Month-to-month,No,Mailed check,20.0,417.7,0,12-24,0,1,0,19.89047619047619,2
2858-EIMXH,Female,1,Yes,No,53,Yes,Yes,Fiber optic,No,No,No,No,Yes,Yes,One year,Yes,Credit card (automatic),95.85,5016.25,0,48-60,0,4,1,94.64622641509433,1
9524-EGPJC,Female,0,No,No,18,Yes,Yes,Fiber optic,No,No,No,Yes,No,Yes,Month-to-month,Yes,Electronic check,90.1,1612.75,1,12-24,0,4,1,89.59722222222223,2
6993-OHLXR,Female,0,No,No,2,Yes,No,Fiber optic,No,No,No,No,No,No,Month-to-month,No,Electronic check,68.95,119.75,1,0-12,1,1,1,59.875,2
8818-XYFCQ,Male,0,Yes,Yes,32,Yes,Yes,Fiber optic,Yes,No,No,No,Yes,Yes,Month-to-month,Yes,Credit card (automatic),99.55,3204.65,1,24-36,0,5,1,100.1453125,2
6419-ZTTLE,Male,1,Yes,No,23,Yes,No,No,No,No,No,No,No,No,One year,Yes,Electronic check,20.75,485.2,0,12-24,0,1,0,21.09565217391304,1
0929-HYQEW,Male,0,No,No,3,Yes,No,DSL,Yes,No,No,No,No,No,Month-to-month,Yes,Mailed check,50.15,160.85,0,0-12,1,2,1,53.61666666666667,2
6614-YOLAC,Female,0,Yes,Yes,71,No,No,DSL,Yes,Yes,No,Yes,Yes,Yes,Two year,No,Mailed check,58.65,4145.25,0,60-72,0,5,0,58.38380281690141,0
7426-RHZGU,Male,0,No,No,9,Yes,No,Fiber optic,No,No,No,Yes,Yes,Yes,Month-to-month,Yes,Bank transfer (automatic),95.9,827.45,0,0-12,0,4,1,91.9388888888889,2
4065-JJAVA,Female,0,No,No,1,Yes,No,DSL,No,Yes,No,No,No,No,Month-to-month,No,Electronic check,49.5,49.5,0,0-12,1,2,1,49.5,2
4695-VADHF,Male,0,Yes,Yes,18,Yes,No,DSL,No,No,Yes,No,No,Yes,Month-to-month,No,Electronic check,57.45,990.85,1,12-24,0,3,1,55.047222222222224,2
3863-IUBJR,Male,0,Yes,Yes,12,Yes,No,DSL,No,No,No,No,No,Yes,One year,No,Credit card (automatic),53.65,696.35,1,0-12,0,2,1,58.02916666666667,1
7649-SIJJF,Male,0,Yes,No,71,Yes,Yes,DSL,Yes,Yes,Yes,Yes,No,Yes,Two year,Yes,Mailed check,80.1,5585.4,0,60-72,0,7,1,78.66760563380281,0
9361-YNQWJ,Female,0,No,No,64,Yes,Yes,No,No,No,No,No,No,No,One year,Yes,Bank transfer (automatic),24.4,1601.2,0,60-72,0,2,0,25.01875,1
3748-FVMZZ,Male,0,No,No,4,No,No,DSL,No,No,No,Yes,No,Yes,Month-to-month,Yes,Electronic check,40.05,162.45,0,0-12,1,2,0,40.6125,2
9391-TTOYH,Female,0,No,No,23,Yes,No,No,No,No,No,No,No,No,Month-to-month,Yes,Mailed check,19.5,470.2,0,12-24,0,1,0,20.443478260869565,2
1452-XRSJV,Female,0,Yes,Yes,39,Yes,No,DSL,Yes,No,No,No,No,No,Month-to-month,No,Credit card (automatic),51.05,2066.0,0,36-48,0,2,1,52.97435897435897,2
3422-WJOYD,Male,0,Yes,No,28,Yes,No,DSL,Yes,No,No,Yes,No,No,One year,No,Mailed check,54.35,1426.45,0,24-36,0,3,1,50.94464285714286,1
8242-SOQUO,Female,1,No,No,5,Yes,No,Fiber optic,No,Yes,No,No,Yes,No,Month-to-month,Yes,Electronic check,84.7,392.5,0,0-12,1,3,1,78.5,2
7460-ITWWP,Female,1,Yes,No,45,Yes,No,Fiber optic,No,No,Yes,No,No,Yes,Month-to-month,Yes,Electronic check,86.1,3861.45,0,36-48,0,3,1,85.81,2
7147-AYBAA,Male,0,No,No,37,Yes,No,Fiber optic,No,No,No,No,No,No,Month-to-month,Yes,Mailed check,70.35,2552.9,0,36-48,0,1,1,68.9972972972973,2
7868-TMWMZ,Female,1,Yes,No,60,Yes,No,Fiber optic,Yes,Yes,Yes,Yes,Yes,Yes,Two year,Yes,Bank transfer (automatic),110.0,6668.35,0,48-60,0,7,1,111.13916666666667,0
4822-RVYBB,Male,1,No,No,8,Yes,Yes,Fiber optic,No,No,Yes,No,Yes,Yes,Month-to-month,Yes,Electronic check,100.6,819.4,1,0-12,0,5,1,102.425,2
6732-FZUGP,Female,0,No,No,47,Yes,Yes,Fiber optic,Yes,No,Yes,No,Yes,No,One year,No,Credit card (automatic),94.9,4615.25,0,36-48,0,5,1,98.19680851063829,1
8436-BJUMM,Male,0,Yes,Yes,26,Yes,Yes,Fiber optic,No,No,No,No,Yes,No,Month-to-month,Yes,Electronic check,83.75,2070.6,1,24-36,0,3,1,79.63846153846154,2
4184-TJFAN,Female,1,Yes,Yes,3,Yes,No,Fiber optic,Yes,No,No,Yes,Yes,No,Month-to-month,Yes,Mailed check,88.3,273.75,1,0-12,1,4,1,91.25,2
8329-GWVPJ,Female,0,Yes,Yes,50,Yes,No,Fiber optic,No,No,No,No,No,No,Month-to-month,Yes,Bank transfer (automatic),69.75,3557.7,0,48-60,0,1,1,71.154,2
1352-VHKAJ,Male,0,Yes,Yes,27,Yes,Yes,DSL,No,No,No,Yes,Yes,Yes,Month-to-month,No,Bank transfer (automatic),71.6,1957.1,0,24-36,0,5,1,72.48518518518519,2
4145-UQXUQ,Female,1,No,No,8,Yes,No,Fiber optic,No,No,Yes,No,Yes,Yes,Month-to-month,Yes,Electronic check,92.1,729.95,1,0-12,0,4,1,91.24375,2
2632-TACXW,Female,0,Yes,No,62,Yes,Yes,No,No,No,No,No,No,No,Two year,No,Bank transfer (automatic),23.65,1416.75,0,60-72,0,2,0,22.850806451612904,0
8146-QQKZH,Female,0,Yes,No,71,Yes,No,DSL,Yes,No,Yes,Yes,Yes,Yes,Two year,No,Bank transfer (automatic),81.85,5924.4,0,60-72,0,6,1,83.44225352112676,0
1767-CJKBA,Male,0,No,No,66,Yes,Yes,No,No,No,No,No,No,No,Two year,No,Mailed check,25.1,1697.7,0,60-72,0,2,0,25.722727272727273,0
6445-TNRXS,Male,0,Yes,Yes,68,Yes,Yes,Fiber optic,Yes,Yes,Yes,Yes,Yes,Yes,Two year,Yes,Bank transfer (automatic),114.7,7849.85,0,60-72,0,8,1,115.43897058823529,0
4581-LNWUM,Female,0,No,No,13,No,No,DSL,No,No,Yes,No,Yes,Yes,Month-to-month,No,Electronic check,49.15,649.4,0,12-24,0,3,0,49.95384615384615,2
4869-EPIUS,Male,0,Yes,No,56,Yes,No,Fiber optic,No,No,No,No,No,Yes,One year,Yes,Electronic check,80.9,4557.5,0,48-60,0,2,1,81.38392857142857,1
9948-YPTDG,Male,0,Yes,No,38,Yes,No,Fiber optic,Yes,Yes,No,No,No,No,Month-to-month,Yes,Electronic check,79.45,3013.05,1,36-48,0,3,1,79.29078947368421,2
1236-WFCDV,Male,1,No,No,14,Yes,No,Fiber optic,No,No,No,No,Yes,Yes,Month-to-month,No,Credit card (automatic),90.45,1266.1,1,12-24,0,3,1,90.43571428571428,2
1915-OAKWD,Female,0,No,Yes,16,Yes,No,No,No,No,No,No,No,No,One year,Yes,Bank transfer (automatic),19.3,360.35,0,12-24,0,1,0,22.521875,1
7296-PIXQY,Female,0,Yes,Yes,14,Yes,No,Fiber optic,No,No,No,No,No,No,Month-to-month,No,Electronic check,70.2,1046.5,0,12-24,0,1,1,74.75,2
4883-QICIH,Male,0,Yes,Yes,32,Yes,No,Fiber optic,No,No,No,No,No,No,Month-to-month,Yes,Bank transfer (automatic),69.75,2347.9,1,24-36,0,1,1,73.371875,2
3354-OADJP,Female,0,No,No,8,Yes,No,DSL,Yes,No,No,Yes,No,No,One year,No,Bank transfer (automatic),54.25,447.75,0,0-12,0,3,1,55.96875,1
3524-WQDSG,Female,0,Yes,Yes,43,Yes,Yes,Fiber optic,No,No,Yes,No,Yes,Yes,Month-to-month,Yes,Bank transfer (automatic),99.3,4209.95,0,36-48,0,5,1,97.90581395348836,2
0810-DHDBD,Female,0,No,No,52,Yes,Yes,DSL,Yes,No,Yes,Yes,Yes,No,One year,No,Credit card (automatic),74.0,3877.65,0,48-60,0,6,1,74.57019230769231,1
4026-SKKHW,Male,0,No,No,3,Yes,No,DSL,No,No,No,Yes,No,No,Month-to-month,Yes,Mailed check,50.25,152.3,0,0-12,1,2,1,50.76666666666667,2
2829-HYVZP,Male,0,No,No,29,Yes,No,No,No,No,No,No,No,No,One year,Yes,Mailed check,19.8,572.2,0,24-36,0,1,0,19.731034482758623,1
8329-IBCTI,Female,0,No,No,1,Yes,No,No,No,No,No,No,No,No,Month-to-month,No,Mailed check,19.65,19.65,1,0-12,1,1,0,19.65,2
1271-SJBGZ,Male,1,No,No,12,No,No,DSL,No,No,Yes,Yes,No,Yes,Month-to-month,Yes,Electronic check,43.65,526.95,1,0-12,0,3,0,43.9125,2
3845-JHAMY,Female,0,Yes,Yes,16,No,No,DSL,No,No,No,No,No,Yes,Month-to-month,Yes,Credit card (automatic),35.5,552.7,0,12-24,0,1,0,34.54375,2
7013-PSXHK,Female,0,No,No,40,Yes,Yes,DSL,No,No,Yes,Yes,Yes,Yes,One year,Yes,Mailed check,80.75,3208.65,0,36-48,0,6,1,80.21625,1
5669-SRAIP,Female,0,No,No,5,No,No,DSL,No,No,Yes,No,No,Yes,Month-to-month,No,Electronic check,39.5,210.75,1,0-12,1,2,0,42.15,2
5981-ITEMU,Male,0,Yes,No,40,Yes,Yes,Fiber optic,No,No,No,No,Yes,Yes,Month-to-month,Yes,Bank transfer (automatic),97.1,3706.95,1,36-48,0,4,1,92.67375,2
3486-NPGST,Female,0,No,No,36,Yes,No,No,No,No,No,No,No,No,One year,No,Mailed check,19.55,620.75,0,24-36,0,1,0,17.243055555555557,1
6941-PMGEP,Female,0,No,No,5,Yes,No,Fiber optic,No,No,No,No,No,Yes,Month-to-month,Yes,Electronic check,80.0,412.5,1,0-12,1,2,1,82.5,2
1624-WOIWJ,Female,0,No,No,10,Yes,No,Fiber optic,Yes,No,No,No,Yes,No,Month-to-month,Yes,Mailed check,84.7,832.05,1,0-12,0,3,1,83.205,2
2074-GKOWZ,Male,0,Yes,Yes,2,Yes,No,Fiber optic,No,No,No,No,Yes,Yes,Month-to-month,Yes,Bank transfer (automatic),89.55,185.55,1,0-12,1,3,1,92.775,2
0376-YMCJC,Male,0,No,No,23,Yes,Yes,Fiber optic,No,No,No,Yes,Yes,No,Month-to-month,Yes,Electronic check,90.6,1943.2,1,12-24,0,4,1,84.48695652173913,2
6100-FJZDG,Male,0,Yes,Yes,26,Yes,No,No,No,No,No,No,No,No,One year,Yes,Bank transfer (automatic),20.05,505.9,0,24-36,0,1,0,19.457692307692305,1
4829-ZLJTK,Female,1,Yes,No,72,Yes,Yes,Fiber optic,Yes,Yes,Yes,No,Yes,Yes,Two year,Yes,Electronic check,112.4,8046.85,0,60-72,0,7,1,111.76180555555555,0
1730-VFMWO,Female,0,Yes,No,34,Yes,No,DSL,No,No,No,Yes,No,No,Month-to-month,No,Bank transfer (automatic),50.2,1815.3,0,24-36,0,2,1,53.391176470588235,2
7143-BQIBA,Male,0,No,No,10,Yes,No,DSL,Yes,No,No,Yes,Yes,No,Month-to-month,No,Bank transfer (automatic),62.25,612.95,0,0-12,0,4,1,61.295,2
3800-LYTRK,Female,0,No,No,14,Yes,No,DSL,Yes,No,No,Yes,No,No,One year,No,Mailed check,55.7,795.15,0,12-24,0,3,1,56.79642857142857,1
0634-SZPQA,Female,0,No,No,23,Yes,Yes,Fiber optic,Yes,No,No,No,Yes,No,Month-to-month,Yes,Bank transfer (automatic),90.05,2169.8,1,12-24,0,4,1,94.33913043478262,2
9646-NMHXE,Male,0,Yes,No,47,Yes,No,No,No,No,No,No,No,No,Two year,No,Mailed check,19.65,973.1,0,36-48,0,1,0,20.70425531914894,0
7030-NJVDP,Male,0,Yes,No,24,Yes,No,Fiber optic,Yes,No,No,Yes,No,Yes,Month-to-month,Yes,Electronic check,89.25,2210.2,0,12-24,0,4,1,92.09166666666665,2
5536-RTPWK,Male,0,Yes,No,49,Yes,Yes,Fiber optic,No,Yes,No,No,Yes,Yes,Month-to-month,Yes,Bank transfer (automatic),99.05,4853.75,1,48-60,0,5,1,99.0561224489796,2
8883-GRDWQ,Male,1,No,No,20,Yes,No,DSL,Yes,No,No,Yes,No,No,One year,No,Mailed check,54.0,1055.9,0,12-24,0,3,1,52.795,1
6166-ILMNY,Female,0,No,No,2,Yes,No,Fiber optic,No,No,No,No,No,No,Month-to-month,No,Bank transfer (automatic),69.75,144.55,1,0-12,1,1,1,72.275,2
3097-NNSPB,Female,0,No,No,2,Yes,No,DSL,No,Yes,No,No,No,No,Month-to-month,Yes,Credit card (automatic),49.05,91.1,1,0-12,1,2,1,45.55,2
7771-ZONAT,Male,0,No,No,22,No,No,DSL,No,No,Yes,Yes,Yes,Yes,Two year,No,Bank transfer (automatic),56.75,1304.85,0,12-24,0,4,0,59.31136363636363,0
0655-RBDUG,Male,0,No,No,7,Yes,Yes,Fiber optic,No,No,Yes,No,Yes,Yes,Month-to-month,Yes,Bank transfer (automatic),98.05,713.0,1,0-12,0,5,1,101.85714285714286,2
2111-DWYHN,Male,0,No,No,1,Yes,No,No,No,No,No,No,No,No,Month-to-month,No,Mailed check,21.1,21.1,0,0-12,1,1,0,21.1,2
4194-WHFCB,Female,0,Yes,Yes,59,Yes,Yes,Fiber optic,No,Yes,No,Yes,No,Yes,Month-to-month,Yes,Bank transfer (automatic),96.65,5580.8,0,48-60,0,5,1,94.58983050847458,2
4121-AGSIN,Female,0,Yes,Yes,58,Yes,Yes,No,No,No,No,No,No,No,One year,Yes,Credit card (automatic),24.5,1497.9,0,48-60,0,2,0,25.82586206896552,1
4361-BKAXE,Female,0,No,No,41,Yes,Yes,Fiber optic,Yes,Yes,Yes,Yes,Yes,Yes,Month-to-month,Yes,Bank transfer (automatic),114.5,4527.45,1,36-48,0,8,1,110.42560975609756,2
9845-PEEKO,Female,1,No,No,59,Yes,Yes,Fiber optic,No,Yes,No,No,No,No,Two year,Yes,Credit card (automatic),79.2,4590.35,0,48-60,0,3,1,77.80254237288136,0
0455-XFASS,Female,0,Yes,Yes,3,Yes,No,Fiber optic,No,No,No,No,No,No,Month-to-month,Yes,Electronic check,69.55,200.2,0,0-12,1,1,1,66.73333333333333,2
0301-KOBTQ,Male,0,No,No,32,Yes,No,No,No,No,No,No,No,No,Two year,Yes,Bank transfer (automatic),20.05,614.45,0,24-36,0,1,0,19.2015625,0
1751-NCDLI,Male,1,Yes,No,46,Yes,Yes,Fiber optic,No,No,Yes,No,Yes,Yes,Month-to-month,Yes,Electronic check,98.85,4564.9,0,36-48,0,5,1,99.23695652173912,2
4367-NUYAO,Male,0,Yes,Yes,0,Yes,Yes,No,No,No,No,No,No,No,Two year,No,Mailed check,25.75,0.0,0,0-12,1,2,0,25.75,0
9878-TNQGW,Male,0,No,No,2,Yes,No,Fiber optic,No,No,No,No,No,Yes,Month-to-month,Yes,Electronic check,80.95,171.15,1,0-12,1,2,1,85.575,2
9170-ARBTB,Female,0,Yes,Yes,52,Yes,No,No,No,No,No,No,No,No,One year,No,Credit card (automatic),19.6,1012.4,0,48-60,0,1,0,19.46923076923077,1
4441-NIHPT,Female,1,No,No,13,Yes,No,Fiber optic,No,No,Yes,No,No,No,Month-to-month,Yes,Electronic check,74.3,940.35,1,12-24,0,2,1,72.33461538461539,2
8999-BOHSE,Female,1,No,No,11,Yes,No,Fiber optic,No,No,No,No,Yes,Yes,Month-to-month,No,Bank transfer (automatic),89.7,1047.7,1,0-12,0,3,1,95.24545454545455,2
7241-AJHFS,Male,0,No,No,32,Yes,Yes,Fiber optic,Yes,No,No,Yes,No,No,Month-to-month,No,Bank transfer (automatic),87.65,2766.4,0,24-36,0,4,1,86.45,2
7029-RPUAV,Male,1,Yes,No,17,Yes,Yes,Fiber optic,No,No,Yes,No,Yes,Yes,Month-to-month,Yes,Credit card (automatic),100.45,1622.45,1,12-24,0,5,1,95.43823529411765,2
4546-FOKWR,Female,0,No,No,16,Yes,Yes,Fiber optic,No,No,No,No,No,No,Month-to-month,Yes,Credit card (automatic),74.75,1129.35,0,12-24,0,2,1,70.584375,2
9036-CSKBW,Female,0,No,No,51,Yes,Yes,Fiber optic,Yes,Yes,Yes,No,Yes,Yes,One year,No,Bank transfer (automatic),107.45,5680.9,0,48-60,0,7,1,111.39019607843136,1
5832-TRLPB,Male,0,No,No,29,Yes,No,DSL,No,No,Yes,Yes,Yes,Yes,One year,Yes,Bank transfer (automatic),75.35,2243.9,0,24-36,0,5,1,77.37586206896552,1
8590-YFFQO,Male,0,Yes,No,70,Yes,No,DSL,Yes,Yes,Yes,Yes,No,No,Two year,No,Credit card (automatic),64.95,4523.25,0,60-72,0,5,1,64.61785714285715,0
8659-IOOPU,Female,0,Yes,Yes,71,Yes,Yes,Fiber optic,Yes,No,Yes,Yes,No,Yes,Two year,No,Electronic check,100.45,7159.7,0,60-72,0,6,1,100.84084507042253,0
1338-CECEE,Male,0,Yes,Yes,41,Yes,Yes,DSL,No,Yes,Yes,No,Yes,No,One year,No,Bank transfer (automatic),68.5,2839.95,0,36-48,0,5,1,69.2670731707317,1
7439-DKZTW,Male,0,No,No,1,Yes,No,Fiber optic,No,No,No,No,Yes,No,Month-to-month,Yes,Electronic check,80.55,80.55,0,0-12,1,2,1,80.55,2
4646-QZXTF,Female,0,Yes,No,7,Yes,No,DSL,Yes,No,Yes,Yes,Yes,Yes,Month-to-month,No,Bank transfer (automatic),81.25,580.1,0,0-12,0,6,1,82.87142857142858,2
4607-CHPCA,Male,0,Yes,Yes,25,Yes,No,Fiber optic,No,No,No,No,Yes,Yes,One year,Yes,Electronic check,90.4,2178.6,1,24-36,0,3,1,87.14399999999999,1
9742-XOKTS,Male,0,Yes,Yes,67,Yes,Yes,Fiber optic,Yes,Yes,No,Yes,No,No,One year,No,Electronic check,89.55,6038.55,0,60-72,0,5,1,90.12761194029851,1
6921-OZMFH,Male,0,Yes,Yes,5,Yes,Yes,DSL,No,No,No,Yes,No,No,Month-to-month,Yes,Mailed check,55.7,259.4,0,0-12,1,3,1,51.879999999999995,2
9578-FOMUK,Male,0,No,Yes,15,Yes,Yes,No,No,No,No,No,No,No,Month-to-month,Yes,Electronic check,24.8,324.15,0,12-24,0,2,0,21.61,2
4712-UYOOI,Female,0,Yes,Yes,20,Yes,No,No,No,No,No,No,No,No,Month-to-month,No,Electronic check,20.0,417.65,0,12-24,0,1,0,20.8825,2
8824-RWFXJ,Male,0,Yes,Yes,3,Yes,No,DSL,No,Yes,Yes,No,No,No,Month-to-month,Yes,Mailed check,56.15,168.15,1,0-12,1,3,1,56.050000000000004,2
7722-CVFXN,Male,0,Yes,Yes,54,Yes,Yes,Fiber optic,No,Yes,No,Yes,Yes,Yes,One year,Yes,Electronic check,105.2,5637.85,0,48-60,0,6,1,104.40462962962964,1
8717-VCTXJ,Male,0,No,No,42,Yes,No,No,No,No,No,No,No,No,One year,Yes,Mailed check,19.55,839.4,0,36-48,0,1,0,19.985714285714284,1
7363-QTBIW,Female,0,Yes,No,9,Yes,No,Fiber optic,No,No,No,No,No,Yes,Month-to-month,Yes,Electronic check,79.75,769.1,0,0-12,0,2,1,85.45555555555556,2
4159-NAAIX,Female,0,No,No,63,Yes,Yes,Fiber optic,No,Yes,No,No,Yes,Yes,Two year,No,Bank transfer (automatic),97.45,6253.0,0,60-72,0,5,1,99.25396825396825,0
0971-QIFJK,Female,0,Yes,No,69,Yes,Yes,No,No,No,No,No,No,No,Two year,No,Bank transfer (automatic),24.25,1641.8,0,60-72,0,2,0,23.794202898550726,0
9397-TZSHA,Female,0,No,No,69,Yes,Yes,No,No,No,No,No,No,No,Two year,No,Credit card (automatic),24.6,1678.05,0,60-72,0,2,0,24.319565217391304,0
3391-JSQEW,Male,0,Yes,No,40,Yes,No,DSL,No,Yes,No,No,No,No,Month-to-month,Yes,Mailed check,50.15,2058.5,0,36-48,0,2,1,51.4625,2
0343-QLUZP,Male,0,No,No,60,No,No,DSL,Yes,Yes,Yes,No,No,No,Two year,No,Bank transfer (automatic),39.6,2424.5,0,48-60,0,3,0,40.40833333333333,0
9763-PDTKK,Female,0,No,No,4,Yes,No,Fiber optic,Yes,No,Yes,Yes,No,Yes,Month-to-month,Yes,Bank transfer (automatic),94.4,387.2,1,0-12,1,5,1,96.8,2
2176-LVPNX,Female,1,No,No,71,Yes,Yes,DSL,Yes,Yes,Yes,Yes,Yes,Yes,Two year,No,Mailed check,89.85,6293.45,0,60-72,0,8,1,88.64014084507042,0
7627-JKIAZ,Female,0,Yes,No,37,Yes,Yes,Fiber optic,No,No,Yes,No,No,No,Month-to-month,Yes,Credit card (automatic),78.95,2839.65,1,36-48,0,3,1,76.7472972972973,2
3312-UUMZW,Male,0,Yes,No,32,Yes,Yes,Fiber optic,No,Yes,No,No,Yes,Yes,Month-to-month,Yes,Credit card (automatic),98.85,3145.9,0,24-36,0,5,1,98.309375,2
1271-UODNO,Male,0,No,No,39,Yes,Yes,DSL,No,No,No,Yes,No,No,Two year,Yes,Credit card (automatic),53.85,2200.7,0,36-48,0,3,1,56.42820512820512,0
8461-EFQYM,Female,0,No,No,38,Yes,Yes,No,No,No,No,No,No,No,One year,Yes,Electronic check,24.25,914.4,0,36-48,0,2,0,24.063157894736843,1
6900-RBKER,Male,0,No,No,52,Yes,Yes,Fiber optic,No,No,Yes,No,No,Yes,Two year,Yes,Credit card (automatic),89.45,4577.75,0,48-60,0,4,1,88.03365384615384,0
6891-JPYFF,Female,0,Yes,Yes,48,Yes,Yes,Fiber optic,Yes,Yes,No,No,Yes,Yes,Month-to-month,Yes,Credit card (automatic),105.25,4997.5,0,36-48,0,6,1,104.11458333333333,2
1459-QNFQT,Male,0,Yes,Yes,70,No,No,DSL,Yes,No,Yes,Yes,Yes,Yes,Two year,No,Bank transfer (automatic),59.5,4144.8,0,60-72,0,5,0,59.21142857142858,0
1047-NNCBF,Male,0,No,No,20,Yes,No,Fiber optic,No,No,No,No,No,No,Month-to-month,No,Credit card (automatic),70.55,1493.55,0,12-24,0,1,1,74.6775,2
3696-XRIEN,Female,0,No,No,50,Yes,Yes,DSL,Yes,No,Yes,Yes,Yes,Yes,One year,Yes,Credit card (automatic),82.5,4179.1,0,48-60,0,7,1,83.58200000000001,1
4081-DYXAV,Female,0,No,No,19,No,No,DSL,No,No,No,No,Yes,Yes,One year,Yes,Credit card (automatic),44.85,893.55,1,12-24,0,2,0,47.02894736842105,1
0074-HDKDG,Male,0,Yes,Yes,25,Yes,No,DSL,Yes,Yes,Yes,No,No,No,One year,Yes,Bank transfer (automatic),61.6,1611.0,0,24-36,0,4,1,64.44,1
8791-GFXLZ,Male,0,No,No,12,Yes,No,DSL,No,Yes,No,No,No,No,Month-to-month,Yes,Bank transfer (automatic),49.05,593.05,0,0-12,0,2,1,49.42083333333333,2
8111-SLLHI,Male,1,Yes,No,39,Yes,Yes,Fiber optic,No,Yes,Yes,No,Yes,Yes,Month-to-month,Yes,Electronic check,105.65,4284.8,1,36-48,0,6,1,109.86666666666667,2
0927-LCSMG,Male,0,No,No,7,Yes,No,Fiber optic,No,No,Yes,No,No,No,Month-to-month,No,Mailed check,74.65,544.55,1,0-12,0,2,1,77.79285714285713,2
9330-DHBFL,Female,0,Yes,Yes,23,Yes,No,DSL,Yes,Yes,Yes,Yes,No,No,One year,Yes,Mailed check,66.25,1533.8,0,12-24,0,5,1,66.68695652173913,1
0098-BOWSO,Male,0,No,No,27,Yes,No,No,No,No,No,No,No,No,Month-to-month,Yes,Electronic check,19.4,529.8,0,24-36,0,1,0,19.62222222222222,2
3452-ABWRL,Male,1,No,No,47,Yes,Yes,Fiber optic,No,No,No,No,Yes,No,Month-to-month,Yes,Credit card (automatic),86.05,3865.6,0,36-48,0,3,1,82.2468085106383,2
5859-HZYLF,Male,0,Yes,Yes,26,Yes,No,No,No,No,No,No,No,No,Two year,Yes,Credit card (automatic),19.15,515.75,0,24-36,0,1,0,19.83653846153846,0
8257-RZAHR,Female,0,Yes,No,14,Yes,Yes,DSL,Yes,No,No,No,Yes,No,Month-to-month,Yes,Bank transfer (automatic),64.7,941.0,1,12-24,0,4,1,67.21428571428571,2
5293-WXJAK,Female,1,Yes,No,11,Yes,Yes,Fiber optic,No,No,Yes,Yes,Yes,Yes,Month-to-month,Yes,Bank transfer (automatic),104.05,1133.65,1,0-12,0,6,1,103.05909090909091,2
3156-QLHBO,Male,0,No,Yes,2,Yes,No,No,No,No,No,No,No,No,Month-to-month,No,Mailed check,19.25,48.35,0,0-12,1,1,0,24.175,2
2208-NQBCT,Female,0,Yes,Yes,26,Yes,No,Fiber optic,Yes,Yes,No,No,No,No,Month-to-month,No,Electronic check,81.95,2070.05,0,24-36,0,3,1,79.6173076923077,2
1779-PWPMG,Female,1,Yes,No,72,Yes,Yes,Fiber optic,Yes,Yes,Yes,Yes,Yes,Yes,Two year,Yes,Bank transfer (automatic),114.65,8333.95,0,60-72,0,8,1,115.74930555555557,0
6621-NRZAK,Female,0,Yes,Yes,63,Yes,No,No,No,No,No,No,No,No,Two year,No,Credit card (automatic),20.0,1209.25,0,60-72,0,1,0,19.194444444444443,0
0831-JNISG,Male,0,Yes,Yes,71,Yes,No,No,No,No,No,No,No,No,Two year,No,Mailed check,19.8,1396.25,0,60-72,0,1,0,19.66549295774648,0
0774-IFUVM,Male,0,Yes,Yes,11,Yes,Yes,DSL,Yes,No,No,No,Yes,No,Month-to-month,Yes,Bank transfer (automatic),65.15,723.35,0,0-12,0,4,1,65.75909090909092,2
3082-WQRVY,Male,1,Yes,No,14,Yes,No,No,No,No,No,No,No,No,One year,No,Mailed check,19.65,228.65,0,12-24,0,1,0,16.33214285714286,1
9553-DLCLU,Female,0,No,Yes,13,Yes,Yes,DSL,Yes,Yes,Yes,Yes,Yes,Yes,Two year,No,Credit card (automatic),88.95,1161.75,0,12-24,0,8,1,89.36538461538461,0
1641-BYBTK,Male,0,No,Yes,6,Yes,No,No,No,No,No,No,No,No,Month-to-month,Yes,Mailed check,20.2,98.35,0,0-12,1,1,0,16.391666666666666,2
2460-NGXBJ,Male,1,Yes,Yes,11,Yes,Yes,Fiber optic,No,No,No,No,No,No,Month-to-month,Yes,Credit card (automatic),75.2,775.3,0,0-12,0,2,1,70.48181818181818,2
2446-ZKVAF,Male,0,Yes,No,18,Yes,Yes,DSL,No,Yes,No,No,No,No,Month-to-month,No,Credit card (automatic),56.8,1074.65,0,12-24,0,3,1,59.70277777777778,2
0841-NULXI,Male,0,No,No,1,No,No,DSL,No,No,No,No,No,Yes,Month-to-month,Yes,Electronic check,35.55,35.55,1,0-12,1,1,0,35.55,2
3522-CDKHF,Female,0,Yes,No,32,Yes,No,Fiber optic,Yes,No,No,No,No,No,Month-to-month,Yes,Bank transfer (automatic),75.5,2324.7,0,24-36,0,2,1,72.646875,2
1430-SFQSA,Male,0,No,No,29,No,No,DSL,Yes,No,No,Yes,No,No,One year,No,Mailed check,35.6,1072.6,0,24-36,0,2,0,36.98620689655172,1
0411-EZJZE,Female,0,No,No,3,Yes,Yes,DSL,No,No,No,No,Yes,No,Month-to-month,Yes,Electronic check,60.25,170.5,0,0-12,1,3,1,56.833333333333336,2
7851-WZEKY,Female,0,No,No,2,Yes,Yes,Fiber optic,No,No,No,No,Yes,Yes,Month-to-month,Yes,Electronic check,95.15,196.9,1,0-12,1,4,1,98.45,2
8844-TONUD,Male,0,Yes,Yes,13,Yes,No,Fiber optic,No,No,Yes,No,Yes,Yes,Month-to-month,Yes,Mailed check,96.65,1162.85,1,12-24,0,4,1,89.44999999999999,2
8807-ARQET,Female,0,No,No,41,No,No,DSL,No,Yes,No,No,No,Yes,Month-to-month,Yes,Electronic check,40.35,1677.85,0,36-48,0,2,0,40.923170731707316,2
8992-CEUEN,Female,0,No,No,1,Yes,No,No,No,No,No,No,No,No,Month-to-month,No,Electronic check,18.85,18.85,0,0-12,1,1,0,18.85,2
4320-QMLLA,Male,0,No,No,7,Yes,No,DSL,No,No,No,No,Yes,No,Month-to-month,No,Mailed check,54.85,370.4,0,0-12,0,2,1,52.91428571428571,2
8777-PVYGU,Female,0,Yes,No,52,Yes,No,DSL,Yes,No,Yes,No,Yes,No,One year,Yes,Mailed check,64.3,3410.6,0,48-60,0,4,1,65.58846153846153,1
8292-ITGYJ,Female,0,Yes,Yes,45,Yes,Yes,No,No,No,No,No,No,No,Two year,Yes,Bank transfer (automatic),24.65,1138.8,0,36-48,0,2,0,25.306666666666665,0
6870-ZWMNX,Male,0,Yes,No,70,Yes,Yes,DSL,No,Yes,Yes,Yes,Yes,No,Two year,No,Credit card (automatic),76.1,5264.25,0,60-72,0,6,1,75.20357142857142,0
0621-CXBKL,Female,0,No,No,53,Yes,No,No,No,No,No,No,No,No,Two year,No,Mailed check,18.7,1005.7,0,48-60,0,1,0,18.975471698113207,0
5268-DSMNQ,Female,1,Yes,No,62,Yes,Yes,Fiber optic,No,Yes,Yes,No,Yes,No,One year,Yes,Credit card (automatic),97.95,5936.55,0,60-72,0,5,1,95.7508064516129,1
5334-JLAXU,Female,0,Yes,No,60,Yes,Yes,Fiber optic,Yes,Yes,No,No,No,Yes,Month-to-month,Yes,Credit card (automatic),94.1,5475.9,0,48-60,0,5,1,91.265,2
4086-YQSNZ,Female,1,Yes,No,3,Yes,No,Fiber optic,No,No,No,No,Yes,No,Month-to-month,Yes,Electronic check,80.4,224.05,1,0-12,1,2,1,74.68333333333334,2
6242-MBHPK,Female,1,Yes,No,23,Yes,No,Fiber optic,Yes,No,No,No,Yes,Yes,Month-to-month,Yes,Electronic check,95.1,2326.05,0,12-24,0,4,1,101.13260869565218,2
5868-CZJDR,Male,0,No,Yes,1,No,No,DSL,No,Yes,No,No,No,No,Month-to-month,Yes,Mailed check,31.35,31.35,1,0-12,1,1,0,31.35,2
9359-UGBTK,Female,0,No,No,67,Yes,No,DSL,Yes,No,Yes,Yes,No,Yes,One year,Yes,Bank transfer (automatic),72.35,4991.5,0,60-72,0,5,1,74.5,1
0135-NMXAP,Female,0,No,No,12,Yes,Yes,Fiber optic,No,Yes,No,No,Yes,No,Month-to-month,Yes,Bank transfer (automatic),89.75,1052.4,1,0-12,0,4,1,87.7,2
4782-OSFXZ,Female,1,Yes,No,71,Yes,Yes,DSL,Yes,Yes,Yes,Yes,No,Yes,Two year,Yes,Bank transfer (automatic),82.7,5831.2,0,60-72,0,7,1,82.12957746478872,0
6479-OAUSD,Male,0,No,No,25,Yes,No,No,No,No,No,No,No,No,One year,No,Credit card (automatic),19.9,510.8,0,24-36,0,1,0,20.432000000000002,1
7129-ACFOG,Female,0,No,No,5,Yes,Yes,DSL,Yes,No,No,No,No,No,Month-to-month,Yes,Electronic check,53.8,283.95,0,0-12,1,3,1,56.79,2
4189-NAKJS,Male,0,No,No,26,Yes,Yes,DSL,No,No,No,No,No,No,One year,Yes,Credit card (automatic),51.55,1295.4,0,24-36,0,2,1,49.823076923076925,1
5562-BETPV,Male,0,Yes,Yes,1,Yes,No,No,No,No,No,No,No,No,One year,No,Mailed check,19.65,19.65,0,0-12,1,1,0,19.65,1
1282-IHQAC,Male,1,No,No,70,No,No,DSL,No,Yes,Yes,No,Yes,No,One year,Yes,Credit card (automatic),44.05,3011.65,0,60-72,0,3,0,43.02357142857143,1
9127-FHJBZ,Male,0,Yes,Yes,72,Yes,Yes,Fiber optic,Yes,Yes,Yes,Yes,Yes,Yes,Two year,Yes,Electronic check,114.0,8093.15,0,60-72,0,8,1,112.4048611111111,0
6270-OMFIW,Male,0,Yes,No,60,Yes,No,Fiber optic,No,Yes,No,No,Yes,Yes,One year,Yes,Electronic check,94.4,5610.25,1,48-60,0,4,1,93.50416666666666,1
1641-RQDAY,Female,1,Yes,Yes,32,Yes,Yes,Fiber optic,No,Yes,No,No,Yes,Yes,Month-to-month,Yes,Electronic check,100.4,3217.65,0,24-36,0,5,1,100.5515625,2
0107-WESLM,Male,0,No,No,1,Yes,No,No,No,No,No,No,No,No,Month-to-month,Yes,Electronic check,19.85,19.85,1,0-12,1,1,0,19.85,2
6994-ORCWG,Female,0,No,No,14,Yes,Yes,DSL,No,Yes,No,No,No,No,One year,Yes,Mailed check,54.25,773.2,0,12-24,0,3,1,55.228571428571435,1
1346-UFHAX,Female,0,No,No,13,Yes,Yes,Fiber optic,Yes,No,No,No,No,No,Month-to-month,Yes,Credit card (automatic),80.0,1029.35,0,12-24,0,3,1,79.18076923076923,2
3992-YWPKO,Female,0,No,No,6,Yes,Yes,Fiber optic,No,Yes,Yes,Yes,Yes,Yes,Month-to-month,Yes,Credit card (automatic),109.9,669.45,1,0-12,1,7,1,111.575,2
2933-XEUJM,Female,0,No,No,46,Yes,Yes,DSL,Yes,No,Yes,No,Yes,Yes,Two year,No,Mailed check,79.2,3593.8,0,36-48,0,6,1,78.12608695652175,0
0125-LZQXK,Male,0,No,No,15,Yes,No,Fiber optic,No,No,Yes,Yes,Yes,Yes,Month-to-month,Yes,Electronic check,101.35,1553.95,1,12-24,0,5,1,103.59666666666666,2
5461-QKNTN,Male,1,Yes,No,43,Yes,Yes,Fiber optic,No,Yes,No,Yes,Yes,No,Month-to-month,Yes,Electronic check,94.3,3953.15,0,36-48,0,5,1,91.93372093023255,2
4835-YSJMR,Male,0,No,No,39,Yes,No,DSL,No,No,No,Yes,No,No,Two year,Yes,Bank transfer (automatic),49.8,1971.15,0,36-48,0,2,1,50.542307692307695,0
8399-YNDCH,Male,1,No,No,21,Yes,No,DSL,No,No,Yes,No,Yes,No,Month-to-month,Yes,Bank transfer (automatic),60.05,1236.15,1,12-24,0,3,1,58.86428571428572,2
3164-YAXFY,Male,0,No,No,57,No,No,DSL,Yes,No,Yes,No,Yes,Yes,Month-to-month,Yes,Electronic check,53.75,3196.0,0,48-60,0,4,0,56.07017543859649,2
0887-WBJVH,Female,0,Yes,No,53,Yes,No,Fiber optic,No,No,No,Yes,Yes,Yes,One year,Yes,Electronic check,93.45,4872.2,0,48-60,0,4,1,91.92830188679245,1
4660-IRIBM,Male,0,Yes,Yes,18,Yes,No,Fiber optic,Yes,No,Yes,No,Yes,No,Month-to-month,Yes,Mailed check,87.9,1500.5,0,12-24,0,4,1,83.36111111111111,2
5673-FSSMF,Female,0,No,No,1,Yes,Yes,DSL,No,No,No,No,No,Yes,Month-to-month,Yes,Electronic check,60.15,60.15,1,0-12,1,3,1,60.15,2
7670-ZBPOQ,Female,0,Yes,No,58,Yes,Yes,DSL,Yes,No,No,Yes,No,No,One year,Yes,Bank transfer (automatic),61.05,3478.75,0,48-60,0,4,1,59.97844827586207,1
8089-UZWLX,Female,1,No,No,71,Yes,Yes,Fiber optic,No,No,Yes,No,Yes,Yes,Two year,No,Bank transfer (automatic),104.05,7413.55,0,60-72,0,5,1,104.41619718309859,0
0080-OROZO,Female,0,No,No,35,Yes,No,Fiber optic,No,No,Yes,Yes,Yes,Yes,One year,Yes,Electronic check,99.25,3532.0,0,24-36,0,5,1,100.91428571428571,1
3916-NRPAP,Male,0,No,No,3,Yes,No,Fiber optic,No,No,Yes,No,No,Yes,Month-to-month,No,Credit card (automatic),85.7,256.75,0,0-12,1,3,1,85.58333333333333,2
6807-SIWJI,Male,0,No,No,38,Yes,Yes,Fiber optic,Yes,Yes,No,No,Yes,Yes,One year,Yes,Electronic check,104.85,3887.25,0,36-48,0,6,1,102.29605263157895,1
8221-HVAYI,Male,0,Yes,Yes,35,Yes,Yes,DSL,Yes,Yes,Yes,Yes,No,No,Two year,Yes,Credit card (automatic),69.15,2490.15,0,24-36,0,6,1,71.14714285714285,0
1579-KLYDT,Male,0,No,No,7,Yes,Yes,Fiber optic,No,No,Yes,No,Yes,No,Month-to-month,Yes,Electronic check,90.45,593.45,1,0-12,0,4,1,84.77857142857144,2
5232-NXPAY,Female,0,No,No,47,Yes,No,DSL,No,No,Yes,Yes,Yes,Yes,Two year,No,Mailed check,74.45,3510.3,0,36-48,0,5,1,74.6872340425532,0
8967-SZQAS,Female,0,No,No,14,Yes,No,DSL,No,Yes,No,No,No,No,Month-to-month,No,Electronic check,50.45,765.45,0,12-24,0,2,1,54.675000000000004,2
4468-KAZHE,Female,1,Yes,No,20,Yes,No,DSL,No,Yes,No,No,No,Yes,Month-to-month,Yes,Electronic check,60.0,1259.35,0,12-24,0,3,1,62.967499999999994,2
0455-ENTCR,Male,0,Yes,No,66,Yes,Yes,DSL,Yes,Yes,No,Yes,Yes,Yes,Two year,No,Electronic check,85.25,5538.35,0,60-72,0,7,1,83.91439393939395,0
8944-AILEF,Male,0,Yes,No,15,Yes,No,No,No,No,No,No,No,No,Month-to-month,Yes,Credit card (automatic),19.45,340.85,0,12-24,0,1,0,22.723333333333336,2
5542-NKVRU,Female,0,No,No,42,Yes,No,No,No,No,No,No,No,No,Two year,Yes,Bank transfer (automatic),20.75,844.45,0,36-48,0,1,0,20.10595238095238,0
7126-RBHSD,Female,0,Yes,No,17,Yes,Yes,Fiber optic,Yes,No,No,No,No,No,Month-to-month,No,Electronic check,78.9,1348.95,0,12-24,0,3,1,79.35000000000001,2
5370-IIVVL,Male,0,No,No,37,Yes,Yes,Fiber optic,No,Yes,No,Yes,Yes,Yes,One year,Yes,Credit card (automatic),104.5,3778.0,0,36-48,0,6,1,102.10810810810811,1
6789-HJBWG,Female,0,No,No,12,Yes,No,DSL,No,Yes,No,No,No,No,Month-to-month,Yes,Electronic check,49.4,611.65,0,0-12,0,2,1,50.97083333333333,2
3927-NLNRY,Male,0,Yes,No,53,Yes,No,Fiber optic,No,Yes,No,No,Yes,Yes,One year,Yes,Bank transfer (automatic),94.25,4867.95,1,48-60,0,4,1,91.84811320754717,1
9087-EYCPR,Female,0,No,No,60,Yes,Yes,No,No,No,No,No,No,No,Two year,No,Mailed check,25.0,1505.05,0,48-60,0,2,0,25.084166666666665,0
6791-YBNAK,Male,0,Yes,Yes,18,No,No,DSL,No,No,No,No,No,No,Month-to-month,No,Credit card (automatic),25.55,467.85,0,12-24,0,0,0,25.991666666666667,2
6358-LYNGM,Male,0,No,No,1,Yes,Yes,Fiber optic,No,No,No,No,No,No,Month-to-month,Yes,Electronic check,74.9,74.9,1,0-12,1,2,1,74.9,2
6077-BDPXA,Female,0,No,No,3,Yes,No,Fiber optic,No,No,No,No,No,No,Month-to-month,Yes,Electronic check,70.15,194.2,0,0-12,1,1,1,64.73333333333333,2
0013-MHZWF,Female,0,No,Yes,9,Yes,No,DSL,No,No,No,Yes,Yes,Yes,Month-to-month,Yes,Credit card (automatic),69.4,571.45,0,0-12,0,4,1,63.49444444444445,2
5494-HECPR,Female,0,No,No,1,Yes,No,Fiber optic,No,No,No,No,Yes,No,Month-to-month,Yes,Electronic check,80.25,80.25,1,0-12,1,2,1,80.25,2
8268-YDIXR,Male,0,Yes,No,56,Yes,Yes,Fiber optic,Yes,Yes,Yes,No,No,No,One year,Yes,Electronic check,93.15,5253.95,0,48-60,0,5,1,93.82053571428571,1
9824-BEMCV,Male,0,Yes,Yes,17,Yes,No,Fiber optic,No,No,No,No,No,No,Month-to-month,Yes,Electronic check,69.0,1149.65,1,12-24,0,1,1,67.62647058823529,2
1373-ORVIZ,Female,0,Yes,Yes,11,Yes,Yes,DSL,No,No,No,Yes,No,Yes,Month-to-month,Yes,Electronic check,66.35,740.8,1,0-12,0,4,1,67.34545454545454,2
4291-SHSBH,Male,0,No,No,7,Yes,No,Fiber optic,No,No,No,No,No,No,Month-to-month,Yes,Electronic check,69.55,521.35,0,0-12,0,1,1,74.47857142857143,2
6980-IMXXE,Female,0,Yes,Yes,69,Yes,No,No,No,No,No,No,No,No,Two year,No,Bank transfer (automatic),20.2,1412.65,0,60-72,0,1,0,20.473188405797103,0
9866-QEVEE,Male,0,No,No,19,Yes,Yes,Fiber optic,No,No,No,No,No,Yes,Month-to-month,Yes,Bank transfer (automatic),86.0,1532.45,1,12-24,0,3,1,80.65526315789474,2
9897-KXHCM,Female,0,Yes,Yes,3,Yes,No,Fiber optic,No,No,No,No,No,Yes,Month-to-month,Yes,Electronic check,80.3,250.05,1,0-12,1,2,1,83.35000000000001,2
0040-HALCW,Male,0,Yes,Yes,54,Yes,No,No,No,No,No,No,No,No,Two year,No,Credit card (automatic),20.4,1090.6,0,48-60,0,1,0,20.196296296296296,0
0784-GTUUK,Male,0,Yes,No,62,Yes,Yes,No,No,No,No,No,No,No,One year,Yes,Credit card (automatic),23.75,1446.8,0,60-72,0,2,0,23.335483870967742,1
7979-CORPM,Male,0,No,No,24,Yes,Yes,Fiber optic,No,Yes,No,No,Yes,No,Month-to-month,Yes,Credit card (automatic),90.55,2282.55,1,12-24,0,4,1,95.10625,2
2294-DMMUS,Female,0,Yes,Yes,62,Yes,Yes,DSL,No,No,No,No,Yes,Yes,Month-to-month,Yes,Credit card (automatic),70.45,4300.45,0,60-72,0,4,1,69.36209677419355,2
0872-JCPIB,Male,0,No,No,17,Yes,Yes,DSL,Yes,No,No,No,No,Yes,Month-to-month,No,Bank transfer (automatic),65.75,1111.2,0,12-24,0,4,1,65.36470588235295,2
3055-MJDSB,Male,0,No,No,9,No,No,DSL,No,No,No,No,No,No,Month-to-month,Yes,Mailed check,24.6,190.1,0,0-12,0,0,0,21.12222222222222,2
9091-WTUUY,Male,0,Yes,Yes,64,Yes,No,DSL,Yes,No,Yes,Yes,Yes,No,Two year,No,Mailed check,69.25,4447.75,0,60-72,0,5,1,69.49609375,0
1618-CFHME,Female,0,No,No,2,Yes,Yes,Fiber optic,No,No,No,No,No,No,Month-to-month,Yes,Electronic check,75.9,143.35,1,0-12,1,2,1,71.675,2
3165-HDOEW,Male,0,Yes,Yes,1,Yes,No,DSL,No,No,No,No,No,No,Month-to-month,Yes,Mailed check,45.85,45.85,1,0-12,1,1,1,45.85,2
6581-NQCBA,Female,0,Yes,No,16,No,No,DSL,No,No,No,Yes,Yes,Yes,Month-to-month,Yes,Electronic check,49.95,810.2,1,12-24,0,3,0,50.6375,2
7115-IRDHS,Female,0,Yes,No,72,Yes,Yes,No,No,No,No,No,No,No,Two year,No,Bank transfer (automatic),24.65,1830.05,0,60-72,0,2,0,25.41736111111111,0
8496-DMZUK,Male,0,No,No,30,Yes,Yes,Fiber optic,Yes,Yes,Yes,No,No,No,One year,No,Bank transfer (automatic),90.4,2820.65,0,24-36,0,5,1,94.02166666666668,1
2040-VZIKE,Female,0,Yes,No,49,Yes,Yes,Fiber optic,Yes,No,No,No,Yes,Yes,Month-to-month,Yes,Mailed check,100.85,4847.35,0,48-60,0,5,1,98.92551020408165,2
9068-VPWQQ,Male,0,Yes,No,61,Yes,Yes,DSL,Yes,No,Yes,Yes,No,Yes,Two year,No,Credit card (automatic),75.35,4729.3,0,60-72,0,6,1,77.52950819672131,0
0178-SZBHO,Male,0,Yes,Yes,47,Yes,Yes,Fiber optic,No,Yes,No,No,Yes,No,Month-to-month,No,Electronic check,87.2,4017.45,0,36-48,0,4,1,85.47765957446808,2
0384-RVBPI,Male,0,No,No,20,Yes,No,DSL,Yes,No,Yes,No,No,Yes,Month-to-month,No,Credit card (automatic),64.4,1398.6,0,12-24,0,4,1,69.92999999999999,2
1689-MRZQR,Male,0,Yes,Yes,34,Yes,No,Fiber optic,No,No,No,No,Yes,No,Month-to-month,No,Electronic check,78.3,2564.3,1,24-36,0,2,1,75.42058823529412,2
1299-AURJA,Female,0,Yes,Yes,70,Yes,Yes,No,No,No,No,No,No,No,Two year,No,Bank transfer (automatic),24.7,1685.9,0,60-72,0,2,0,24.084285714285716,0
4525-VZCZG,Male,0,No,Yes,54,Yes,No,Fiber optic,Yes,Yes,No,Yes,Yes,Yes,One year,Yes,Electronic check,105.85,5826.65,0,48-60,0,6,1,107.90092592592592,1
1543-LLLFT,Male,1,Yes,No,61,Yes,Yes,Fiber optic,No,Yes,Yes,Yes,Yes,No,One year,Yes,Mailed check,98.3,6066.55,0,60-72,0,6,1,99.4516393442623,1
5835-BEQEU,Male,0,No,No,3,Yes,Yes,Fiber optic,No,No,No,No,No,No,Month-to-month,Yes,Electronic check,76.95,228.4,1,0-12,1,2,1,76.13333333333334,2
2788-CJQAQ,Male,0,No,No,13,Yes,No,No,No,No,No,No,No,No,One year,No,Mailed check,19.45,270.2,0,12-24,0,1,0,20.784615384615385,1
5565-FILXA,Female,1,No,No,16,Yes,Yes,Fiber optic,No,No,No,No,Yes,Yes,Month-to-month,Yes,Electronic check,96.15,1529.2,1,12-24,0,4,1,95.575,2
0319-QZTCO,Female,0,Yes,Yes,3,Yes,No,DSL,No,Yes,No,No,Yes,No,Month-to-month,Yes,Credit card (automatic),58.7,168.6,0,0-12,1,3,1,56.199999999999996,2
2120-SMPEX,Male,0,No,No,25,Yes,No,No,No,No,No,No,No,No,Month-to-month,Yes,Mailed check,20.15,536.35,0,24-36,0,1,0,21.454,2
0096-FCPUF,Male,0,No,No,30,Yes,Yes,DSL,Yes,No,No,No,No,Yes,Month-to-month,Yes,Mailed check,64.5,1888.45,0,24-36,0,4,1,62.94833333333334,2
0668-OGMHD,Female,0,Yes,No,21,No,No,DSL,Yes,No,No,No,No,No,Month-to-month,No,Electronic check,28.5,629.35,0,12-24,0,1,0,29.969047619047622,2
5552-ZNFSJ,Male,0,No,No,1,Yes,No,DSL,No,No,No,No,No,No,Month-to-month,No,Electronic check,45.3,45.3,1,0-12,1,1,1,45.3,2
2223-KAGMX,Female,0,No,No,15,Yes,No,No,No,No,No,No,No,No,Month-to-month,No,Bank transfer (automatic),19.4,289.3,1,12-24,0,1,0,19.28666666666667,2
6507-ZJSUR,Male,1,Yes,No,23,Yes,No,Fiber optic,No,No,No,No,Yes,Yes,Month-to-month,Yes,Electronic check,90.45,2117.25,0,12-24,0,3,1,92.05434782608695,2
9408-HRXRK,Female,0,Yes,Yes,45,Yes,Yes,Fiber optic,Yes,Yes,No,No,Yes,Yes,Month-to-month,Yes,Electronic check,105.15,4730.9,0,36-48,0,6,1,105.1311111111111,2
5593-SUAOO,Female,0,Yes,Yes,24,Yes,Yes,Fiber optic,No,Yes,Yes,No,No,No,One year,No,Bank transfer (automatic),83.15,2033.05,0,12-24,0,4,1,84.71041666666666,1
7321-PKUYW,Female,0,No,No,11,Yes,Yes,Fiber optic,No,No,No,Yes,Yes,No,Month-to-month,No,Electronic check,90.15,987.95,1,0-12,0,4,1,89.81363636363636,2
2833-SLKDQ,Male,0,No,No,1,Yes,No,DSL,No,No,No,No,No,No,Month-to-month,No,Mailed check,45.05,45.05,1,0-12,1,1,1,45.05,2
6766-HFKLA,Female,0,Yes,No,56,Yes,Yes,Fiber optic,No,No,Yes,Yes,Yes,Yes,Two year,No,Bank transfer (automatic),103.2,5744.35,0,48-60,0,6,1,102.57767857142858,0
7595-EUIVN,Female,0,No,No,1,Yes,No,Fiber optic,No,Yes,No,No,No,No,Month-to-month,No,Electronic check,75.8,75.8,1,0-12,1,2,1,75.8,2
7617-EYGLW,Male,0,No,No,1,Yes,No,No,No,No,No,No,No,No,Month-to-month,No,Electronic check,19.45,19.45,0,0-12,1,1,0,19.45,2
2026-TGDHM,Female,0,No,No,7,Yes,No,Fiber optic,No,No,No,No,No,Yes,Month-to-month,Yes,Electronic check,79.3,523.15,1,0-12,0,2,1,74.73571428571428,2
9220-ZNKJI,Female,1,Yes,No,55,Yes,No,Fiber optic,No,No,Yes,Yes,Yes,No,Two year,No,Credit card (automatic),88.8,4805.3,0,48-60,0,4,1,87.36909090909091,0
4030-VPZBD,Female,0,No,No,2,No,No,DSL,No,No,No,Yes,No,No,Month-to-month,Yes,Electronic check,30.9,59.05,1,0-12,1,1,0,29.525,2
2226-ICFDO,Female,0,Yes,Yes,72,Yes,Yes,DSL,Yes,No,Yes,Yes,Yes,Yes,Two year,Yes,Credit card (automatic),85.9,6110.75,0,60-72,0,7,1,84.87152777777777,0
0723-VSOBE,Female,1,No,No,45,No,No,DSL,No,No,No,No,No,Yes,One year,No,Electronic check,34.2,1596.6,0,36-48,0,1,0,35.48,1
5529-GIBVH,Female,0,No,No,47,Yes,No,No,No,No,No,No,No,No,Two year,No,Mailed check,20.15,1046.2,0,36-48,0,1,0,22.25957446808511,0
4187-CINZD,Female,1,No,No,46,Yes,No,Fiber optic,No,Yes,No,No,Yes,Yes,One year,No,Credit card (automatic),95.25,4424.2,1,36-48,0,4,1,96.17826086956521,1
9992-UJOEL,Male,0,No,No,2,Yes,No,DSL,No,Yes,No,No,No,No,Month-to-month,Yes,Mailed check,50.3,92.75,0,0-12,1,2,1,46.375,2
4741-WWJQZ,Female,0,Yes,No,2,Yes,No,Fiber optic,Yes,No,No,Yes,No,No,Month-to-month,Yes,Electronic check,80.15,194.55,0,0-12,1,3,1,97.275,2
6625-UTXEW,Female,0,Yes,No,12,Yes,No,DSL,No,Yes,No,No,No,No,Month-to-month,Yes,Electronic check,51.25,612.1,0,0-12,0,2,1,51.00833333333333,2
6818-WOBHJ,Female,1,Yes,No,68,Yes,Yes,Fiber optic,No,Yes,No,No,No,Yes,Month-to-month,Yes,Bank transfer (automatic),89.6,6127.6,1,60-72,0,4,1,90.11176470588236,2
6244-BESBM,Male,0,Yes,Yes,69,Yes,No,Fiber optic,No,No,No,Yes,Yes,Yes,Two year,Yes,Credit card (automatic),95.2,6671.7,0,60-72,0,4,1,96.69130434782609,0
1004-NOZNR,Male,1,No,Yes,56,Yes,No,Fiber optic,Yes,No,No,No,Yes,Yes,One year,No,Credit card (automatic),94.8,5264.3,0,48-60,0,4,1,94.00535714285715,1
1251-STYSZ,Female,1,No,No,4,Yes,Yes,Fiber optic,Yes,No,No,No,No,No,Month-to-month,Yes,Electronic check,80.25,303.7,0,0-12,1,3,1,75.925,2
2612-PHGOX,Male,0,Yes,No,64,Yes,Yes,DSL,No,Yes,Yes,Yes,Yes,No,Two year,Yes,Bank transfer (automatic),76.1,4818.8,0,60-72,0,6,1,75.29375,0
2408-TZMJL,Male,0,Yes,No,59,Yes,Yes,Fiber optic,Yes,Yes,Yes,No,Yes,Yes,One year,Yes,Electronic check,110.15,6448.05,1,48-60,0,7,1,109.28898305084746,1
8480-PPONV,Male,0,Yes,Yes,62,Yes,Yes,Fiber optic,Yes,Yes,Yes,Yes,Yes,Yes,Two year,No,Bank transfer (automatic),115.55,7159.05,0,60-72,0,8,1,115.46854838709677,0
8780-IHCRN,Male,0,Yes,Yes,63,Yes,Yes,No,No,No,No,No,No,No,Two year,No,Credit card (automatic),24.65,1574.5,0,60-72,0,2,0,24.99206349206349,0
4598-ZADCK,Female,0,No,No,53,No,No,DSL,Yes,Yes,Yes,Yes,Yes,No,One year,Yes,Electronic check,53.6,2879.2,0,48-60,0,5,0,54.32452830188679,1
1257-SXUXQ,Male,0,Yes,Yes,5,Yes,No,No,No,No,No,No,No,No,Month-to-month,No,Mailed check,19.45,86.05,0,0-12,1,1,0,17.21,2
9681-KYGYB,Male,1,Yes,No,49,Yes,Yes,Fiber optic,Yes,Yes,Yes,No,No,No,Month-to-month,Yes,Electronic check,88.2,4159.45,0,48-60,0,5,1,84.88673469387754,2
7182-OVLBJ,Female,0,Yes,Yes,62,Yes,Yes,Fiber optic,Yes,No,No,No,Yes,Yes,Two year,Yes,Bank transfer (automatic),101.15,6638.35,0,60-72,0,5,1,107.07016129032259,0
5095-ETBRJ,Female,0,Yes,No,55,Yes,No,DSL,Yes,Yes,No,Yes,No,No,Two year,No,Mailed check,56.8,3112.05,0,48-60,0,4,1,56.582727272727276,0
7005-CYUIL,Female,1,Yes,No,71,Yes,No,Fiber optic,Yes,Yes,Yes,Yes,Yes,No,Two year,Yes,Electronic check,99.4,7168.25,0,60-72,0,6,1,100.96126760563381,0
4821-WQOYN,Female,0,Yes,Yes,72,Yes,No,No,No,No,No,No,No,No,Two year,Yes,Credit card (automatic),20.1,1326.25,0,60-72,0,1,0,18.42013888888889,0
4730-AWNAU,Male,0,Yes,Yes,36,No,No,DSL,Yes,No,Yes,Yes,Yes,Yes,One year,No,Credit card (automatic),60.7,2234.55,0,24-36,0,5,0,62.07083333333334,1
3452-FLHYD,Male,0,Yes,No,25,Yes,No,No,No,No,No,No,No,No,One year,Yes,Bank transfer (automatic),20.95,495.15,0,24-36,0,1,0,19.805999999999997,1
2388-LAESQ,Female,1,Yes,No,72,Yes,Yes,Fiber optic,Yes,Yes,Yes,Yes,Yes,Yes,Two year,Yes,Bank transfer (automatic),114.85,8317.95,0,60-72,0,8,1,115.52708333333334,0
9531-NSBMR,Female,0,No,No,36,Yes,No,No,No,No,No,No,No,No,One year,Yes,Bank transfer (automatic),19.25,679.8,0,24-36,0,1,0,18.883333333333333,1
6260-ONULR,Male,0,No,No,1,Yes,No,DSL,No,No,No,No,Yes,Yes,Month-to-month,Yes,Mailed check,62.8,62.8,0,0-12,1,3,1,62.8,2
4389-UEFCZ,Female,0,Yes,No,72,Yes,Yes,Fiber optic,Yes,No,Yes,No,Yes,Yes,Two year,Yes,Electronic check,105.5,7544.0,0,60-72,0,6,1,104.77777777777777,0
8711-LOBKY,Male,0,Yes,Yes,59,Yes,No,No,No,No,No,No,No,No,Two year,No,Mailed check,19.85,1188.25,0,48-60,0,1,0,20.139830508474578,0
9134-CEQMF,Male,1,Yes,No,7,Yes,No,Fiber optic,No,No,No,No,Yes,Yes,Month-to-month,Yes,Electronic check,89.5,676.7,1,0-12,0,3,1,96.67142857142858,2
8985-OOPOS,Female,0,No,No,1,Yes,No,DSL,No,No,Yes,Yes,Yes,Yes,One year,No,Credit card (automatic),74.1,74.1,0,0-12,1,5,1,74.1,1
8800-ZKRFW,Female,0,Yes,Yes,30,Yes,Yes,Fiber optic,No,Yes,Yes,Yes,Yes,Yes,Month-to-month,Yes,Electronic check,107.5,3242.5,0,24-36,0,7,1,108.08333333333333,2
2616-FLVQC,Male,0,No,No,64,Yes,No,No,No,No,No,No,No,No,Two year,No,Mailed check,19.55,1240.15,0,60-72,0,1,0,19.37734375,0
9968-FFVVH,Male,0,No,No,63,Yes,Yes,DSL,Yes,Yes,Yes,Yes,No,No,One year,No,Bank transfer (automatic),68.8,4111.35,0,60-72,0,6,1,65.25952380952381,1
3108-PCCGG,Male,1,Yes,No,72,Yes,Yes,DSL,Yes,Yes,Yes,No,Yes,Yes,Two year,No,Credit card (automatic),84.45,5899.85,0,60-72,0,7,1,81.94236111111111,0
7993-PYKOF,Male,0,Yes,No,8,Yes,No,Fiber optic,Yes,No,No,No,No,No,Month-to-month,No,Electronic check,75.0,632.95,1,0-12,0,2,1,79.11875,2
8390-FESFV,Female,0,No,No,62,Yes,Yes,DSL,No,Yes,Yes,Yes,Yes,Yes,Two year,No,Bank transfer (automatic),84.5,5193.2,0,60-72,0,7,1,83.76129032258065,0
3022-BEXHZ,Male,0,Yes,Yes,67,Yes,Yes,Fiber optic,No,Yes,Yes,Yes,Yes,Yes,Two year,Yes,Bank transfer (automatic),111.2,7530.8,0,60-72,0,7,1,112.4,0
5027-XWQHA,Male,0,No,No,6,Yes,No,DSL,No,No,No,No,No,No,Month-to-month,No,Electronic check,44.75,270.95,1,0-12,1,1,1,45.15833333333333,2
6248-TKCQV,Female,0,Yes,Yes,70,Yes,Yes,DSL,Yes,No,No,Yes,Yes,Yes,Two year,Yes,Bank transfer (automatic),80.6,5460.2,0,60-72,0,6,1,78.00285714285714,0
6729-GDNGC,Female,1,No,No,20,Yes,No,Fiber optic,No,No,No,No,Yes,No,Month-to-month,No,Bank transfer (automatic),80.7,1614.2,0,12-24,0,2,1,80.71000000000001,2
6198-ZFIOJ,Female,0,No,No,5,Yes,Yes,Fiber optic,No,No,No,No,No,No,Month-to-month,No,Electronic check,75.6,402.5,0,0-12,1,2,1,80.5,2
5989-OMNJE,Female,0,Yes,Yes,24,No,No,DSL,Yes,Yes,Yes,No,Yes,Yes,One year,No,Electronic check,57.6,1367.75,0,12-24,0,5,0,56.989583333333336,1
4566-QVRRW,Female,0,Yes,No,11,Yes,No,DSL,No,No,No,No,No,No,Month-to-month,Yes,Electronic check,44.05,483.7,1,0-12,0,1,1,43.97272727272727,2
1291-CUOCY,Male,0,Yes,No,72,Yes,Yes,Fiber optic,No,Yes,Yes,Yes,Yes,Yes,Two year,Yes,Credit card (automatic),110.6,7962.2,0,60-72,0,7,1,110.58611111111111,0
9795-SHUHB,Female,0,Yes,Yes,66,Yes,No,DSL,Yes,Yes,No,Yes,No,No,Two year,Yes,Credit card (automatic),58.2,3810.8,0,60-72,0,4,1,57.73939393939394,0
3230-IUALN,Female,0,Yes,Yes,45,Yes,No,DSL,Yes,No,Yes,Yes,Yes,Yes,Two year,Yes,Mailed check,81.0,3533.6,0,36-48,0,6,1,78.52444444444444,0
0042-RLHYP,Female,0,Yes,Yes,69,Yes,No,No,No,No,No,No,No,No,Two year,No,Bank transfer (automatic),19.7,1396.9,0,60-72,0,1,0,20.244927536231884,0
8519-IMDHU,Male,1,Yes,No,15,Yes,Yes,Fiber optic,No,No,No,No,No,Yes,Month-to-month,Yes,Bank transfer (automatic),85.6,1345.55,1,12-24,0,3,1,89.70333333333333,2
4945-RVMTE,Female,0,No,No,28,Yes,No,DSL,No,No,Yes,No,Yes,No,Month-to-month,Yes,Bank transfer (automatic),59.55,1646.45,0,24-36,0,3,1,58.801785714285714,2
0201-OAMXR,Female,0,No,No,70,Yes,Yes,Fiber optic,Yes,Yes,Yes,Yes,Yes,Yes,One year,No,Credit card (automatic),115.55,8127.6,1,60-72,0,8,1,116.10857142857144,1
1866-NXPSP,Female,0,No,No,36,Yes,No,DSL,Yes,Yes,Yes,Yes,No,Yes,One year,Yes,Mailed check,75.55,2680.15,0,24-36,0,6,1,74.44861111111112,1
3372-KWFBM,Male,1,No,No,16,Yes,Yes,Fiber optic,No,No,No,No,Yes,No,Month-to-month,Yes,Electronic check,86.6,1281.0,1,12-24,0,3,1,80.0625,2
7831-QGOXH,Female,0,No,No,18,Yes,Yes,Fiber optic,No,No,No,No,Yes,No,Month-to-month,Yes,Electronic check,85.2,1553.9,1,12-24,0,3,1,86.32777777777778,2
6393-WRYZE,Female,0,Yes,No,34,Yes,Yes,Fiber optic,No,No,No,No,Yes,Yes,Month-to-month,Yes,Electronic check,97.65,3207.55,1,24-36,0,4,1,94.33970588235294,2
3941-XTSKM,Male,0,Yes,Yes,42,No,No,DSL,No,Yes,Yes,No,No,Yes,One year,Yes,Credit card (automatic),45.1,2049.05,0,36-48,0,3,0,48.786904761904765,1
1661-CZBAU,Male,0,No,No,48,Yes,Yes,DSL,Yes,No,No,Yes,No,Yes,One year,Yes,Bank transfer (automatic),70.95,3629.2,0,36-48,0,5,1,75.60833333333333,1
6599-RCLCJ,Male,0,Yes,No,47,Yes,Yes,Fiber optic,No,Yes,Yes,Yes,Yes,Yes,Month-to-month,Yes,Electronic check,109.55,5124.55,1,36-48,0,7,1,109.03297872340426,2
9831-BPFRI,Female,0,Yes,Yes,39,Yes,Yes,Fiber optic,No,Yes,Yes,Yes,No,No,One year,Yes,Electronic check,89.55,3474.45,1,36-48,0,5,1,89.08846153846153,1
5158-RIVOP,Female,0,Yes,Yes,11,Yes,No,No,No,No,No,No,No,No,Two year,No,Credit card (automatic),20.9,202.3,0,0-12,0,1,0,18.39090909090909,0
9788-YTFGE,Male,0,No,No,7,Yes,No,No,No,No,No,No,No,No,Month-to-month,Yes,Mailed check,19.95,147.5,0,0-12,0,1,0,21.071428571428573,2
9277-JOOMO,Female,0,No,No,3,Yes,Yes,No,No,No,No,No,No,No,Month-to-month,No,Mailed check,24.6,86.35,0,0-12,1,2,0,28.78333333333333,2
1907-YLNYW,Male,0,No,No,8,Yes,No,DSL,Yes,No,Yes,No,No,Yes,Month-to-month,Yes,Electronic check,66.7,579.0,0,0-12,0,4,1,72.375,2
1725-MIMXW,Male,0,No,Yes,1,Yes,No,No,No,No,No,No,No,No,Month-to-month,Yes,Mailed check,19.45,19.45,1,0-12,1,1,0,19.45,2
8947-YRTDV,Male,0,Yes,Yes,32,Yes,No,Fiber optic,Yes,Yes,Yes,No,No,Yes,One year,No,Mailed check,94.8,3131.55,0,24-36,0,5,1,97.8609375,1
3161-ONRWK,Male,0,Yes,Yes,60,Yes,No,DSL,Yes,Yes,Yes,Yes,No,No,One year,Yes,Bank transfer (automatic),65.85,3928.3,0,48-60,0,5,1,65.47166666666666,1
0114-RSRRW,Female,0,Yes,No,10,Yes,No,No,No,No,No,No,No,No,Month-to-month,Yes,Bank transfer (automatic),19.95,187.75,0,0-12,0,1,0,18.775,2
4565-NLZBV,Female,0,Yes,No,71,Yes,Yes,No,No,No,No,No,No,No,Two year,Yes,Bank transfer (automatic),24.65,1710.15,0,60-72,0,2,0,24.086619718309862,0
0031-PVLZI,Female,0,Yes,Yes,4,Yes,No,No,No,No,No,No,No,No,Month-to-month,No,Mailed check,20.35,76.35,1,0-12,1,1,0,19.0875,2
7206-GZCDC,Female,1,No,No,1,Yes,No,Fiber optic,No,No,No,No,No,No,Month-to-month,Yes,Electronic check,69.25,69.25,1,0-12,1,1,1,69.25,2
6682-VCIXC,Female,0,Yes,Yes,43,No,No,DSL,Yes,Yes,No,Yes,Yes,No,One year,Yes,Bank transfer (automatic),51.25,2151.6,0,36-48,0,4,0,50.03720930232558,1
4791-QRGMF,Male,0,Yes,No,59,Yes,Yes,Fiber optic,No,No,Yes,No,Yes,Yes,One year,Yes,Bank transfer (automatic),99.5,5961.1,1,48-60,0,5,1,101.035593220339,1
6475-VHUIZ,Female,0,Yes,No,23,Yes,No,DSL,No,No,Yes,Yes,No,No,Month-to-month,No,Electronic check,54.25,1221.55,0,12-24,0,3,1,53.11086956521739,2
3910-MRQOY,Female,0,Yes,No,72,Yes,No,No,No,No,No,No,No,No,Two year,No,Bank transfer (automatic),19.4,1496.45,0,60-72,0,1,0,20.78402777777778,0
0661-WCQNQ,Male,0,Yes,No,22,Yes,No,DSL,Yes,No,No,Yes,No,No,One year,Yes,Credit card (automatic),56.25,1292.2,0,12-24,0,3,1,58.73636363636364,1
7537-RBWEA,Female,0,No,No,1,No,No,DSL,No,No,No,No,No,No,Month-to-month,Yes,Mailed check,25.15,25.15,0,0-12,1,0,0,25.15,2
4656-CAURT,Male,0,No,No,69,Yes,Yes,No,No,No,No,No,No,No,Two year,No,Bank transfer (automatic),23.95,1713.1,0,60-72,0,2,0,24.827536231884057,0
0121-SNYRK,Male,0,No,No,50,No,No,DSL,Yes,No,No,Yes,No,No,One year,Yes,Mailed check,35.4,1748.9,0,48-60,0,2,0,34.978,1
1768-ZAIFU,Female,1,No,No,1,No,No,DSL,No,No,No,No,No,No,Month-to-month,Yes,Electronic check,25.2,25.2,1,0-12,1,0,0,25.2,2
4671-LXRDQ,Male,0,No,No,2,Yes,No,DSL,No,No,No,No,No,No,Month-to-month,Yes,Mailed check,45.0,96.45,1,0-12,1,1,1,48.225,2
3733-LSYCE,Female,0,Yes,No,15,Yes,No,Fiber optic,No,Yes,No,No,No,No,Month-to-month,No,Bank transfer (automatic),75.35,1114.55,0,12-24,0,2,1,74.30333333333333,2
6265-FRMTQ,Male,0,No,No,31,Yes,No,No,No,No,No,No,No,No,Two year,No,Bank transfer (automatic),20.4,609.1,0,24-36,0,1,0,19.648387096774194,0
1934-SJVJK,Male,0,No,No,1,Yes,No,No,No,No,No,No,No,No,Month-to-month,No,Mailed check,20.15,20.15,1,0-12,1,1,0,20.15,2
3838-OZURD,Male,0,Yes,No,66,Yes,Yes,Fiber optic,No,Yes,Yes,No,Yes,Yes,Month-to-month,Yes,Credit card (automatic),105.0,7133.25,1,60-72,0,6,1,108.07954545454545,2
1371-DWPAZ,Female,0,Yes,Yes,0,No,No,DSL,Yes,Yes,Yes,Yes,Yes,No,Two year,No,Credit card (automatic),56.05,0.0,0,0-12,1,5,0,56.05,0
9269-CQOOL,Male,0,No,Yes,3,Yes,No,DSL,No,No,No,No,Yes,No,Month-to-month,Yes,Credit card (automatic),54.7,169.45,1,0-12,1,2,1,56.48333333333333,2
2017-CCBLH,Female,0,No,No,8,Yes,No,No,No,No,No,No,No,No,Two year,No,Mailed check,20.0,141.6,0,0-12,0,1,0,17.7,0
7690-KPNCU,Male,0,Yes,Yes,64,Yes,No,DSL,Yes,No,Yes,No,Yes,Yes,One year,Yes,Credit card (automatic),73.05,4688.65,0,60-72,0,5,1,73.26015625,1
0536-BGFMZ,Female,0,Yes,No,28,Yes,No,No,No,No,No,No,No,No,Month-to-month,No,Mailed check,20.5,563.05,0,24-36,0,1,0,20.10892857142857,2
2293-IJWPS,Female,0,Yes,No,57,Yes,Yes,Fiber optic,No,No,Yes,No,Yes,Yes,One year,Yes,Credit card (automatic),100.75,5985.0,0,48-60,0,5,1,105.0,1
2845-HSJCY,Female,0,Yes,Yes,14,Yes,Yes,Fiber optic,No,No,Yes,No,No,Yes,Month-to-month,Yes,Electronic check,87.25,1258.6,1,12-24,0,4,1,89.89999999999999,2
5469-NUJUR,Male,0,No,No,19,Yes,No,No,No,No,No,No,No,No,Two year,Yes,Mailed check,19.95,373.5,0,12-24,0,1,0,19.657894736842106,0
1184-PJVDB,Male,0,Yes,No,10,Yes,No,Fiber optic,No,No,No,No,Yes,No,Month-to-month,Yes,Electronic check,79.95,857.2,1,0-12,0,2,1,85.72,2
2625-TRCZQ,Female,0,Yes,No,51,No,No,DSL,No,Yes,No,No,Yes,Yes,Month-to-month,Yes,Electronic check,49.65,2553.35,0,48-60,0,3,0,50.0656862745098,2
4102-HLENU,Female,0,Yes,No,67,Yes,Yes,DSL,Yes,Yes,Yes,No,No,No,Two year,No,Mailed check,65.65,4322.85,0,60-72,0,5,1,64.52014925373135,0
7266-GSSJX,Male,0,Yes,Yes,11,Yes,No,No,No,No,No,No,No,No,Month-to-month,Yes,Electronic check,20.45,250.8,0,0-12,0,1,0,22.8,2
7722-VJRQD,Male,0,Yes,Yes,72,No,No,DSL,Yes,No,Yes,Yes,Yes,Yes,Two year,No,Bank transfer (automatic),60.95,4549.05,0,60-72,0,5,0,63.181250000000006,0
7073-QETQY,Male,0,Yes,Yes,66,Yes,No,No,No,No,No,No,No,No,One year,Yes,Electronic check,20.35,1359.5,0,60-72,0,1,0,20.598484848484848,1
9415-DPEWS,Female,0,No,No,18,Yes,Yes,Fiber optic,No,No,No,Yes,Yes,No,Month-to-month,Yes,Electronic check,88.35,1639.3,1,12-24,0,4,1,91.07222222222222,2
5624-RYAMH,Female,0,No,No,9,Yes,No,No,No,No,No,No,No,No,Month-to-month,Yes,Electronic check,19.5,178.85,0,0-12,0,1,0,19.87222222222222,2
0196-JTUQI,Female,0,No,No,9,Yes,Yes,Fiber optic,No,No,No,No,No,No,Month-to-month,Yes,Credit card (automatic),75.2,633.85,0,0-12,0,2,1,70.42777777777778,2
7130-YXBRO,Male,0,Yes,No,48,Yes,Yes,Fiber optic,Yes,Yes,Yes,No,Yes,Yes,Month-to-month,Yes,Bank transfer (automatic),111.45,5315.1,0,36-48,0,7,1,110.73125,2
9272-LSVYH,Male,0,No,No,10,Yes,No,Fiber optic,No,No,No,No,No,No,Month-to-month,No,Mailed check,70.15,735.5,0,0-12,0,1,1,73.55,2
7943-RQCHR,Female,0,No,No,9,Yes,Yes,Fiber optic,No,No,No,No,Yes,Yes,Month-to-month,Yes,Electronic check,94.75,889.9,1,0-12,0,4,1,98.87777777777778,2
3793-MMFUH,Female,1,No,No,13,Yes,Yes,Fiber optic,No,No,No,No,Yes,Yes,Month-to-month,Yes,Electronic check,95.05,1290.0,1,12-24,0,4,1,99.23076923076923,2
3249-ZPQRG,Male,0,No,No,4,Yes,Yes,Fiber optic,No,Yes,No,No,No,No,Month-to-month,No,Electronic check,78.45,330.05,1,0-12,1,3,1,82.5125,2
2568-BRGYX,Male,0,No,No,4,Yes,No,Fiber optic,No,No,No,No,No,No,Month-to-month,Yes,Electronic check,70.2,237.95,1,0-12,1,1,1,59.4875,2
3084-DOWLE,Female,0,Yes,No,72,Yes,Yes,DSL,Yes,Yes,Yes,Yes,Yes,Yes,Two year,No,Bank transfer (automatic),92.0,6474.4,0,60-72,0,8,1,89.92222222222222,0
1084-MNSMJ,Female,0,Yes,Yes,51,Yes,No,DSL,Yes,Yes,Yes,Yes,Yes,Yes,Two year,No,Credit card (automatic),85.5,4421.95,0,48-60,0,7,1,86.70490196078431,0
7721-JXEAW,Male,0,Yes,No,59,No,No,DSL,No,Yes,No,No,No,Yes,Month-to-month,Yes,Bank transfer (automatic),41.05,2452.7,1,48-60,0,2,0,41.57118644067796,2
7249-WBIYX,Male,0,Yes,No,10,Yes,Yes,Fiber optic,No,No,No,No,Yes,No,Month-to-month,Yes,Electronic check,85.6,813.85,1,0-12,0,3,1,81.385,2
4238-HFHSN,Male,1,Yes,No,61,Yes,Yes,Fiber optic,No,Yes,No,No,No,No,Month-to-month,Yes,Electronic check,82.15,4904.85,0,60-72,0,3,1,80.40737704918034,2
6250-CGGUN,Male,0,No,No,54,Yes,No,Fiber optic,Yes,No,Yes,Yes,No,No,One year,No,Electronic check,84.4,4484.05,0,48-60,0,4,1,83.03796296296296,1
5478-JJVZK,Female,0,No,No,33,Yes,Yes,DSL,Yes,Yes,No,No,No,No,Month-to-month,Yes,Mailed check,60.9,2033.85,0,24-36,0,4,1,61.631818181818176,2
7596-IIWYC,Female,0,No,No,27,Yes,No,No,No,No,No,No,No,No,Two year,Yes,Bank transfer (automatic),20.25,538.2,0,24-36,0,1,0,19.933333333333334,0
6567-HOOPW,Female,1,No,No,1,Yes,No,Fiber optic,No,No,No,No,Yes,No,Month-to-month,Yes,Electronic check,79.2,79.2,1,0-12,1,2,1,79.2,2
9793-WECQC,Male,0,No,No,23,Yes,No,Fiber optic,No,Yes,No,No,Yes,Yes,Month-to-month,No,Mailed check,95.3,2192.9,0,12-24,0,4,1,95.34347826086957,2
4291-HPAXL,Male,0,No,Yes,1,Yes,No,No,No,No,No,No,No,No,Month-to-month,No,Mailed check,19.85,19.85,0,0-12,1,1,0,19.85,2
8999-YPYBV,Male,0,Yes,Yes,45,Yes,No,DSL,Yes,Yes,Yes,Yes,Yes,Yes,Two year,Yes,Mailed check,84.35,3858.05,0,36-48,0,7,1,85.73444444444445,0
1839-FBNFR,Female,0,Yes,Yes,39,Yes,No,No,No,No,No,No,No,No,Two year,Yes,Bank transfer (automatic),19.85,854.8,0,36-48,0,1,0,21.91794871794872,0
3164-AALRN,Male,0,No,No,5,Yes,No,DSL,No,No,Yes,No,Yes,Yes,One year,Yes,Mailed check,70.0,347.4,1,0-12,1,4,1,69.47999999999999,1
3071-MVJCD,Male,0,Yes,Yes,72,Yes,Yes,DSL,Yes,Yes,Yes,Yes,Yes,No,Two year,No,Bank transfer (automatic),82.3,5815.15,0,60-72,0,7,1,80.76597222222222,0
1697-BCSHV,Female,0,Yes,Yes,58,Yes,Yes,DSL,No,Yes,No,No,Yes,No,Month-to-month,Yes,Bank transfer (automatic),66.8,3970.4,0,48-60,0,4,1,68.45517241379311,2
0562-KBDVM,Female,0,No,No,70,No,No,DSL,Yes,Yes,Yes,Yes,No,No,Two year,Yes,Bank transfer (automatic),44.6,3058.15,0,60-72,0,4,0,43.68785714285715,0
1131-SUEKT,Male,0,Yes,Yes,61,Yes,No,Fiber optic,No,Yes,No,Yes,Yes,Yes,One year,Yes,Bank transfer (automatic),98.45,6145.2,0,60-72,0,5,1,100.74098360655738,1
3717-OEAUQ,Male,0,No,No,2,Yes,No,Fiber optic,No,No,No,No,No,No,Month-to-month,No,Mailed check,70.7,129.2,0,0-12,1,1,1,64.6,2
4538-WNTMJ,Female,0,Yes,Yes,46,Yes,Yes,No,No,No,No,No,No,No,One year,No,Mailed check,24.95,1165.9,0,36-48,0,2,0,25.345652173913045,1
3334-CTHOL,Female,0,No,No,1,Yes,Yes,DSL,No,No,No,No,No,No,Month-to-month,Yes,Bank transfer (automatic),49.95,49.95,1,0-12,1,2,1,49.95,2
4704-ERYFC,Female,0,Yes,No,22,Yes,No,Fiber optic,No,No,No,No,No,No,Month-to-month,Yes,Electronic check,69.25,1554.0,1,12-24,0,1,1,70.63636363636364,2
9432-RUVSL,Female,0,No,No,48,Yes,No,Fiber optic,Yes,No,Yes,Yes,Yes,Yes,Two year,Yes,Credit card (automatic),102.5,4904.25,0,36-48,0,6,1,102.171875,0
8060-HIWJJ,Male,0,No,No,64,Yes,Yes,DSL,No,Yes,Yes,Yes,Yes,Yes,Two year,No,Credit card (automatic),86.55,5632.55,0,60-72,0,7,1,88.00859375,0
7684-XSZIY,Male,0,Yes,Yes,72,Yes,Yes,No,No,No,No,No,No,No,Two year,No,Bank transfer (automatic),24.3,1643.25,0,60-72,0,2,0,22.822916666666668,0
9089-UOWJG,Female,0,Yes,Yes,12,Yes,No,DSL,No,No,Yes,No,Yes,No,Month-to-month,Yes,Credit card (automatic),58.35,740.55,0,0-12,0,3,1,61.7125,2
8621-MNIHH,Female,1,Yes,No,34,Yes,Yes,Fiber optic,No,Yes,Yes,No,No,Yes,Month-to-month,Yes,Electronic check,94.25,3217.55,1,24-36,0,5,1,94.63382352941177,2
8039-ACLPL,Female,0,Yes,Yes,72,Yes,No,DSL,Yes,Yes,Yes,No,No,Yes,Two year,No,Credit card (automatic),68.75,4888.2,0,60-72,0,5,1,67.89166666666667,0
9885-AIBVB,Male,0,Yes,No,29,Yes,Yes,Fiber optic,No,Yes,Yes,No,No,No,Month-to-month,Yes,Electronic check,85.8,2440.25,0,24-36,0,4,1,84.14655172413794,2
1934-MKPXS,Male,0,Yes,Yes,33,Yes,No,No,No,No,No,No,No,No,One year,No,Credit card (automatic),20.1,620.55,0,24-36,0,1,0,18.804545454545455,1
2592-YKDIF,Female,0,No,No,1,Yes,No,No,No,No,No,No,No,No,Month-to-month,No,Mailed check,20.35,20.35,0,0-12,1,1,0,20.35,2
2272-JKMSI,Female,0,Yes,Yes,62,Yes,Yes,Fiber optic,No,Yes,Yes,Yes,Yes,Yes,One year,Yes,Electronic check,110.8,6840.95,0,60-72,0,7,1,110.33790322580644,1
0471-LVHGK,Male,0,Yes,No,41,Yes,Yes,DSL,No,No,Yes,No,Yes,Yes,One year,Yes,Electronic check,73.0,3001.2,1,36-48,0,5,1,73.19999999999999,1
9518-RWHZL,Female,0,No,No,64,Yes,Yes,Fiber optic,No,No,Yes,No,Yes,Yes,One year,Yes,Credit card (automatic),100.05,6254.2,1,60-72,0,5,1,97.721875,1
8714-CTZJW,Female,0,No,No,4,Yes,No,Fiber optic,No,No,Yes,No,No,Yes,Month-to-month,Yes,Credit card (automatic),82.85,319.6,0,0-12,1,3,1,79.9,2
3569-EDBPQ,Female,0,No,No,24,Yes,Yes,Fiber optic,Yes,No,No,Yes,No,No,Month-to-month,Yes,Electronic check,84.35,1938.05,0,12-24,0,4,1,80.75208333333333,2
3131-NWVFJ,Female,0,Yes,Yes,14,Yes,No,No,No,No,No,No,No,No,One year,No,Mailed check,19.55,294.5,0,12-24,0,1,0,21.035714285714285,1
7521-YXVZY,Male,0,No,Yes,3,Yes,No,No,No,No,No,No,No,No,Month-to-month,No,Mailed check,19.95,58.3,0,0-12,1,1,0,19.433333333333334,2
5419-CONWX,Female,1,No,No,4,Yes,No,Fiber optic,No,Yes,Yes,No,Yes,Yes,Month-to-month,Yes,Credit card (automatic),99.8,442.85,1,0-12,1,5,1,110.7125,2
6240-EURKS,Female,0,No,Yes,18,No,No,DSL,No,No,No,No,No,Yes,Month-to-month,Yes,Electronic check,35.0,553.0,1,12-24,0,1,0,30.72222222222222,2
2373-NTKOD,Male,0,No,No,8,Yes,No,DSL,No,No,No,No,Yes,Yes,Month-to-month,Yes,Electronic check,66.25,546.45,0,0-12,0,3,1,68.30625,2
1970-KKFWL,Female,0,No,No,35,Yes,Yes,No,No,No,No,No,No,No,Two year,No,Bank transfer (automatic),23.3,797.1,0,24-36,0,2,0,22.774285714285714,0
6960-HVYXR,Female,0,No,No,1,Yes,Yes,Fiber optic,No,No,No,No,No,No,Month-to-month,No,Electronic check,76.0,76.0,1,0-12,1,2,1,76.0,2
9337-SRRNI,Male,0,No,Yes,66,Yes,Yes,No,No,No,No,No,No,No,Two year,Yes,Credit card (automatic),25.3,1673.8,0,60-72,0,2,0,25.36060606060606,0
0895-UADGO,Male,0,No,Yes,8,No,No,DSL,Yes,No,No,Yes,No,Yes,Two year,Yes,Mailed check,44.55,343.45,0,0-12,0,3,0,42.93125,0
5678-VFNEQ,Female,0,Yes,No,71,Yes,Yes,Fiber optic,Yes,No,Yes,No,Yes,Yes,One year,Yes,Credit card (automatic),104.1,7412.25,0,60-72,0,6,1,104.39788732394366,1
5977-CKHON,Female,0,Yes,Yes,43,Yes,Yes,Fiber optic,No,No,Yes,No,No,Yes,Month-to-month,Yes,Bank transfer (automatic),92.55,4039.0,0,36-48,0,4,1,93.93023255813954,2
7024-OHCCK,Female,1,No,No,2,Yes,Yes,Fiber optic,No,No,No,No,Yes,Yes,Month-to-month,Yes,Electronic check,93.85,170.85,1,0-12,1,4,1,85.425,2
2692-BUCFV,Male,1,No,No,29,Yes,No,Fiber optic,No,Yes,Yes,No,Yes,Yes,Month-to-month,Yes,Bank transfer (automatic),101.45,2948.6,0,24-36,0,5,1,101.67586206896551,2
7861-UVUFT,Female,0,Yes,No,15,Yes,No,Fiber optic,No,No,Yes,No,Yes,No,Month-to-month,Yes,Electronic check,84.3,1308.4,1,12-24,0,3,1,87.22666666666667,2
1830-GGFNM,Male,0,Yes,Yes,65,Yes,Yes,Fiber optic,Yes,Yes,Yes,Yes,No,No,Two year,No,Credit card (automatic),94.55,6078.75,0,60-72,0,6,1,93.51923076923077,0
5302-BDJNT,Male,0,No,No,35,Yes,Yes,Fiber optic,No,No,Yes,Yes,Yes,No,Month-to-month,No,Electronic check,95.5,3418.2,0,24-36,0,5,1,97.66285714285713,2
5223-UZAVK,Male,0,No,No,64,Yes,No,Fiber optic,Yes,Yes,No,No,Yes,Yes,One year,Yes,Credit card (automatic),100.3,6603.8,0,60-72,0,5,1,103.184375,1
4859-ZSRDZ,Female,0,Yes,Yes,58,No,No,DSL,No,No,Yes,Yes,Yes,Yes,Two year,Yes,Credit card (automatic),55.5,3166.9,0,48-60,0,4,0,54.601724137931036,0
5651-WYIPH,Female,1,No,No,18,Yes,No,DSL,No,Yes,No,No,No,No,Month-to-month,Yes,Credit card (automatic),49.85,865.75,0,12-24,0,2,1,48.09722222222222,2
9350-VLHMB,Male,0,Yes,Yes,67,Yes,Yes,Fiber optic,No,Yes,No,No,No,Yes,Month-to-month,Yes,Bank transfer (automatic),89.55,6373.1,0,60-72,0,4,1,95.12089552238807,2
3498-LZGQZ,Male,0,Yes,Yes,63,Yes,No,No,No,No,No,No,No,No,Two year,Yes,Mailed check,19.15,1177.05,0,60-72,0,1,0,18.683333333333334,0
8785-CJSHH,Female,0,Yes,No,60,Yes,Yes,Fiber optic,No,Yes,No,No,Yes,Yes,Month-to-month,Yes,Electronic check,99.8,5985.75,0,48-60,0,5,1,99.7625,2
5357-TZHPP,Male,1,No,No,9,Yes,Yes,Fiber optic,No,No,No,No,No,Yes,Month-to-month,Yes,Credit card (automatic),84.4,732.5,1,0-12,0,3,1,81.38888888888889,2
3870-SPZSI,Female,0,Yes,Yes,70,Yes,Yes,Fiber optic,Yes,Yes,Yes,Yes,Yes,Yes,Two year,Yes,Credit card (automatic),113.05,7869.05,0,60-72,0,8,1,112.415,0
0680-DFNNY,Male,0,Yes,No,15,Yes,Yes,Fiber optic,No,No,Yes,No,Yes,Yes,Month-to-month,Yes,Electronic check,101.1,1504.05,1,12-24,0,5,1,100.27,2
7560-QRBXH,Female,0,No,Yes,48,Yes,No,No,No,No,No,No,No,No,One year,No,Mailed check,19.95,936.7,0,36-48,0,1,0,19.514583333333334,1
7077-XJMET,Male,0,Yes,No,12,Yes,No,DSL,No,No,Yes,Yes,Yes,Yes,Month-to-month,Yes,Electronic check,74.15,741.4,0,0-12,0,5,1,61.78333333333333,2
8752-GHJFU,Male,1,Yes,No,71,Yes,Yes,Fiber optic,Yes,Yes,Yes,Yes,No,No,One year,Yes,Electronic check,92.0,6585.2,0,60-72,0,6,1,92.74929577464789,1
6896-SRVYQ,Male,1,No,No,44,Yes,No,Fiber optic,No,No,Yes,No,No,No,Month-to-month,No,Electronic check,73.85,3122.4,0,36-48,0,2,1,70.96363636363637,2
7767-UXAGJ,Male,0,No,No,1,Yes,Yes,DSL,No,No,No,No,No,No,Month-to-month,Yes,Electronic check,50.45,50.45,1,0-12,1,2,1,50.45,2
4652-ODEVH,Male,0,Yes,Yes,45,Yes,Yes,No,No,No,No,No,No,No,Two year,No,Mailed check,24.45,1088.25,0,36-48,0,2,0,24.183333333333334,0
6510-UPNKS,Female,0,No,No,23,Yes,Yes,No,No,No,No,No,No,No,One year,No,Credit card (automatic),24.8,615.35,0,12-24,0,2,0,26.754347826086956,1
6718-BDGHG,Female,0,Yes,No,43,Yes,Yes,DSL,No,No,No,Yes,Yes,No,One year,Yes,Bank transfer (automatic),64.85,2908.2,0,36-48,0,4,1,67.63255813953488,1
9046-DQMTP,Male,0,No,No,35,Yes,No,No,No,No,No,No,No,No,Month-to-month,No,Bank transfer (automatic),20.75,739.9,0,24-36,0,1,0,21.14,2
6439-LAJXL,Male,0,Yes,No,9,Yes,No,DSL,Yes,Yes,No,Yes,Yes,No,Month-to-month,Yes,Mailed check,68.95,593.85,0,0-12,0,5,1,65.98333333333333,2
1571-SAVHK,Male,0,No,No,12,Yes,Yes,Fiber optic,No,No,No,Yes,Yes,Yes,Month-to-month,Yes,Mailed check,99.95,1132.75,1,0-12,0,5,1,94.39583333333333,2
9052-VKDUW,Female,1,Yes,No,65,Yes,Yes,Fiber optic,Yes,Yes,Yes,No,Yes,Yes,Month-to-month,Yes,Credit card (automatic),109.4,7227.45,0,60-72,0,7,1,111.19153846153846,2
9546-CQJSU,Female,0,No,No,2,Yes,Yes,Fiber optic,No,No,Yes,No,Yes,No,Month-to-month,Yes,Electronic check,91.4,193.6,1,0-12,1,4,1,96.8,2
1666-JZPZT,Male,0,No,No,27,Yes,Yes,DSL,No,No,No,No,No,No,Month-to-month,No,Mailed check,49.0,1291.35,0,24-36,0,2,1,47.827777777777776,2
5777-KJIRB,Female,0,No,No,40,Yes,No,DSL,No,No,Yes,No,No,No,One year,Yes,Mailed check,50.25,2023.55,0,36-48,0,2,1,50.58875,1
0506-LVNGN,Female,1,No,No,5,Yes,No,Fiber optic,No,No,Yes,No,No,No,Month-to-month,Yes,Credit card (automatic),75.55,349.65,1,0-12,1,2,1,69.92999999999999,2
7677-SJJJK,Male,0,Yes,Yes,8,Yes,No,No,No,No,No,No,No,No,One year,No,Credit card (automatic),19.9,153.95,0,0-12,0,1,0,19.24375,1
2480-EJWYP,Female,1,Yes,No,58,Yes,Yes,Fiber optic,No,Yes,No,No,Yes,Yes,One year,Yes,Bank transfer (automatic),97.8,5458.8,0,48-60,0,5,1,94.11724137931034,1
3253-HKOKL,Female,0,Yes,Yes,52,Yes,No,Fiber optic,Yes,No,Yes,No,Yes,Yes,One year,No,Electronic check,100.3,5244.45,0,48-60,0,5,1,100.85480769230769,1
7055-HNEOJ,Male,0,Yes,No,3,Yes,No,DSL,No,No,Yes,Yes,No,No,Month-to-month,Yes,Mailed check,55.8,154.55,0,0-12,1,3,1,51.51666666666667,2
5514-YQENT,Male,0,No,Yes,41,Yes,No,Fiber optic,Yes,Yes,Yes,Yes,Yes,Yes,Two year,Yes,Electronic check,111.15,4507.15,0,36-48,0,7,1,109.93048780487804,0
3211-AAPKX,Male,0,No,No,20,Yes,Yes,Fiber optic,No,No,No,Yes,Yes,Yes,Month-to-month,Yes,Mailed check,98.55,2031.95,0,12-24,0,5,1,101.5975,2
8445-DNBAE,Male,0,No,Yes,1,Yes,Yes,DSL,No,No,No,No,No,No,Month-to-month,Yes,Electronic check,50.05,50.05,0,0-12,1,2,1,50.05,2
2951-QOQTK,Male,0,No,Yes,4,Yes,Yes,Fiber optic,No,No,No,Yes,No,No,Month-to-month,No,Credit card (automatic),80.8,332.45,1,0-12,1,3,1,83.1125,2
2958-NHPPS,Male,0,No,No,23,Yes,No,No,No,No,No,No,No,No,Month-to-month,No,Electronic check,20.85,473.9,0,12-24,0,1,0,20.604347826086954,2
6806-YDEUL,Female,1,No,No,6,Yes,No,No,No,No,No,No,No,No,Month-to-month,No,Bank transfer (automatic),19.5,106.8,0,0-12,1,1,0,17.8,2
1735-XMJVH,Male,0,Yes,Yes,8,Yes,No,No,No,No,No,No,No,No,Month-to-month,Yes,Mailed check,19.35,152.6,0,0-12,0,1,0,19.075,2
6890-PFRQX,Male,0,No,No,18,Yes,Yes,DSL,Yes,No,Yes,No,Yes,No,Month-to-month,No,Mailed check,69.5,1199.4,0,12-24,0,5,1,66.63333333333334,2
0222-CNVPT,Male,1,No,No,52,No,No,DSL,Yes,No,No,No,Yes,Yes,Month-to-month,Yes,Credit card (automatic),48.8,2555.05,0,48-60,0,3,0,49.135576923076925,2
5899-OUVKV,Male,0,No,No,31,Yes,No,Fiber optic,No,Yes,No,No,Yes,Yes,Month-to-month,Yes,Electronic check,94.5,2979.2,0,24-36,0,4,1,96.1032258064516,2
8681-ICONS,Male,0,Yes,Yes,29,Yes,No,No,No,No,No,No,No,No,Month-to-month,Yes,Mailed check,20.65,654.85,0,24-36,0,1,0,22.58103448275862,2
1621-YNCJH,Female,0,Yes,No,36,Yes,Yes,Fiber optic,Yes,Yes,Yes,Yes,No,Yes,Two year,Yes,Credit card (automatic),106.05,3834.4,0,24-36,0,7,1,106.51111111111112,0
3473-XIIIT,Female,0,Yes,No,16,Yes,Yes,Fiber optic,No,Yes,No,No,Yes,Yes,Month-to-month,Yes,Electronic check,100.0,1534.75,1,12-24,0,5,1,95.921875,2
6362-QHAFM,Male,0,Yes,No,42,Yes,Yes,Fiber optic,No,No,Yes,Yes,Yes,Yes,One year,Yes,Electronic check,108.3,4586.15,0,36-48,0,6,1,109.19404761904761,1
7893-IXHRQ,Male,0,No,No,1,Yes,No,No,No,No,No,No,No,No,Month-to-month,No,Electronic check,20.55,20.55,1,0-12,1,1,0,20.55,2
3070-BDOQC,Female,0,No,No,60,Yes,No,Fiber optic,No,Yes,Yes,No,Yes,Yes,Two year,Yes,Electronic check,99.65,5941.05,0,48-60,0,5,1,99.0175,0
2952-QAYZF,Male,0,No,No,5,Yes,Yes,Fiber optic,No,Yes,Yes,No,No,No,Month-to-month,Yes,Electronic check,85.3,424.15,1,0-12,1,4,1,84.83,2
6234-PFPXL,Male,0,Yes,No,22,Yes,Yes,Fiber optic,Yes,No,No,Yes,Yes,No,Month-to-month,No,Credit card (automatic),95.9,2234.95,0,12-24,0,5,1,101.58863636363635,2
9824-QCJPK,Male,0,Yes,No,36,Yes,No,No,No,No,No,No,No,No,One year,No,Mailed check,20.0,666.75,0,24-36,0,1,0,18.520833333333332,1
4763-PGDPO,Female,0,No,No,4,Yes,No,Fiber optic,No,No,No,No,No,No,Month-to-month,No,Electronic check,70.4,281.0,1,0-12,1,1,1,70.25,2
4283-IVYCI,Male,0,No,No,9,Yes,No,DSL,Yes,No,No,Yes,No,Yes,Month-to-month,No,Mailed check,64.95,547.8,0,0-12,0,4,1,60.86666666666666,2
1866-OBPNR,Male,0,Yes,Yes,1,Yes,No,Fiber optic,No,Yes,No,No,No,No,Month-to-month,No,Credit card (automatic),74.6,74.6,0,0-12,1,2,1,74.6,2
8205-MQUGY,Male,0,Yes,Yes,12,Yes,No,DSL,Yes,No,No,No,No,No,Month-to-month,Yes,Electronic check,49.2,571.15,0,0-12,0,2,1,47.59583333333333,2
8970-ANWXO,Female,0,No,No,23,Yes,Yes,DSL,No,No,No,Yes,Yes,Yes,One year,Yes,Mailed check,73.75,1756.6,0,12-24,0,5,1,76.37391304347825,1
9480-BQJEI,Male,0,No,No,62,Yes,Yes,Fiber optic,Yes,Yes,No,No,No,Yes,One year,Yes,Bank transfer (automatic),92.3,5731.45,0,60-72,0,5,1,92.44274193548387,1
5394-SVGJV,Male,0,No,No,37,Yes,Yes,Fiber optic,No,No,No,Yes,Yes,Yes,Month-to-month,No,Bank transfer (automatic),98.8,3475.55,1,36-48,0,5,1,93.9337837837838,2
6979-TNDEU,Female,0,No,No,8,Yes,No,No,No,No,No,No,No,No,Month-to-month,No,Mailed check,19.2,156.85,0,0-12,0,1,0,19.60625,2
9777-WJJPR,Male,0,Yes,No,31,Yes,Yes,Fiber optic,No,No,Yes,No,Yes,No,Month-to-month,No,Credit card (automatic),88.65,2683.2,0,24-36,0,4,1,86.55483870967741,2
9283-LZQOH,Male,0,Yes,Yes,13,Yes,Yes,Fiber optic,No,No,No,No,No,No,Month-to-month,Yes,Credit card (automatic),74.4,896.75,1,12-24,0,2,1,68.98076923076923,2
7079-QRCBC,Female,0,No,No,24,Yes,Yes,Fiber optic,No,No,Yes,No,Yes,Yes,Month-to-month,Yes,Electronic check,98.75,2407.3,1,12-24,0,5,1,100.30416666666667,2
9495-SKLKD,Male,0,Yes,Yes,45,Yes,Yes,Fiber optic,No,Yes,Yes,No,No,Yes,Month-to-month,Yes,Bank transfer (automatic),95.95,4456.65,0,36-48,0,5,1,99.03666666666666,2
6048-UWKAL,Female,1,Yes,No,69,Yes,Yes,Fiber optic,No,Yes,No,Yes,Yes,Yes,Two year,No,Credit card (automatic),105.4,6998.95,0,60-72,0,6,1,101.4340579710145,0
5067-DGXLL,Male,0,No,No,2,Yes,No,No,No,No,No,No,No,No,Month-to-month,No,Mailed check,20.25,36.8,0,0-12,1,1,0,18.4,2
5469-CTCWN,Male,0,Yes,Yes,61,Yes,Yes,Fiber optic,Yes,Yes,No,No,Yes,Yes,One year,Yes,Electronic check,106.0,6547.7,1,60-72,0,6,1,107.33934426229509,1
9851-QXEEQ,Male,0,No,No,41,Yes,Yes,Fiber optic,No,Yes,Yes,No,Yes,Yes,Month-to-month,Yes,Electronic check,104.7,4346.4,1,36-48,0,6,1,106.00975609756097,2
6281-FKEWS,Female,0,No,No,44,No,No,DSL,No,No,Yes,No,Yes,Yes,One year,Yes,Electronic check,49.05,2265.0,0,36-48,0,3,0,51.47727272727273,1
8898-KASCD,Male,0,No,No,39,No,No,DSL,No,No,Yes,Yes,No,No,One year,No,Mailed check,35.55,1309.15,0,36-48,0,2,0,33.56794871794872,1
9242-TKFSV,Male,0,Yes,Yes,72,No,No,DSL,Yes,Yes,Yes,Yes,Yes,Yes,Two year,Yes,Credit card (automatic),65.1,4754.3,0,60-72,0,6,0,66.03194444444445,0
9290-SHCMB,Female,1,No,No,13,Yes,No,Fiber optic,No,No,Yes,No,Yes,Yes,Month-to-month,Yes,Electronic check,96.85,1235.55,0,12-24,0,4,1,95.04230769230769,2
0743-HNPFG,Female,0,Yes,Yes,51,Yes,No,DSL,Yes,Yes,No,Yes,No,Yes,One year,Yes,Credit card (automatic),69.75,3562.5,0,48-60,0,5,1,69.8529411764706,1
2277-BKJKN,Female,1,Yes,No,71,Yes,No,Fiber optic,No,Yes,Yes,No,Yes,Yes,Two year,Yes,Electronic check,99.2,7213.75,0,60-72,0,5,1,101.60211267605634,0
9809-IMGCQ,Male,1,No,No,22,Yes,Yes,Fiber optic,No,No,No,No,Yes,Yes,Month-to-month,Yes,Electronic check,96.7,2082.95,1,12-24,0,4,1,94.67954545454545,2
5208-HFSBT,Female,0,No,No,2,Yes,No,DSL,No,Yes,No,Yes,No,No,Month-to-month,Yes,Credit card (automatic),55.05,102.75,1,0-12,1,3,1,51.375,2
5035-PGZXH,Female,0,No,No,56,Yes,Yes,Fiber optic,No,Yes,Yes,No,Yes,Yes,One year,Yes,Electronic check,106.8,5914.4,0,48-60,0,6,1,105.61428571428571,1
8695-WDYEA,Male,0,No,No,1,Yes,No,DSL,Yes,No,No,No,No,No,Month-to-month,No,Mailed check,51.25,51.25,0,0-12,1,2,1,51.25,2
6543-JXSOO,Female,0,Yes,Yes,23,Yes,No,DSL,Yes,Yes,No,Yes,No,No,One year,Yes,Mailed check,57.75,1282.85,0,12-24,0,4,1,55.77608695652174,1
8016-ZMGMO,Female,1,Yes,No,66,Yes,Yes,DSL,No,Yes,Yes,No,Yes,No,One year,Yes,Bank transfer (automatic),70.85,4738.85,0,60-72,0,5,1,71.80075757575759,1
8605-ITULD,Female,0,No,No,1,Yes,No,No,No,No,No,No,No,No,Month-to-month,No,Mailed check,19.55,19.55,0,0-12,1,1,0,19.55,2
3254-YRILK,Male,1,No,No,19,Yes,Yes,Fiber optic,No,Yes,No,No,Yes,No,Month-to-month,Yes,Electronic check,88.2,1775.8,1,12-24,0,4,1,93.46315789473684,2
6416-YJTTB,Male,0,No,No,11,Yes,No,Fiber optic,Yes,No,Yes,No,No,No,Month-to-month,Yes,Bank transfer (automatic),79.5,795.65,0,0-12,0,3,1,72.33181818181818,2
2667-WYLWJ,Female,0,Yes,Yes,8,Yes,No,No,No,No,No,No,No,No,One year,Yes,Mailed check,19.75,145.0,1,0-12,0,1,0,18.125,1
4472-VESGY,Female,0,Yes,Yes,52,Yes,Yes,Fiber optic,Yes,Yes,Yes,No,No,Yes,Month-to-month,No,Bank transfer (automatic),98.15,4993.4,0,48-60,0,6,1,96.02692307692307,2
3195-TQDZX,Male,0,No,No,3,Yes,No,No,No,No,No,No,No,No,Month-to-month,Yes,Electronic check,20.25,61.45,0,0-12,1,1,0,20.483333333333334,2
3128-YOVTD,Female,0,Yes,Yes,51,Yes,No,Fiber optic,Yes,Yes,No,No,No,No,Month-to-month,Yes,Bank transfer (automatic),79.15,4018.55,0,48-60,0,3,1,78.79509803921569,2
0529-ONKER,Male,1,No,No,15,Yes,Yes,Fiber optic,No,No,No,No,No,No,Month-to-month,No,Electronic check,75.65,1146.65,1,12-24,0,2,1,76.44333333333334,2
1728-CXQBE,Male,1,Yes,No,64,Yes,Yes,Fiber optic,No,Yes,Yes,No,No,Yes,Month-to-month,Yes,Electronic check,94.25,6081.4,0,60-72,0,5,1,95.021875,2
7041-TXQJH,Female,0,No,No,37,No,No,DSL,No,No,Yes,No,No,Yes,Month-to-month,Yes,Credit card (automatic),40.2,1478.85,0,36-48,0,2,0,39.96891891891892,2
5014-GSOUQ,Male,0,No,No,13,Yes,No,No,No,No,No,No,No,No,Two year,No,Mailed check,19.95,243.65,0,12-24,0,1,0,18.742307692307694,0
5724-BIDBU,Male,0,Yes,No,49,Yes,Yes,DSL,Yes,No,No,No,No,No,One year,Yes,Electronic check,55.35,2633.95,0,48-60,0,3,1,53.754081632653055,1
0481-SUMCB,Female,1,No,No,45,Yes,Yes,Fiber optic,No,No,Yes,No,Yes,Yes,One year,Yes,Bank transfer (automatic),102.15,4735.35,0,36-48,0,5,1,105.23,1
1769-GRUIK,Female,0,No,No,18,Yes,No,Fiber optic,No,No,No,No,No,No,Month-to-month,Yes,Electronic check,71.1,1247.75,0,12-24,0,1,1,69.31944444444444,2
5240-IJOQT,Male,1,No,No,1,Yes,Yes,Fiber optic,No,No,No,No,No,No,Month-to-month,Yes,Electronic check,74.7,74.7,1,0-12,1,2,1,74.7,2
8819-WFGGJ,Male,0,Yes,No,68,No,No,DSL,Yes,No,Yes,No,Yes,Yes,Two year,Yes,Bank transfer (automatic),54.1,3794.5,0,60-72,0,4,0,55.8014705882353,0
7427-AUFPY,Male,0,No,No,54,Yes,No,No,No,No,No,No,No,No,Two year,No,Credit card (automatic),19.65,1008.7,0,48-60,0,1,0,18.67962962962963,0
2811-POVEX,Female,1,Yes,Yes,23,Yes,No,Fiber optic,No,Yes,Yes,No,No,Yes,Month-to-month,Yes,Bank transfer (automatic),88.45,2130.55,0,12-24,0,4,1,92.63260869565218,2
1092-GANHU,Male,0,No,No,17,Yes,No,Fiber optic,No,No,Yes,No,No,No,Month-to-month,Yes,Electronic check,76.65,1313.55,1,12-24,0,2,1,77.26764705882353,2
7898-PDWQE,Male,0,Yes,No,71,Yes,Yes,DSL,Yes,Yes,Yes,Yes,No,Yes,Two year,No,Credit card (automatic),80.4,5727.15,0,60-72,0,7,1,80.66408450704225,0
9972-EWRJS,Female,0,Yes,Yes,67,Yes,No,No,No,No,No,No,No,No,Two year,Yes,Bank transfer (automatic),19.25,1372.9,0,60-72,0,1,0,20.491044776119406,0
9314-IJWSQ,Female,0,Yes,Yes,14,Yes,Yes,Fiber optic,No,No,No,No,Yes,No,Month-to-month,Yes,Electronic check,84.8,1203.9,0,12-24,0,3,1,85.99285714285715,2
0661-XEYAN,Female,1,No,No,1,No,No,DSL,No,No,No,No,No,No,Month-to-month,Yes,Mailed check,25.8,25.8,1,0-12,1,0,0,25.8,2
5799-JRCZO,Female,0,No,Yes,63,Yes,No,No,No,No,No,No,No,No,Two year,No,Credit card (automatic),19.5,1215.1,0,60-72,0,1,0,19.287301587301585,0
1921-KYSAY,Female,0,No,No,41,Yes,Yes,DSL,No,No,Yes,Yes,No,Yes,One year,Yes,Electronic check,68.6,2877.05,0,36-48,0,5,1,70.1719512195122,1
6198-RTPMF,Female,0,Yes,No,17,Yes,Yes,Fiber optic,No,No,No,No,Yes,Yes,Month-to-month,No,Electronic check,92.6,1579.7,0,12-24,0,4,1,92.9235294117647,2
2924-KHUVI,Male,0,Yes,No,56,Yes,Yes,Fiber optic,Yes,No,No,No,Yes,Yes,One year,Yes,Electronic check,100.55,5514.95,0,48-60,0,5,1,98.48125,1
1925-GMVBW,Female,0,No,No,5,Yes,No,No,No,No,No,No,No,No,Month-to-month,No,Credit card (automatic),20.55,96.1,0,0-12,1,1,0,19.22,2
7881-EVUAD,Female,0,No,No,2,No,No,DSL,Yes,Yes,No,No,No,Yes,Month-to-month,Yes,Electronic check,42.6,72.4,1,0-12,1,3,0,36.2,2
6184-DYUOB,Female,0,Yes,No,3,Yes,No,No,No,No,No,No,No,No,Month-to-month,Yes,Mailed check,19.6,55.25,0,0-12,1,1,0,18.416666666666668,2
9207-ZPANB,Male,0,No,No,37,Yes,Yes,DSL,Yes,Yes,Yes,Yes,No,No,One year,No,Electronic check,67.45,2443.3,0,36-48,0,6,1,66.03513513513514,1
5766-XQXMQ,Female,0,No,No,29,Yes,No,DSL,Yes,Yes,Yes,No,No,Yes,Month-to-month,Yes,Bank transfer (automatic),68.85,1970.5,1,24-36,0,5,1,67.94827586206897,2
9327-QSDED,Male,0,No,No,8,Yes,No,DSL,No,No,No,No,No,No,Month-to-month,No,Mailed check,43.55,335.4,0,0-12,0,1,1,41.925,2
1656-DRSMG,Female,0,No,No,63,Yes,Yes,Fiber optic,No,Yes,Yes,Yes,Yes,Yes,Month-to-month,Yes,Credit card (automatic),109.85,7002.95,0,60-72,0,7,1,111.15793650793651,2
3012-VFFMN,Female,0,Yes,Yes,7,Yes,No,No,No,No,No,No,No,No,Month-to-month,No,Mailed check,20.65,158.95,0,0-12,0,1,0,22.707142857142856,2
2984-AFWNC,Female,0,No,No,3,Yes,No,Fiber optic,No,Yes,No,No,Yes,Yes,Month-to-month,No,Electronic check,95.4,293.15,0,0-12,1,4,1,97.71666666666665,2
0640-YJTPY,Male,0,Yes,Yes,72,Yes,No,No,No,No,No,No,No,No,Two year,No,Bank transfer (automatic),21.0,1493.75,0,60-72,0,1,0,20.74652777777778,0
8096-LOIST,Female,0,No,No,19,Yes,No,DSL,No,No,No,No,No,Yes,Month-to-month,Yes,Electronic check,56.2,1093.4,0,12-24,0,2,1,57.54736842105264,2
9764-REAFF,Female,0,Yes,No,59,Yes,No,No,No,No,No,No,No,No,Two year,No,Bank transfer (automatic),18.4,1057.85,0,48-60,0,1,0,17.92966101694915,0
3703-VAVCL,Male,0,Yes,Yes,2,Yes,No,Fiber optic,No,No,Yes,Yes,No,Yes,Month-to-month,No,Credit card (automatic),90.0,190.05,1,0-12,1,4,1,95.025,2
7107-UBYKY,Female,0,Yes,Yes,35,Yes,Yes,No,No,No,No,No,No,No,Month-to-month,Yes,Electronic check,25.75,882.55,0,24-36,0,2,0,25.215714285714284,2
4881-GQJTW,Male,0,No,No,14,Yes,No,No,No,No,No,No,No,No,Month-to-month,No,Credit card (automatic),19.6,300.4,0,12-24,0,1,0,21.457142857142856,2
8519-QJGJD,Female,0,No,No,14,Yes,No,Fiber optic,No,No,Yes,No,No,No,Month-to-month,No,Electronic check,75.35,1025.95,1,12-24,0,2,1,73.28214285714286,2
7876-DNYAP,Female,0,Yes,Yes,69,Yes,No,No,No,No,No,No,No,No,Two year,No,Credit card (automatic),19.8,1436.95,0,60-72,0,1,0,20.82536231884058,0
7905-NJMXS,Male,1,Yes,No,7,Yes,Yes,DSL,Yes,Yes,No,Yes,No,No,Month-to-month,No,Electronic check,64.2,475.0,0,0-12,0,5,1,67.85714285714286,2
2882-WDTBA,Male,0,Yes,Yes,69,Yes,No,DSL,Yes,Yes,Yes,Yes,Yes,No,Two year,Yes,Bank transfer (automatic),75.75,5388.15,0,60-72,0,6,1,78.0891304347826,0
2091-GPPIQ,Female,0,Yes,Yes,72,Yes,Yes,DSL,No,Yes,No,Yes,Yes,Yes,Two year,Yes,Electronic check,78.95,5730.15,0,60-72,0,6,1,79.58541666666666,0
6326-MTTXK,Male,0,No,No,8,Yes,Yes,Fiber optic,No,Yes,No,No,Yes,Yes,Month-to-month,No,Electronic check,100.85,819.55,1,0-12,0,5,1,102.44375,2
5071-FBJFS,Female,0,Yes,Yes,4,Yes,No,DSL,Yes,No,No,No,No,No,Month-to-month,No,Electronic check,50.3,217.1,0,0-12,1,2,1,54.275,2
2796-UUZZO,Male,0,Yes,Yes,63,Yes,No,Fiber optic,No,Yes,Yes,No,No,No,Month-to-month,Yes,Credit card (automatic),80.3,4896.35,0,60-72,0,3,1,77.71984126984128,2
2429-AYKKO,Male,0,No,No,72,Yes,No,No,No,No,No,No,No,No,Two year,No,Bank transfer (automatic),19.85,1434.1,0,60-72,0,1,0,19.918055555555554,0
9798-OPFEM,Female,0,No,No,46,Yes,No,No,No,No,No,No,No,No,Two year,Yes,Electronic check,21.1,937.1,0,36-48,0,1,0,20.371739130434783,0
0330-IVZHA,Female,0,Yes,No,5,Yes,No,Fiber optic,No,No,No,No,No,No,Month-to-month,No,Electronic check,69.95,330.15,1,0-12,1,1,1,66.03,2
3794-NFNCH,Male,0,Yes,No,30,Yes,No,DSL,No,No,Yes,No,No,No,Month-to-month,Yes,Mailed check,50.0,1474.9,0,24-36,0,2,1,49.163333333333334,2
5193-QLVZB,Male,0,No,No,63,Yes,Yes,Fiber optic,No,Yes,Yes,No,Yes,Yes,Two year,Yes,Bank transfer (automatic),104.75,6536.5,0,60-72,0,6,1,103.75396825396825,0
7114-AEOZE,Female,0,No,No,60,Yes,No,No,No,No,No,No,No,No,Two year,No,Bank transfer (automatic),19.85,1128.1,0,48-60,0,1,0,18.801666666666666,0
2886-KEFUM,Female,0,Yes,No,63,Yes,Yes,Fiber optic,No,Yes,Yes,No,Yes,Yes,One year,Yes,Electronic check,107.5,6873.75,1,60-72,0,6,1,109.10714285714286,1
5522-NYKPB,Male,0,Yes,Yes,25,Yes,No,Fiber optic,No,No,No,Yes,Yes,No,Month-to-month,No,Electronic check,85.9,2199.05,0,24-36,0,3,1,87.962,2
4237-RLAQD,Male,0,No,No,1,Yes,No,DSL,No,No,No,No,No,No,Month-to-month,Yes,Mailed check,45.85,45.85,1,0-12,1,1,1,45.85,2
9957-YODKZ,Male,1,Yes,No,6,Yes,Yes,Fiber optic,No,No,Yes,No,No,No,Month-to-month,Yes,Electronic check,80.8,457.1,0,0-12,1,3,1,76.18333333333334,2
6518-KZXCB,Male,0,No,No,22,Yes,Yes,No,No,No,No,No,No,No,Two year,No,Mailed check,25.25,566.5,0,12-24,0,2,0,25.75,0
2245-ADZFJ,Female,0,Yes,Yes,31,Yes,Yes,DSL,No,Yes,No,Yes,Yes,Yes,Two year,No,Bank transfer (automatic),80.55,2471.6,0,24-36,0,6,1,79.7290322580645,0
7776-QGYJC,Female,0,Yes,Yes,39,Yes,No,Fiber optic,No,No,Yes,Yes,No,No,Month-to-month,Yes,Bank transfer (automatic),81.5,3107.3,0,36-48,0,3,1,79.67435897435898,2
9313-QOLTZ,Male,0,No,No,26,Yes,No,No,No,No,No,No,No,No,Month-to-month,No,Mailed check,20.9,518.3,0,24-36,0,1,0,19.934615384615384,2
9651-GTSAQ,Female,0,Yes,No,53,Yes,No,Fiber optic,Yes,Yes,Yes,No,Yes,Yes,One year,Yes,Bank transfer (automatic),106.1,5769.75,1,48-60,0,6,1,108.86320754716981,1
3186-BAXNB,Female,0,No,No,1,Yes,No,Fiber optic,No,Yes,No,Yes,Yes,No,Month-to-month,No,Electronic check,91.7,91.7,1,0-12,1,4,1,91.7,2
4672-FOTSD,Male,0,No,No,12,Yes,Yes,DSL,Yes,Yes,No,Yes,No,No,Month-to-month,Yes,Electronic check,67.25,832.3,0,0-12,0,5,1,69.35833333333333,2
0637-YLETY,Female,0,No,No,16,Yes,Yes,Fiber optic,No,Yes,Yes,No,No,Yes,Month-to-month,Yes,Credit card (automatic),95.6,1555.65,1,12-24,0,5,1,97.228125,2
9818-XQCUV,Female,0,No,No,2,Yes,No,No,No,No,No,No,No,No,Month-to-month,No,Mailed check,20.35,45.3,0,0-12,1,1,0,22.65,2
7338-ERIVA,Male,0,No,Yes,39,No,No,DSL,Yes,No,No,Yes,Yes,No,One year,No,Bank transfer (automatic),45.05,1790.6,0,36-48,0,3,0,45.91282051282051,1
1157-BQCUW,Male,0,No,No,1,Yes,Yes,Fiber optic,No,No,No,No,No,No,Month-to-month,Yes,Electronic check,74.95,74.95,1,0-12,1,2,1,74.95,2
8259-NFJTV,Female,0,Yes,Yes,7,No,No,DSL,Yes,No,No,Yes,No,No,Month-to-month,No,Mailed check,34.65,246.6,0,0-12,0,2,0,35.22857142857143,2
3223-DWFIO,Male,1,No,No,4,Yes,No,Fiber optic,No,No,No,No,No,No,Month-to-month,No,Electronic check,69.35,261.65,0,0-12,1,1,1,65.4125,2
2660-EMUBI,Male,1,No,No,10,Yes,Yes,Fiber optic,No,No,No,No,Yes,Yes,Month-to-month,Yes,Electronic check,95.35,898.35,1,0-12,0,4,1,89.83500000000001,2
6968-GMKPR,Female,0,No,No,55,Yes,No,Fiber optic,No,Yes,Yes,No,No,No,Month-to-month,Yes,Electronic check,81.55,4509.5,0,48-60,0,3,1,81.99090909090908,2
4751-ERMAN,Male,0,Yes,Yes,72,Yes,No,DSL,No,Yes,Yes,No,Yes,Yes,Two year,Yes,Bank transfer (automatic),75.4,5480.25,0,60-72,0,5,1,76.11458333333333,0
1436-ZMJAN,Female,0,Yes,No,10,Yes,No,DSL,No,No,Yes,No,Yes,Yes,Month-to-month,Yes,Credit card (automatic),67.8,653.15,0,0-12,0,4,1,65.315,2
3292-PBZEJ,Male,1,No,No,11,Yes,Yes,Fiber optic,No,Yes,Yes,Yes,Yes,Yes,Month-to-month,Yes,Electronic check,111.4,1183.05,0,0-12,0,7,1,107.55,2
0799-DDIHE,Female,0,Yes,Yes,15,Yes,No,DSL,No,No,No,No,No,No,Month-to-month,No,Electronic check,46.3,639.45,0,12-24,0,1,1,42.63,2
3070-FNFZQ,Female,0,Yes,Yes,23,Yes,No,No,No,No,No,No,No,No,Two year,No,Bank transfer (automatic),20.4,478.75,0,12-24,0,1,0,20.815217391304348,0
2812-SFXMJ,Male,0,No,Yes,1,Yes,No,No,No,No,No,No,No,No,Month-to-month,No,Mailed check,20.05,20.05,0,0-12,1,1,0,20.05,2
7675-OZCZG,Female,1,No,No,3,Yes,No,DSL,No,No,No,No,No,No,Month-to-month,No,Electronic check,45.0,127.1,1,0-12,1,1,1,42.36666666666667,2
5014-WUQMG,Male,0,Yes,Yes,47,Yes,No,Fiber optic,Yes,Yes,Yes,No,No,Yes,One year,Yes,Electronic check,96.1,4391.45,0,36-48,0,5,1,93.43510638297872,1
5312-TSZVC,Female,0,No,Yes,15,Yes,No,No,No,No,No,No,No,No,One year,No,Mailed check,19.65,270.6,0,12-24,0,1,0,18.040000000000003,1
2003-CKLOR,Male,0,No,No,66,Yes,No,Fiber optic,No,Yes,Yes,No,Yes,Yes,Month-to-month,No,Electronic check,99.5,6710.5,1,60-72,0,5,1,101.67424242424242,2
0993-OSGPT,Female,1,Yes,No,68,Yes,No,DSL,No,Yes,Yes,Yes,No,No,One year,Yes,Bank transfer (automatic),60.65,3975.9,0,60-72,0,4,1,58.46911764705882,1
9254-RBFON,Female,0,Yes,Yes,17,Yes,No,Fiber optic,No,No,Yes,Yes,Yes,Yes,One year,No,Bank transfer (automatic),98.6,1704.95,1,12-24,0,5,1,100.29117647058824,1
1205-WNWPJ,Female,0,No,No,7,Yes,No,DSL,No,No,No,Yes,Yes,No,Month-to-month,Yes,Mailed check,59.5,415.95,1,0-12,0,3,1,59.42142857142857,2
9391-EOYLI,Male,1,Yes,No,12,Yes,No,Fiber optic,No,No,No,No,No,Yes,Month-to-month,Yes,Electronic check,80.45,950.2,1,0-12,0,2,1,79.18333333333334,2
7108-DGVUU,Female,1,Yes,No,21,Yes,Yes,DSL,No,Yes,Yes,No,No,Yes,One year,No,Bank transfer (automatic),71.7,1497.05,0,12-24,0,5,1,71.28809523809524,1
2782-JEEBU,Male,0,No,No,21,No,No,DSL,No,Yes,No,Yes,No,No,Month-to-month,Yes,Mailed check,36.0,780.15,0,12-24,0,2,0,37.15,2
5127-BZENZ,Female,0,Yes,Yes,56,Yes,Yes,DSL,Yes,No,No,No,Yes,No,One year,No,Bank transfer (automatic),65.2,3512.15,0,48-60,0,4,1,62.71696428571429,1
2720-FVBQP,Female,0,Yes,Yes,6,Yes,Yes,DSL,No,No,No,No,No,No,Month-to-month,Yes,Credit card (automatic),48.95,273.25,0,0-12,1,2,1,45.541666666666664,2
9906-NHHVC,Female,1,No,No,65,No,No,DSL,No,Yes,Yes,No,Yes,Yes,Two year,Yes,Bank transfer (automatic),53.5,3517.9,0,60-72,0,4,0,54.121538461538464,0
4522-XRWWI,Male,0,Yes,No,42,Yes,Yes,DSL,Yes,No,No,Yes,Yes,Yes,One year,No,Credit card (automatic),80.45,3375.9,0,36-48,0,6,1,80.37857142857143,1
3766-EJLFL,Female,0,Yes,Yes,68,Yes,Yes,Fiber optic,Yes,No,Yes,Yes,Yes,Yes,Two year,Yes,Bank transfer (automatic),109.05,7508.55,0,60-72,0,7,1,110.41985294117647,0
5939-SXWHM,Male,0,Yes,Yes,48,Yes,Yes,No,No,No,No,No,No,No,Two year,No,Bank transfer (automatic),26.3,1245.05,0,36-48,0,2,0,25.938541666666666,0
8152-UOBNY,Female,1,No,No,50,Yes,Yes,Fiber optic,No,Yes,No,Yes,Yes,Yes,One year,Yes,Electronic check,106.8,5347.95,0,48-60,0,6,1,106.959,1
7351-KYHQH,Female,1,No,No,7,Yes,No,DSL,No,Yes,Yes,No,Yes,No,Month-to-month,Yes,Electronic check,64.95,493.65,0,0-12,0,4,1,70.52142857142857,2
7643-RCHXS,Female,0,Yes,Yes,63,Yes,No,No,No,No,No,No,No,No,Two year,No,Electronic check,19.35,1263.85,0,60-72,0,1,0,20.06111111111111,0
8246-SHFGA,Male,0,No,No,17,Yes,No,No,No,No,No,No,No,No,Month-to-month,No,Credit card (automatic),21.1,385.55,0,12-24,0,1,0,22.679411764705883,2
8387-MOJJT,Female,0,Yes,Yes,42,Yes,No,Fiber optic,No,No,No,No,Yes,No,Month-to-month,Yes,Credit card (automatic),77.95,3384.0,1,36-48,0,2,1,80.57142857142857,2
0620-XEFWH,Male,0,Yes,Yes,4,Yes,No,No,No,No,No,No,No,No,Month-to-month,No,Mailed check,18.85,84.2,0,0-12,1,1,0,21.05,2
6485-QXWWE,Female,0,No,Yes,62,Yes,Yes,No,No,No,No,No,No,No,Two year,No,Bank transfer (automatic),26.0,1638.7,0,60-72,0,2,0,26.43064516129032,0
2761-OCIAX,Male,1,No,No,2,Yes,No,Fiber optic,No,Yes,No,No,No,No,Month-to-month,Yes,Electronic check,74.7,165.4,1,0-12,1,2,1,82.7,2
7321-VGNKU,Female,0,Yes,No,2,Yes,No,Fiber optic,No,No,No,No,No,No,Month-to-month,Yes,Electronic check,70.35,120.25,0,0-12,1,1,1,60.125,2
5327-CNLUQ,Male,0,Yes,No,48,Yes,Yes,Fiber optic,Yes,Yes,Yes,No,Yes,No,Two year,Yes,Bank transfer (automatic),96.9,4473.45,0,36-48,0,6,1,93.19687499999999,0
7552-KEYGT,Male,0,Yes,No,27,Yes,No,No,No,No,No,No,No,No,Two year,No,Bank transfer (automatic),19.55,520.55,0,24-36,0,1,0,19.27962962962963,0
5816-JMLGY,Female,0,Yes,Yes,70,Yes,No,DSL,No,Yes,Yes,Yes,Yes,Yes,Two year,Yes,Bank transfer (automatic),80.4,5717.85,0,60-72,0,6,1,81.68357142857144,0
3068-OMWZA,Male,1,No,No,1,Yes,Yes,Fiber optic,No,No,Yes,No,Yes,No,Month-to-month,Yes,Electronic check,88.8,88.8,1,0-12,1,4,1,88.8,2
2927-QRRQV,Male,0,Yes,No,46,Yes,Yes,Fiber optic,No,Yes,Yes,No,Yes,No,One year,Yes,Electronic check,94.65,4312.5,0,36-48,0,5,1,93.75,1
6032-KRXXO,Male,0,No,No,30,Yes,No,Fiber optic,No,No,No,No,Yes,Yes,Month-to-month,Yes,Electronic check,90.25,2755.35,1,24-36,0,3,1,91.845,2
7459-RRWQZ,Female,0,No,No,15,Yes,Yes,DSL,Yes,No,No,No,No,Yes,Month-to-month,Yes,Bank transfer (automatic),64.65,994.55,1,12-24,0,4,1,66.30333333333333,2
6265-SXWBU,Male,0,Yes,Yes,69,Yes,Yes,Fiber optic,No,Yes,Yes,No,Yes,No,One year,No,Credit card (automatic),95.75,6511.25,0,60-72,0,5,1,94.3659420289855,1
7941-RCJOW,Male,0,No,No,65,Yes,No,No,No,No,No,No,No,No,Two year,Yes,Credit card (automatic),19.55,1218.65,0,60-72,0,1,0,18.74846153846154,0
6374-NTQLP,Male,1,Yes,Yes,72,Yes,No,Fiber optic,Yes,No,Yes,Yes,Yes,Yes,Two year,Yes,Credit card (automatic),104.1,7447.7,0,60-72,0,6,1,103.44027777777778,0
4154-AQUGT,Male,1,Yes,No,13,Yes,No,Fiber optic,No,Yes,No,Yes,No,Yes,Month-to-month,Yes,Bank transfer (automatic),89.05,1169.35,1,12-24,0,4,1,89.94999999999999,2
2387-KDZQY,Male,0,No,No,17,Yes,No,No,No,No,No,No,No,No,One year,Yes,Mailed check,20.1,279.5,0,12-24,0,1,0,16.441176470588236,1
3584-WKTTW,Male,0,Yes,No,51,Yes,Yes,Fiber optic,Yes,No,Yes,Yes,Yes,Yes,One year,Yes,Electronic check,111.55,5720.35,0,48-60,0,7,1,112.16372549019609,1
3399-BMLVW,Male,0,Yes,Yes,51,Yes,No,DSL,Yes,Yes,No,Yes,No,No,Two year,No,Credit card (automatic),60.5,3121.45,0,48-60,0,4,1,61.20490196078431,0
1971-DTCZB,Female,0,Yes,No,72,Yes,Yes,DSL,Yes,Yes,Yes,Yes,Yes,Yes,Two year,Yes,Bank transfer (automatic),90.95,6468.6,0,60-72,0,8,1,89.84166666666667,0
3092-IGHWF,Male,0,Yes,Yes,67,Yes,Yes,Fiber optic,No,Yes,Yes,No,No,No,One year,No,Electronic check,87.4,5918.8,1,60-72,0,4,1,88.34029850746269,1
3374-PZLXD,Male,0,No,No,34,Yes,No,No,No,No,No,No,No,No,Month-to-month,No,Mailed check,19.7,675.6,0,24-36,0,1,0,19.870588235294118,2
3813-DHBBB,Male,0,Yes,No,67,No,No,DSL,Yes,Yes,No,Yes,No,Yes,Two year,Yes,Bank transfer (automatic),50.95,3521.7,0,60-72,0,4,0,52.56268656716418,0
2812-REYAT,Female,0,Yes,No,49,Yes,No,No,No,No,No,No,No,No,One year,Yes,Bank transfer (automatic),20.05,923.1,0,48-60,0,1,0,18.838775510204083,1
6518-PPLMZ,Male,0,Yes,Yes,53,Yes,No,No,No,No,No,No,No,No,Two year,Yes,Mailed check,19.4,1110.35,0,48-60,0,1,0,20.95,0
4939-KYYPY,Male,0,No,No,27,Yes,Yes,DSL,No,No,Yes,Yes,No,No,Month-to-month,No,Electronic check,59.45,1611.65,0,24-36,0,4,1,59.69074074074074,2
8017-LXHFA,Female,1,No,No,23,Yes,No,Fiber optic,No,Yes,No,No,Yes,Yes,Month-to-month,Yes,Electronic check,94.75,2293.6,1,12-24,0,4,1,99.72173913043478,2
5930-GBIWP,Male,0,No,No,69,Yes,Yes,DSL,Yes,Yes,Yes,Yes,No,Yes,Two year,Yes,Credit card (automatic),81.5,5553.25,0,60-72,0,7,1,80.48188405797102,0
6022-KOUQO,Female,0,Yes,Yes,2,No,No,DSL,No,No,No,Yes,No,No,Month-to-month,No,Bank transfer (automatic),29.05,44.75,0,0-12,1,1,0,22.375,2
6352-TWCAU,Female,0,No,No,35,Yes,Yes,Fiber optic,No,No,No,No,Yes,No,Month-to-month,Yes,Electronic check,86.45,3029.1,1,24-36,0,3,1,86.54571428571428,2
2361-UPSND,Female,0,Yes,No,46,Yes,No,DSL,Yes,Yes,No,Yes,No,Yes,One year,No,Mailed check,70.6,3231.05,0,36-48,0,5,1,70.24021739130436,1
6035-RIIOM,Female,0,No,No,54,Yes,Yes,Fiber optic,No,Yes,No,No,Yes,Yes,Two year,Yes,Bank transfer (automatic),97.2,5129.45,0,48-60,0,5,1,94.9898148148148,0
2929-QNSRW,Female,0,Yes,No,56,Yes,Yes,Fiber optic,No,Yes,No,No,Yes,Yes,One year,Yes,Electronic check,98.25,5508.35,1,48-60,0,5,1,98.36339285714287,1
1262-OPMFY,Female,0,Yes,No,9,Yes,No,Fiber optic,No,No,Yes,No,No,No,Month-to-month,Yes,Bank transfer (automatic),75.75,655.9,1,0-12,0,2,1,72.87777777777778,2
9504-DSHWM,Male,0,No,No,20,Yes,Yes,DSL,Yes,No,No,Yes,No,No,Month-to-month,No,Bank transfer (automatic),59.2,1191.2,0,12-24,0,4,1,59.56,2
5035-BVCXS,Male,0,No,No,11,Yes,No,Fiber optic,No,Yes,No,No,No,No,Month-to-month,Yes,Mailed check,75.9,866.4,0,0-12,0,2,1,78.76363636363637,2
6267-DCFFZ,Female,1,Yes,No,30,Yes,Yes,Fiber optic,No,Yes,No,No,Yes,No,Month-to-month,Yes,Electronic check,90.05,2627.2,0,24-36,0,4,1,87.57333333333332,2
3533-UVMOM,Male,0,Yes,No,68,Yes,No,DSL,Yes,Yes,Yes,No,No,Yes,Two year,No,Bank transfer (automatic),70.95,4741.45,0,60-72,0,5,1,69.72720588235293,0
2439-LYPMQ,Male,1,Yes,No,38,Yes,Yes,Fiber optic,No,Yes,Yes,No,Yes,Yes,Month-to-month,Yes,Electronic check,102.6,4009.2,0,36-48,0,6,1,105.50526315789473,2
4248-QPAVC,Female,1,Yes,No,17,Yes,Yes,Fiber optic,Yes,No,Yes,No,No,No,Month-to-month,Yes,Bank transfer (automatic),85.35,1463.45,1,12-24,0,4,1,86.08529411764707,2
1899-VXWXM,Male,0,No,No,48,Yes,Yes,Fiber optic,No,Yes,Yes,No,Yes,Yes,One year,Yes,Credit card (automatic),106.1,5082.8,1,36-48,0,6,1,105.89166666666667,1
1478-VPOAD,Female,0,No,No,1,Yes,No,DSL,No,No,No,No,No,No,Month-to-month,No,Electronic check,43.8,43.8,0,0-12,1,1,1,43.8,2
9995-HOTOH,Male,0,Yes,Yes,63,No,No,DSL,Yes,Yes,Yes,No,Yes,Yes,Two year,No,Electronic check,59.0,3707.6,0,60-72,0,5,0,58.85079365079365,0
2988-PLAHS,Female,0,No,No,3,Yes,No,DSL,No,No,Yes,No,Yes,Yes,One year,Yes,Electronic check,69.95,220.45,0,0-12,1,4,1,73.48333333333333,1
1371-OJCEK,Female,0,No,No,48,Yes,Yes,No,No,No,No,No,No,No,One year,No,Bank transfer (automatic),24.35,1133.7,0,36-48,0,2,0,23.618750000000002,1
4999-IEZLT,Male,0,No,No,66,No,No,DSL,No,No,No,Yes,No,No,One year,No,Credit card (automatic),29.45,1983.15,0,60-72,0,1,0,30.047727272727276,1
8883-ANODQ,Female,0,Yes,Yes,68,Yes,Yes,Fiber optic,No,Yes,Yes,No,No,No,Two year,Yes,Credit card (automatic),84.4,5746.75,0,60-72,0,4,1,84.51102941176471,0
4690-LLKUA,Male,1,No,No,17,Yes,No,DSL,No,No,No,No,No,No,Month-to-month,Yes,Electronic check,45.05,770.6,1,12-24,0,1,1,45.32941176470588,2
2351-RRBUE,Female,0,Yes,Yes,7,Yes,No,No,No,No,No,No,No,No,One year,No,Mailed check,20.65,134.05,0,0-12,0,1,0,19.150000000000002,1
5980-BDHPY,Male,0,Yes,No,72,Yes,Yes,DSL,Yes,Yes,Yes,Yes,Yes,Yes,Two year,Yes,Bank transfer (automatic),87.1,6230.1,0,60-72,0,8,1,86.52916666666667,0
1498-DQNRX,Female,0,Yes,No,29,Yes,No,No,No,No,No,No,No,No,Month-to-month,No,Mailed check,19.85,573.05,0,24-36,0,1,0,19.760344827586206,2
9469-WEJBT,Male,0,Yes,No,37,Yes,No,Fiber optic,No,No,Yes,Yes,No,Yes,Month-to-month,Yes,Electronic check,90.35,3419.3,0,36-48,0,4,1,92.41351351351352,2
3331-HQDTW,Female,0,No,No,34,Yes,Yes,Fiber optic,Yes,Yes,Yes,No,Yes,Yes,Month-to-month,Yes,Mailed check,109.8,3587.25,1,24-36,0,7,1,105.50735294117646,2
9490-DFPMD,Female,1,No,No,42,Yes,Yes,Fiber optic,No,No,No,No,Yes,No,Month-to-month,Yes,Electronic check,84.65,3541.35,1,36-48,0,3,1,84.31785714285714,2
2581-VKIRT,Female,0,Yes,Yes,59,Yes,Yes,DSL,Yes,Yes,No,Yes,No,No,One year,No,Mailed check,65.5,3801.3,0,48-60,0,5,1,64.42881355932204,1
5442-XSDCW,Male,0,Yes,Yes,11,Yes,No,Fiber optic,No,No,No,No,Yes,No,Month-to-month,Yes,Bank transfer (automatic),79.5,868.5,1,0-12,0,2,1,78.95454545454545,2
7426-WEIJX,Male,1,Yes,Yes,60,Yes,Yes,Fiber optic,Yes,No,No,No,No,No,Month-to-month,Yes,Electronic check,80.95,4859.1,0,48-60,0,3,1,80.985,2
2851-MMUTZ,Female,0,No,No,27,Yes,No,DSL,No,Yes,No,Yes,No,No,Month-to-month,Yes,Mailed check,56.15,1439.35,0,24-36,0,3,1,53.30925925925926,2
3049-NDXFL,Female,0,No,No,1,Yes,Yes,Fiber optic,No,No,No,No,No,Yes,Month-to-month,No,Mailed check,85.8,85.8,1,0-12,1,3,1,85.8,2
8580-AECUZ,Male,1,No,No,1,Yes,No,Fiber optic,No,No,No,No,Yes,No,Month-to-month,Yes,Electronic check,79.1,79.1,1,0-12,1,2,1,79.1,2
3307-TLCUD,Male,0,Yes,No,17,No,No,DSL,Yes,No,Yes,No,No,No,Month-to-month,No,Mailed check,34.4,592.75,0,12-24,0,2,0,34.86764705882353,2
6625-FLENO,Male,0,Yes,No,58,Yes,No,No,No,No,No,No,No,No,Two year,No,Mailed check,20.75,1185.95,0,48-60,0,1,0,20.44741379310345,0
2967-MXRAV,Male,0,Yes,Yes,1,Yes,No,No,No,No,No,No,No,No,One year,No,Mailed check,18.8,18.8,0,0-12,1,1,0,18.8,1
7963-GQRMY,Female,0,Yes,Yes,3,Yes,No,DSL,No,No,No,No,No,No,Month-to-month,No,Mailed check,44.3,134.5,1,0-12,1,1,1,44.833333333333336,2
8189-HBVRW,Female,0,No,No,53,Yes,Yes,Fiber optic,Yes,Yes,Yes,No,No,No,Month-to-month,No,Electronic check,90.8,4921.2,0,48-60,0,5,1,92.85283018867923,2
4163-KIUHY,Male,0,No,No,35,Yes,Yes,No,No,No,No,No,No,No,Month-to-month,Yes,Electronic check,25.6,901.25,0,24-36,0,2,0,25.75,2
1228-FZFRV,Male,0,Yes,Yes,50,Yes,Yes,Fiber optic,Yes,No,Yes,No,Yes,Yes,Month-to-month,No,Credit card (automatic),105.95,5341.8,1,48-60,0,6,1,106.836,2
3500-NSDOA,Male,0,Yes,Yes,68,Yes,Yes,DSL,No,Yes,No,Yes,No,Yes,Two year,No,Credit card (automatic),70.8,4859.95,0,60-72,0,5,1,71.46985294117647,0
1171-TYKUR,Male,0,Yes,No,47,Yes,Yes,No,No,No,No,No,No,No,Month-to-month,No,Electronic check,25.4,1139.2,0,36-48,0,2,0,24.238297872340425,2
3761-FLYZI,Female,1,Yes,No,65,Yes,Yes,Fiber optic,No,Yes,Yes,No,Yes,Yes,Month-to-month,Yes,Bank transfer (automatic),108.8,7082.45,0,60-72,0,6,1,108.96076923076923,2
2058-DCJBE,Male,0,No,No,5,Yes,No,Fiber optic,No,No,No,No,No,No,Month-to-month,Yes,Electronic check,69.75,324.6,1,0-12,1,1,1,64.92,2
5364-XYIRR,Male,0,Yes,No,51,Yes,Yes,Fiber optic,No,No,No,No,Yes,Yes,Month-to-month,Yes,Electronic check,94.65,4812.75,1,48-60,0,4,1,94.36764705882354,2
4829-AUOAX,Female,0,No,No,46,Yes,Yes,Fiber optic,No,No,No,No,Yes,Yes,Month-to-month,No,Bank transfer (automatic),96.05,4399.5,1,36-48,0,4,1,95.6413043478261,2
1219-NNDDO,Female,0,No,No,9,Yes,Yes,Fiber optic,No,No,No,No,No,No,Month-to-month,Yes,Electronic check,76.85,663.55,0,0-12,0,2,1,73.72777777777777,2
8388-DMKAE,Female,0,No,No,8,Yes,No,No,No,No,No,No,No,No,Two year,No,Mailed check,20.25,174.65,0,0-12,0,1,0,21.83125,0
4403-BWPAY,Male,0,No,No,14,Yes,Yes,No,No,No,No,No,No,No,One year,Yes,Credit card (automatic),24.8,321.7,0,12-24,0,2,0,22.978571428571428,1
9659-QEQSY,Female,0,No,No,45,Yes,Yes,Fiber optic,Yes,Yes,Yes,Yes,Yes,Yes,Month-to-month,Yes,Electronic check,115.65,5125.5,0,36-48,0,8,1,113.9,2
5405-ZMYXQ,Female,0,No,No,8,Yes,Yes,Fiber optic,No,No,No,No,No,No,Month-to-month,Yes,Credit card (automatic),74.6,548.9,0,0-12,0,2,1,68.6125,2
5047-LHVLY,Male,1,No,Yes,1,Yes,No,DSL,No,No,Yes,No,No,No,Month-to-month,Yes,Mailed check,50.15,50.15,1,0-12,1,2,1,50.15,2
1442-OKRJE,Male,0,Yes,Yes,66,Yes,No,Fiber optic,Yes,Yes,Yes,No,Yes,Yes,One year,Yes,Bank transfer (automatic),103.15,7031.3,0,60-72,0,6,1,106.53484848484848,1
4737-AQCPU,Male,0,Yes,Yes,72,Yes,Yes,DSL,Yes,Yes,Yes,Yes,No,No,Two year,No,Credit card (automatic),72.1,5016.65,0,60-72,0,6,1,69.67569444444445,0
9158-VCTQB,Female,0,Yes,No,41,Yes,Yes,Fiber optic,Yes,Yes,Yes,Yes,Yes,Yes,Month-to-month,Yes,Bank transfer (automatic),113.6,4594.95,1,36-48,0,8,1,112.07195121951219,2
2808-CHTDM,Female,0,Yes,Yes,23,Yes,Yes,No,No,No,No,No,No,No,Two year,No,Mailed check,25.1,611.45,0,12-24,0,2,0,26.584782608695654,0
6311-UEUME,Female,0,No,No,29,Yes,No,Fiber optic,No,No,No,No,Yes,No,Month-to-month,Yes,Electronic check,78.9,2384.15,1,24-36,0,2,1,82.21206896551725,2
0793-TWELN,Female,0,No,No,4,Yes,Yes,Fiber optic,Yes,No,No,No,No,No,Month-to-month,Yes,Electronic check,80.15,319.85,0,0-12,1,3,1,79.9625,2
3283-WCWXT,Male,0,Yes,Yes,6,Yes,Yes,No,No,No,No,No,No,No,Two year,No,Mailed check,25.4,153.3,0,0-12,1,2,0,25.55,0
1060-ENTOF,Female,1,Yes,No,67,Yes,Yes,Fiber optic,Yes,Yes,Yes,Yes,No,Yes,One year,Yes,Credit card (automatic),105.4,7035.6,0,60-72,0,7,1,105.0089552238806,1
0999-QXNSA,Male,1,No,Yes,7,Yes,No,DSL,No,No,No,No,No,No,Month-to-month,Yes,Mailed check,45.75,344.2,0,0-12,0,1,1,49.17142857142857,2
5451-MHQOF,Male,0,Yes,Yes,56,Yes,Yes,No,No,No,No,No,No,No,One year,Yes,Mailed check,24.45,1431.65,0,48-60,0,2,0,25.56517857142857,1
4836-WNFNO,Female,0,Yes,No,72,Yes,Yes,No,No,No,No,No,No,No,Two year,No,Credit card (automatic),25.0,1849.2,0,60-72,0,2,0,25.683333333333334,0
9225-BZLNZ,Male,0,Yes,No,72,Yes,Yes,DSL,Yes,Yes,Yes,No,Yes,Yes,Two year,Yes,Electronic check,85.25,6083.1,0,60-72,0,7,1,84.48750000000001,0
0354-VXMJC,Male,0,Yes,Yes,23,Yes,No,No,No,No,No,No,No,No,Two year,No,Credit card (automatic),19.6,426.65,0,12-24,0,1,0,18.55,0
4422-QVIJA,Female,0,No,Yes,35,Yes,Yes,DSL,No,No,No,No,No,No,Month-to-month,No,Mailed check,50.15,1655.35,0,24-36,0,2,1,47.29571428571428,2
9365-SRSZE,Male,1,Yes,No,27,Yes,No,Fiber optic,No,No,No,No,No,No,Month-to-month,Yes,Electronic check,70.55,1943.9,0,24-36,0,1,1,71.9962962962963,2
6839-ITVZJ,Female,0,Yes,Yes,26,Yes,Yes,DSL,No,Yes,No,Yes,No,No,Month-to-month,Yes,Electronic check,60.05,1616.15,1,24-36,0,4,1,62.159615384615385,2
8332-OSJDW,Male,0,Yes,Yes,12,Yes,Yes,No,No,No,No,No,No,No,One year,No,Mailed check,26.4,314.95,0,0-12,0,2,0,26.245833333333334,1
4735-BJKOU,Female,0,No,No,40,Yes,No,No,No,No,No,No,No,No,Two year,No,Mailed check,20.15,804.85,0,36-48,0,1,0,20.12125,0
0274-JKUJR,Male,0,Yes,Yes,7,No,No,DSL,Yes,Yes,Yes,No,Yes,Yes,Month-to-month,No,Mailed check,58.85,465.7,0,0-12,0,5,0,66.52857142857142,2
5740-YHGTW,Male,0,Yes,Yes,70,Yes,Yes,Fiber optic,Yes,Yes,No,No,Yes,No,Month-to-month,Yes,Credit card (automatic),97.55,6669.05,0,60-72,0,5,1,95.27214285714285,2
8917-SZTTJ,Male,0,Yes,Yes,60,Yes,No,No,No,No,No,No,No,No,Two year,No,Credit card (automatic),19.65,1161.75,0,48-60,0,1,0,19.3625,0
1696-MZVAU,Male,0,Yes,Yes,39,No,No,DSL,No,No,No,No,No,No,One year,Yes,Credit card (automatic),25.25,947.75,0,36-48,0,0,0,24.30128205128205,1
7359-WWYJV,Male,0,Yes,No,72,Yes,Yes,Fiber optic,Yes,Yes,Yes,Yes,Yes,Yes,Two year,No,Credit card (automatic),114.45,8375.05,0,60-72,0,8,1,116.32013888888888,0
0375-HVGXO,Female,0,No,No,1,No,No,DSL,No,No,No,No,Yes,No,Month-to-month,Yes,Electronic check,34.7,34.7,1,0-12,1,1,0,34.7,2
4906-ZHGPK,Male,0,Yes,Yes,54,Yes,Yes,DSL,No,Yes,No,Yes,Yes,No,One year,Yes,Electronic check,70.7,3770.0,0,48-60,0,5,1,69.81481481481481,1
8593-WHYHV,Male,0,No,No,3,Yes,Yes,Fiber optic,No,No,No,No,No,Yes,Month-to-month,Yes,Electronic check,85.3,264.8,1,0-12,1,3,1,88.26666666666667,2
3795-GWTRD,Female,0,Yes,Yes,63,Yes,No,DSL,Yes,Yes,Yes,Yes,Yes,No,Two year,No,Credit card (automatic),75.55,4707.85,0,60-72,0,6,1,74.72777777777779,0
1298-PHBTI,Male,0,Yes,Yes,71,Yes,Yes,Fiber optic,No,Yes,No,Yes,No,No,Two year,Yes,Electronic check,84.8,6152.4,0,60-72,0,4,1,86.65352112676055,0
6223-DHJGV,Female,0,No,No,42,Yes,No,No,No,No,No,No,No,No,One year,Yes,Mailed check,20.65,958.1,0,36-48,0,1,0,22.811904761904763,1
6961-MJKBO,Male,0,No,No,47,Yes,No,No,No,No,No,No,No,No,Two year,No,Bank transfer (automatic),20.45,943.0,0,36-48,0,1,0,20.06382978723404,0
6097-EQISJ,Female,0,Yes,Yes,66,Yes,Yes,Fiber optic,No,Yes,Yes,No,Yes,Yes,One year,Yes,Credit card (automatic),102.45,6615.15,1,60-72,0,6,1,100.22954545454544,1
4423-YLHDV,Female,0,Yes,No,21,Yes,Yes,Fiber optic,Yes,No,Yes,No,Yes,Yes,Month-to-month,Yes,Bank transfer (automatic),104.4,2200.25,1,12-24,0,6,1,104.77380952380952,2
8158-WPEZG,Male,0,No,No,11,No,No,DSL,No,Yes,No,Yes,No,No,Month-to-month,Yes,Electronic check,35.65,425.1,0,0-12,0,2,0,38.64545454545455,2
0107-YHINA,Male,0,No,Yes,1,Yes,Yes,Fiber optic,No,No,Yes,No,Yes,Yes,Month-to-month,Yes,Electronic check,99.75,99.75,1,0-12,1,5,1,99.75,2
4918-FYJNT,Female,1,Yes,No,55,Yes,Yes,Fiber optic,No,Yes,Yes,Yes,No,No,Month-to-month,No,Electronic check,90.45,5044.8,0,48-60,0,5,1,91.72363636363637,2
0727-BNRLG,Male,0,No,No,69,Yes,Yes,Fiber optic,No,Yes,Yes,Yes,Yes,No,Two year,Yes,Credit card (automatic),97.65,6743.55,0,60-72,0,6,1,97.73260869565217,0
4854-CIDCF,Female,1,No,No,3,Yes,No,Fiber optic,No,No,Yes,No,No,No,Month-to-month,No,Electronic check,73.85,196.4,0,0-12,1,2,1,65.46666666666667,2
8640-SDGKB,Male,0,No,No,4,Yes,No,DSL,No,No,Yes,Yes,Yes,Yes,Month-to-month,Yes,Electronic check,74.4,299.7,1,0-12,1,5,1,74.925,2
3280-MRDOF,Male,1,No,No,30,Yes,Yes,DSL,No,No,Yes,Yes,Yes,No,Two year,Yes,Credit card (automatic),69.1,2093.9,0,24-36,0,5,1,69.79666666666667,0
6435-SRWBJ,Female,0,No,No,5,Yes,Yes,Fiber optic,No,No,Yes,Yes,No,No,Month-to-month,Yes,Electronic check,82.75,417.75,0,0-12,1,4,1,83.55,2
9964-WBQDJ,Female,0,Yes,No,71,Yes,Yes,No,No,No,No,No,No,No,Two year,Yes,Credit card (automatic),24.4,1725.4,0,60-72,0,2,0,24.301408450704226,0
6303-KFWSL,Female,0,No,No,29,Yes,Yes,DSL,No,Yes,No,No,No,No,One year,Yes,Electronic check,55.25,1620.2,0,24-36,0,3,1,55.86896551724138,1
1702-CCFNJ,Male,0,Yes,No,52,Yes,Yes,DSL,No,Yes,No,Yes,No,No,Month-to-month,No,Bank transfer (automatic),61.35,3169.55,0,48-60,0,4,1,60.95288461538462,2
8932-CZHRQ,Male,0,No,No,68,Yes,Yes,DSL,Yes,Yes,Yes,No,No,Yes,One year,No,Credit card (automatic),76.75,5233.25,0,60-72,0,6,1,76.9595588235294,1
0386-CWRGM,Female,0,Yes,Yes,46,Yes,No,No,No,No,No,No,No,No,Two year,No,Mailed check,19.4,967.85,0,36-48,0,1,0,21.04021739130435,0
5515-RUGKN,Male,0,No,No,8,Yes,No,DSL,No,No,No,No,No,Yes,Month-to-month,Yes,Credit card (automatic),54.75,438.05,0,0-12,0,2,1,54.75625,2
0404-AHASP,Male,0,Yes,No,72,Yes,No,No,No,No,No,No,No,No,Two year,No,Credit card (automatic),19.7,1421.9,0,60-72,0,1,0,19.748611111111114,0
7279-NMVJC,Female,0,No,No,17,Yes,No,No,No,No,No,No,No,No,One year,No,Bank transfer (automatic),19.9,323.15,0,12-24,0,1,0,19.008823529411764,1
2081-VEYEH,Male,0,No,No,3,Yes,No,Fiber optic,No,Yes,Yes,Yes,Yes,Yes,Month-to-month,Yes,Electronic check,107.95,318.6,0,0-12,1,6,1,106.2,2
6407-UTSLV,Female,1,No,No,2,Yes,No,Fiber optic,No,Yes,No,No,Yes,No,Month-to-month,Yes,Bank transfer (automatic),83.8,163.7,0,0-12,1,3,1,81.85,2
4116-TZAQJ,Female,0,No,No,9,Yes,No,Fiber optic,Yes,No,No,No,No,No,Month-to-month,Yes,Credit card (automatic),74.25,639.65,1,0-12,0,2,1,71.07222222222222,2
9060-HJJRW,Female,0,No,No,51,No,No,DSL,No,Yes,Yes,No,Yes,Yes,One year,Yes,Credit card (automatic),56.4,2928.5,0,48-60,0,4,0,57.42156862745098,1
2587-YNLES,Female,0,Yes,Yes,6,Yes,No,No,No,No,No,No,No,No,Two year,No,Mailed check,20.1,100.35,0,0-12,1,1,0,16.724999999999998,0
7398-SKNQZ,Female,0,Yes,No,3,Yes,Yes,Fiber optic,No,No,No,No,Yes,Yes,Month-to-month,No,Electronic check,94.9,273.2,0,0-12,1,4,1,91.06666666666666,2
5935-FCCNB,Female,1,No,No,17,Yes,Yes,Fiber optic,No,No,No,No,Yes,Yes,Month-to-month,Yes,Electronic check,94.2,1608.15,0,12-24,0,4,1,94.59705882352942,2
1958-RNRKS,Male,0,Yes,No,30,Yes,Yes,DSL,No,No,No,No,No,No,Month-to-month,No,Electronic check,49.9,1441.95,0,24-36,0,2,1,48.065000000000005,2
5136-RGMZO,Male,0,No,No,31,Yes,Yes,DSL,No,Yes,No,Yes,Yes,No,Month-to-month,Yes,Electronic check,71.05,2168.15,0,24-36,0,5,1,69.94032258064516,2
8345-MVDYC,Female,0,No,No,45,Yes,No,DSL,Yes,No,Yes,Yes,Yes,Yes,Two year,No,Bank transfer (automatic),81.65,3618.7,0,36-48,0,6,1,80.41555555555556,0
8226-BXGES,Male,0,Yes,No,64,Yes,Yes,Fiber optic,Yes,Yes,Yes,No,No,No,One year,No,Bank transfer (automatic),89.45,5692.65,0,60-72,0,5,1,88.94765625,1
3877-JRJIP,Male,0,No,No,1,Yes,Yes,DSL,No,No,No,No,Yes,No,Month-to-month,Yes,Electronic check,59.85,59.85,1,0-12,1,3,1,59.85,2
8375-DKEBR,Female,1,No,No,1,Yes,No,Fiber optic,No,No,No,No,No,No,Month-to-month,Yes,Electronic check,69.6,69.6,1,0-12,1,1,1,69.6,2
9705-IOVQQ,Male,1,Yes,Yes,61,Yes,Yes,Fiber optic,No,Yes,No,No,Yes,Yes,One year,No,Electronic check,99.0,5969.3,0,60-72,0,5,1,97.85737704918033,1
1015-OWJKI,Male,0,No,No,1,Yes,No,No,No,No,No,No,No,No,Month-to-month,No,Mailed check,19.05,19.05,0,0-12,1,1,0,19.05,2
7511-YMXVQ,Male,0,No,No,9,No,No,DSL,No,No,No,No,Yes,Yes,Month-to-month,Yes,Electronic check,45.4,418.8,1,0-12,0,2,0,46.53333333333333,2
2040-XBAVJ,Male,0,Yes,Yes,72,Yes,Yes,Fiber optic,Yes,Yes,Yes,Yes,Yes,Yes,Two year,No,Bank transfer (automatic),114.45,8100.55,0,60-72,0,8,1,112.50763888888889,0
7551-JOHTI,Female,0,No,No,1,Yes,No,No,No,No,No,No,No,No,Month-to-month,No,Mailed check,19.5,19.5,1,0-12,1,1,0,19.5,2
8887-IPQNC,Female,0,Yes,No,7,Yes,No,DSL,No,No,No,No,No,No,Month-to-month,Yes,Mailed check,44.25,313.45,0,0-12,0,1,1,44.778571428571425,2
8646-JCOMS,Female,0,Yes,No,66,Yes,Yes,Fiber optic,No,Yes,Yes,Yes,No,No,One year,Yes,Bank transfer (automatic),90.55,6130.95,0,60-72,0,5,1,92.89318181818182,1
9804-ICWBG,Male,0,No,No,1,Yes,No,Fiber optic,No,No,No,No,No,No,Month-to-month,Yes,Electronic check,69.9,69.9,1,0-12,1,1,1,69.9,2
1222-KJNZD,Male,0,Yes,Yes,40,Yes,No,No,No,No,No,No,No,No,Month-to-month,Yes,Bank transfer (automatic),20.4,745.3,0,36-48,0,1,0,18.6325,2
0106-GHRQR,Male,0,No,No,16,Yes,Yes,DSL,No,Yes,Yes,No,No,Yes,Month-to-month,Yes,Bank transfer (automatic),71.4,1212.1,0,12-24,0,5,1,75.75625,2
5318-IXUZF,Female,0,No,No,2,Yes,No,Fiber optic,No,Yes,No,No,Yes,No,Month-to-month,Yes,Bank transfer (automatic),87.15,183.75,1,0-12,1,3,1,91.875,2
3768-VHXQO,Male,0,Yes,No,67,Yes,Yes,No,No,No,No,No,No,No,Two year,No,Credit card (automatic),24.85,1583.5,0,60-72,0,2,0,23.634328358208954,0
8952-WCVCD,Female,0,Yes,No,41,Yes,No,Fiber optic,Yes,Yes,Yes,No,Yes,Yes,One year,Yes,Bank transfer (automatic),104.45,4162.05,0,36-48,0,6,1,101.51341463414634,1
2418-TPEUN,Female,0,Yes,Yes,56,Yes,No,No,No,No,No,No,No,No,Two year,Yes,Credit card (automatic),19.8,1119.9,0,48-60,0,1,0,19.998214285714287,0
3963-RYFNS,Female,0,No,No,72,Yes,Yes,Fiber optic,Yes,Yes,Yes,Yes,Yes,Yes,Two year,Yes,Bank transfer (automatic),116.45,8013.55,0,60-72,0,8,1,111.29930555555556,0
3198-VELRD,Female,0,Yes,Yes,3,Yes,Yes,Fiber optic,No,No,No,No,No,Yes,Month-to-month,Yes,Bank transfer (automatic),84.75,264.85,1,0-12,1,3,1,88.28333333333335,2
8540-ZQGEA,Female,0,Yes,No,54,Yes,No,No,No,No,No,No,No,No,Two year,No,Credit card (automatic),20.05,1102.4,0,48-60,0,1,0,20.414814814814818,0
1320-REHCS,Male,1,No,No,52,Yes,Yes,Fiber optic,No,Yes,Yes,Yes,Yes,Yes,Month-to-month,Yes,Electronic check,110.75,5832.0,0,48-60,0,7,1,112.15384615384616,2
4137-JOPHL,Female,0,No,No,50,Yes,No,Fiber optic,No,No,Yes,Yes,No,Yes,Two year,Yes,Bank transfer (automatic),89.7,4304.5,0,48-60,0,4,1,86.09,0
9436-ZBZCT,Male,0,No,No,14,Yes,Yes,Fiber optic,No,No,No,Yes,Yes,No,Month-to-month,Yes,Electronic check,89.95,1178.4,1,12-24,0,4,1,84.17142857142858,2
7801-CEDNV,Male,0,Yes,No,27,Yes,No,DSL,Yes,No,No,No,No,No,One year,No,Credit card (automatic),48.7,1421.75,0,24-36,0,2,1,52.657407407407405,1
2057-BOYKM,Female,1,Yes,No,72,Yes,Yes,Fiber optic,Yes,Yes,Yes,Yes,No,No,Two year,Yes,Bank transfer (automatic),96.6,6827.5,0,60-72,0,6,1,94.82638888888889,0
3658-QQJYD,Male,0,No,No,62,Yes,No,DSL,Yes,Yes,No,No,Yes,Yes,One year,Yes,Credit card (automatic),74.3,4698.05,0,60-72,0,5,1,75.775,1
1803-BGNBD,Female,0,No,No,12,Yes,No,DSL,No,Yes,No,Yes,No,No,Month-to-month,Yes,Electronic check,54.3,654.5,0,0-12,0,3,1,54.541666666666664,2
0134-XWXCE,Female,1,No,No,44,Yes,No,DSL,No,No,Yes,Yes,Yes,Yes,One year,No,Bank transfer (automatic),74.85,3268.05,0,36-48,0,5,1,74.27386363636364,1
6950-TWMYB,Male,0,Yes,Yes,54,Yes,No,Fiber optic,No,Yes,No,Yes,No,No,Two year,Yes,Bank transfer (automatic),79.95,4362.05,0,48-60,0,3,1,80.77870370370371,0
5848-FHRFC,Female,0,No,No,68,Yes,No,No,No,No,No,No,No,No,Two year,No,Bank transfer (automatic),20.05,1386.9,0,60-72,0,1,0,20.39558823529412,0
2243-FNMMI,Male,0,No,No,20,Yes,No,No,No,No,No,No,No,No,Month-to-month,No,Mailed check,19.4,415.4,0,12-24,0,1,0,20.77,2
2511-MORQY,Male,0,Yes,Yes,50,Yes,Yes,DSL,No,No,Yes,No,No,No,One year,No,Bank transfer (automatic),54.9,2614.1,0,48-60,0,3,1,52.282,1
5356-KZCKT,Male,0,No,No,58,Yes,Yes,No,No,No,No,No,No,No,Two year,Yes,Credit card (automatic),24.45,1513.6,0,48-60,0,2,0,26.096551724137928,0
9470-XCCEM,Male,0,Yes,Yes,35,Yes,Yes,Fiber optic,No,Yes,No,No,Yes,No,Month-to-month,Yes,Bank transfer (automatic),89.65,3161.6,0,24-36,0,4,1,90.33142857142857,2
6519-CFDBX,Female,0,No,No,2,Yes,No,DSL,No,No,No,No,No,No,Month-to-month,Yes,Electronic check,45.4,80.95,0,0-12,1,1,1,40.475,2
3902-MIVLE,Male,0,Yes,Yes,63,Yes,Yes,DSL,Yes,No,Yes,Yes,No,Yes,Two year,No,Mailed check,75.7,4676.7,0,60-72,0,6,1,74.23333333333333,0
0409-WTMPL,Female,0,Yes,No,58,Yes,Yes,Fiber optic,Yes,Yes,Yes,No,Yes,Yes,One year,Yes,Credit card (automatic),110.65,6526.65,0,48-60,0,7,1,112.52844827586206,1
8763-KIAFH,Female,0,Yes,Yes,27,Yes,No,No,No,No,No,No,No,No,One year,Yes,Mailed check,20.55,583.3,0,24-36,0,1,0,21.6037037037037,1
3669-WHAFY,Female,0,Yes,No,71,Yes,Yes,Fiber optic,Yes,Yes,Yes,Yes,Yes,Yes,Two year,Yes,Credit card (automatic),115.15,8078.1,0,60-72,0,8,1,113.77605633802817,0
3055-VTCGS,Female,0,No,No,63,Yes,No,DSL,No,No,Yes,No,No,Yes,One year,No,Credit card (automatic),58.55,3503.5,0,60-72,0,3,1,55.611111111111114,1
3144-KMTWZ,Male,0,Yes,No,71,Yes,Yes,Fiber optic,No,Yes,Yes,No,No,Yes,Month-to-month,Yes,Bank transfer (automatic),93.25,6669.45,0,60-72,0,5,1,93.93591549295775,2
7279-BUYWN,Female,1,No,No,41,Yes,Yes,Fiber optic,Yes,Yes,Yes,No,Yes,Yes,Month-to-month,Yes,Electronic check,113.2,4689.5,1,36-48,0,7,1,114.3780487804878,2
7156-MHUGY,Male,1,No,No,13,Yes,No,Fiber optic,No,No,No,No,Yes,Yes,Month-to-month,Yes,Electronic check,90.5,1201.15,1,12-24,0,3,1,92.39615384615385,2
7198-GLXTC,Male,0,No,No,2,Yes,No,Fiber optic,No,No,No,No,Yes,No,Month-to-month,No,Electronic check,79.0,143.65,1,0-12,1,2,1,71.825,2
2007-QVGAW,Female,0,Yes,Yes,68,Yes,No,No,No,No,No,No,No,No,Two year,Yes,Bank transfer (automatic),19.35,1292.65,0,60-72,0,1,0,19.009558823529414,0
5207-PLSTK,Male,0,Yes,Yes,1,Yes,No,DSL,Yes,No,No,No,No,No,Month-to-month,Yes,Mailed check,48.75,48.75,0,0-12,1,2,1,48.75,2
2307-FYNNL,Male,1,No,No,65,Yes,Yes,Fiber optic,Yes,No,Yes,Yes,Yes,Yes,Two year,Yes,Electronic check,109.05,7108.2,0,60-72,0,7,1,109.35692307692307,0
5605-XNWEN,Male,1,Yes,No,72,Yes,Yes,No,No,No,No,No,No,No,Two year,Yes,Bank transfer (automatic),25.0,1802.55,0,60-72,0,2,0,25.035416666666666,0
2155-AMQRX,Female,0,No,No,28,Yes,Yes,DSL,No,No,No,Yes,No,No,Month-to-month,Yes,Credit card (automatic),54.9,1505.15,0,24-36,0,3,1,53.75535714285714,2
6181-AXXYF,Male,0,Yes,Yes,72,Yes,Yes,No,No,No,No,No,No,No,Two year,No,Credit card (automatic),24.75,1859.1,0,60-72,0,2,0,25.820833333333333,0
5091-HFAZW,Female,0,No,No,2,Yes,No,Fiber optic,Yes,Yes,No,No,Yes,No,Month-to-month,Yes,Electronic check,91.15,168.5,0,0-12,1,4,1,84.25,2
0516-VRYBW,Female,0,No,Yes,18,Yes,No,No,No,No,No,No,No,No,One year,No,Bank transfer (automatic),20.15,390.85,1,12-24,0,1,0,21.71388888888889,1
2519-LBNQL,Male,1,Yes,No,60,Yes,Yes,Fiber optic,No,Yes,Yes,No,Yes,Yes,One year,Yes,Electronic check,104.35,6339.45,0,48-60,0,6,1,105.6575,1
8623-ULFNQ,Female,1,No,No,26,Yes,Yes,DSL,No,No,No,Yes,No,Yes,Month-to-month,Yes,Electronic check,66.05,1652.4,0,24-36,0,4,1,63.55384615384616,2
8380-PEFPE,Male,0,No,Yes,1,Yes,No,Fiber optic,No,No,No,No,No,No,Month-to-month,Yes,Electronic check,71.65,71.65,1,0-12,1,1,1,71.65,2
5687-DKDTV,Female,0,No,No,4,Yes,No,No,No,No,No,No,No,No,Month-to-month,No,Mailed check,20.35,77.5,1,0-12,1,1,0,19.375,2
1568-LJSZU,Male,0,Yes,Yes,68,Yes,Yes,DSL,Yes,Yes,Yes,Yes,Yes,Yes,Two year,Yes,Credit card (automatic),92.2,6392.85,0,60-72,0,8,1,94.0125,0
7530-HDYDS,Female,0,No,No,38,Yes,No,Fiber optic,No,Yes,Yes,Yes,No,No,Month-to-month,Yes,Credit card (automatic),84.25,3264.5,1,36-48,0,4,1,85.90789473684211,2
7789-HKSBS,Female,1,Yes,No,42,Yes,Yes,Fiber optic,Yes,No,Yes,No,Yes,Yes,One year,Yes,Bank transfer (automatic),105.2,4599.15,0,36-48,0,6,1,109.50357142857142,1
7416-CKTEP,Female,0,Yes,No,57,Yes,No,No,No,No,No,No,No,No,Two year,Yes,Bank transfer (automatic),19.6,1134.25,0,48-60,0,1,0,19.899122807017545,0
2586-CWXVV,Male,0,Yes,No,54,No,No,DSL,No,Yes,No,No,No,No,Month-to-month,No,Electronic check,30.4,1621.35,0,48-60,0,1,0,30.025,2
3096-IZETN,Female,0,No,No,12,Yes,No,Fiber optic,No,No,No,No,No,Yes,Month-to-month,No,Bank transfer (automatic),78.1,947.3,1,0-12,0,2,1,78.94166666666666,2
2348-KCJLT,Female,0,Yes,No,44,Yes,No,DSL,Yes,Yes,Yes,No,No,No,One year,Yes,Mailed check,61.5,2722.2,0,36-48,0,4,1,61.86818181818182,1
8401-EMUWF,Male,0,Yes,Yes,42,Yes,Yes,DSL,Yes,Yes,No,No,Yes,No,Month-to-month,Yes,Bank transfer (automatic),69.4,3058.3,0,36-48,0,5,1,72.81666666666668,2
4193-IBKSW,Male,0,Yes,Yes,72,Yes,Yes,No,No,No,No,No,No,No,Two year,No,Bank transfer (automatic),24.75,1769.6,0,60-72,0,2,0,24.577777777777776,0
5377-NDTOU,Female,0,Yes,Yes,71,Yes,Yes,DSL,Yes,Yes,Yes,Yes,Yes,Yes,Two year,No,Mailed check,91.05,6293.75,0,60-72,0,8,1,88.6443661971831,0
5922-ABDVO,Female,0,Yes,No,19,Yes,Yes,Fiber optic,No,No,Yes,No,No,Yes,Month-to-month,No,Mailed check,89.65,1761.05,1,12-24,0,4,1,92.68684210526315,2
2474-LCNUE,Female,0,Yes,No,23,Yes,Yes,DSL,No,No,No,Yes,Yes,Yes,Month-to-month,Yes,Credit card (automatic),73.65,1642.75,0,12-24,0,5,1,71.42391304347827,2
0839-QNXME,Female,0,No,No,30,Yes,No,No,No,No,No,No,No,No,Two year,No,Credit card (automatic),19.4,578.5,0,24-36,0,1,0,19.283333333333335,0
3506-OVLKD,Male,0,No,No,35,Yes,Yes,No,No,No,No,No,No,No,One year,No,Bank transfer (automatic),26.2,954.9,0,24-36,0,2,0,27.282857142857143,1
9172-ANCRX,Female,0,No,No,10,Yes,Yes,Fiber optic,Yes,No,No,No,Yes,Yes,Month-to-month,Yes,Electronic check,98.7,973.25,1,0-12,0,5,1,97.325,2
6650-VJONK,Male,0,No,No,1,Yes,No,DSL,No,No,No,No,No,No,Month-to-month,Yes,Bank transfer (automatic),43.85,43.85,0,0-12,1,1,1,43.85,2
2178-PMGCJ,Male,0,No,No,22,Yes,No,Fiber optic,No,No,No,No,No,No,Month-to-month,Yes,Mailed check,69.7,1490.4,0,12-24,0,1,1,67.74545454545455,2
7492-TAFJD,Male,0,Yes,Yes,7,No,No,DSL,Yes,Yes,Yes,No,No,No,Two year,No,Mailed check,38.55,280.0,0,0-12,0,3,0,40.0,0
2773-MADBQ,Female,0,No,No,36,No,No,DSL,Yes,Yes,Yes,Yes,No,Yes,Two year,Yes,Mailed check,53.1,1901.25,0,24-36,0,5,0,52.8125,0
6016-LVTJQ,Female,0,Yes,Yes,34,Yes,No,No,No,No,No,No,No,No,Month-to-month,No,Mailed check,20.65,716.4,0,24-36,0,1,0,21.070588235294117,2
7860-KSUGX,Male,0,Yes,Yes,72,Yes,Yes,DSL,Yes,Yes,Yes,No,No,No,Two year,No,Credit card (automatic),64.45,4720.0,0,60-72,0,5,1,65.55555555555556,0
8966-KZXXA,Male,0,Yes,Yes,36,Yes,Yes,No,No,No,No,No,No,No,Two year,No,Credit card (automatic),25.1,930.95,0,24-36,0,2,0,25.859722222222224,0
6910-HADCM,Female,0,No,No,1,Yes,No,Fiber optic,No,No,Yes,No,No,No,Month-to-month,No,Electronic check,76.35,76.35,1,0-12,1,2,1,76.35,2
4816-LXZYW,Female,0,No,No,23,Yes,Yes,Fiber optic,No,Yes,No,No,No,No,Month-to-month,Yes,Electronic check,79.15,1676.95,1,12-24,0,3,1,72.9108695652174,2
9606-PBKBQ,Male,1,Yes,No,32,Yes,Yes,Fiber optic,No,No,No,No,No,Yes,Month-to-month,Yes,Electronic check,85.0,2642.05,1,24-36,0,3,1,82.5640625,2
5149-QYTTU,Female,0,Yes,Yes,71,Yes,Yes,Fiber optic,Yes,Yes,Yes,Yes,No,No,One year,Yes,Credit card (automatic),95.15,6770.85,0,60-72,0,6,1,95.36408450704226,1
2070-XYMFH,Female,1,No,No,23,Yes,Yes,Fiber optic,No,No,Yes,No,No,No,Month-to-month,Yes,Mailed check,79.35,1835.3,0,12-24,0,3,1,79.79565217391304,2
2085-BOJKI,Male,0,Yes,No,17,Yes,No,Fiber optic,No,No,Yes,No,Yes,Yes,One year,Yes,Bank transfer (automatic),96.65,1588.25,0,12-24,0,4,1,93.42647058823529,1
0817-HSUSE,Male,0,No,No,1,Yes,No,DSL,No,No,Yes,Yes,Yes,Yes,Month-to-month,Yes,Electronic check,75.5,75.5,0,0-12,1,5,1,75.5,2
5442-PPTJY,Male,0,Yes,Yes,12,Yes,No,No,No,No,No,No,No,No,Two year,No,Mailed check,19.7,258.35,0,0-12,0,1,0,21.52916666666667,0
1927-QEWMY,Female,0,Yes,No,72,Yes,No,No,No,No,No,No,No,No,Two year,No,Credit card (automatic),20.5,1502.25,0,60-72,0,1,0,20.864583333333332,0
1663-MHLHE,Male,0,No,No,1,Yes,No,No,No,No,No,No,No,No,Month-to-month,No,Mailed check,19.2,19.2,0,0-12,1,1,0,19.2,2
5663-QBGIS,Male,1,Yes,No,72,Yes,Yes,Fiber optic,No,Yes,No,No,Yes,Yes,Two year,No,Bank transfer (automatic),98.35,6929.4,0,60-72,0,5,1,96.24166666666666,0
4450-MDZFX,Male,0,Yes,Yes,60,Yes,Yes,Fiber optic,No,No,No,No,No,No,Month-to-month,No,Bank transfer (automatic),74.35,4453.3,0,48-60,0,2,1,74.22166666666666,2
6701-DHKWQ,Female,0,Yes,Yes,61,No,No,DSL,No,Yes,Yes,Yes,Yes,No,Two year,No,Credit card (automatic),51.35,3244.4,0,60-72,0,4,0,53.18688524590164,0
7554-AKDQF,Female,0,Yes,No,6,Yes,No,DSL,No,No,No,No,No,No,Month-to-month,No,Mailed check,45.65,323.45,0,0-12,1,1,1,53.90833333333333,2
3536-IQCTX,Male,1,Yes,No,32,Yes,Yes,Fiber optic,No,No,No,No,No,Yes,Month-to-month,No,Electronic check,85.3,2661.1,1,24-36,0,3,1,83.159375,2
4911-BANWH,Female,0,No,Yes,31,Yes,Yes,Fiber optic,No,No,No,No,Yes,No,Month-to-month,Yes,Credit card (automatic),86.55,2697.4,1,24-36,0,3,1,87.01290322580645,2
8496-EJAUI,Male,0,No,No,19,Yes,No,Fiber optic,No,Yes,No,No,No,No,Month-to-month,Yes,Credit card (automatic),73.85,1424.5,1,12-24,0,2,1,74.97368421052632,2
0794-YVSGE,Male,0,Yes,Yes,72,Yes,No,No,No,No,No,No,No,No,Two year,No,Bank transfer (automatic),20.3,1401.15,0,60-72,0,1,0,19.460416666666667,0
5423-BHIXO,Female,0,No,No,32,Yes,Yes,DSL,No,Yes,No,No,No,No,Month-to-month,Yes,Electronic check,54.2,1739.6,0,24-36,0,3,1,54.3625,2
6908-VVYHM,Male,0,Yes,No,65,Yes,Yes,Fiber optic,No,Yes,No,No,No,Yes,Month-to-month,Yes,Electronic check,90.65,5931.0,0,60-72,0,4,1,91.24615384615385,2
2959-EEXWB,Female,0,Yes,Yes,45,No,No,DSL,Yes,No,No,No,Yes,Yes,Month-to-month,Yes,Bank transfer (automatic),50.9,2333.85,0,36-48,0,3,0,51.86333333333333,2
1839-UMACK,Male,0,No,No,42,Yes,Yes,No,No,No,No,No,No,No,One year,No,Electronic check,25.05,949.85,0,36-48,0,2,0,22.61547619047619,1
3030-YDNRM,Male,0,No,No,8,Yes,Yes,Fiber optic,No,No,No,No,No,No,Month-to-month,Yes,Electronic check,74.85,572.45,0,0-12,0,2,1,71.55625,2
7321-KKSDU,Male,0,No,Yes,32,Yes,No,No,No,No,No,No,No,No,Two year,No,Mailed check,20.5,696.8,0,24-36,0,1,0,21.775,0
3402-XRIUO,Female,1,Yes,No,22,Yes,Yes,DSL,Yes,Yes,No,Yes,No,No,Month-to-month,Yes,Mailed check,63.55,1381.8,0,12-24,0,5,1,62.809090909090905,2
3132-TVFDZ,Male,1,Yes,No,57,No,No,DSL,No,No,No,No,Yes,Yes,Month-to-month,Yes,Electronic check,44.85,2572.95,1,48-60,0,2,0,45.13947368421052,2
8286-AFUYI,Male,0,No,No,1,Yes,No,DSL,Yes,No,No,No,No,No,Month-to-month,No,Electronic check,47.95,47.95,0,0-12,1,2,1,47.95,2
8080-DDEMJ,Male,1,No,No,1,Yes,No,DSL,No,No,No,No,No,No,Month-to-month,No,Electronic check,45.1,45.1,1,0-12,1,1,1,45.1,2
8356-WUAOJ,Female,0,Yes,No,1,Yes,No,DSL,No,No,No,No,No,No,Month-to-month,Yes,Electronic check,45.0,45.0,0,0-12,1,1,1,45.0,2
6365-MTGZX,Male,0,No,No,24,Yes,No,Fiber optic,No,No,No,Yes,Yes,Yes,Month-to-month,Yes,Electronic check,96.0,2122.45,1,12-24,0,4,1,88.43541666666665,2
1349-WXNGG,Male,0,No,No,1,Yes,No,No,No,No,No,No,No,No,Month-to-month,No,Bank transfer (automatic),20.05,20.05,1,0-12,1,1,0,20.05,2
8058-DMYRU,Male,1,No,No,54,Yes,Yes,Fiber optic,No,Yes,No,No,No,Yes,Month-to-month,Yes,Electronic check,90.05,4931.8,0,48-60,0,4,1,91.32962962962964,2
9350-ZXYJC,Female,0,No,No,4,Yes,Yes,No,No,No,No,No,No,No,Two year,Yes,Credit card (automatic),25.3,116.95,0,0-12,1,2,0,29.2375,0
6990-YNRIO,Male,0,Yes,Yes,65,Yes,Yes,Fiber optic,Yes,No,Yes,Yes,Yes,Yes,Two year,No,Bank transfer (automatic),108.65,6937.95,1,60-72,0,7,1,106.7376923076923,0
8958-JPTRR,Female,0,Yes,No,56,Yes,Yes,No,No,No,No,No,No,No,One year,No,Electronic check,24.3,1261.7,0,48-60,0,2,0,22.530357142857145,1
6959-GQEGV,Male,0,No,No,45,Yes,No,DSL,Yes,No,Yes,No,Yes,Yes,Month-to-month,Yes,Electronic check,75.95,3273.8,0,36-48,0,5,1,72.75111111111111,2
3173-WSSUE,Female,0,Yes,Yes,71,Yes,No,No,No,No,No,No,No,No,Two year,No,Credit card (automatic),19.7,1415.85,0,60-72,0,1,0,19.941549295774646,0
1265-HVPZB,Male,0,Yes,No,59,Yes,No,DSL,Yes,Yes,Yes,No,Yes,No,One year,No,Credit card (automatic),66.4,3958.2,0,48-60,0,5,1,67.08813559322033,1
4115-UMJFQ,Male,0,No,No,69,No,No,DSL,No,Yes,Yes,No,No,No,One year,Yes,Bank transfer (automatic),35.75,2492.25,0,60-72,0,2,0,36.119565217391305,1
7369-TRPFD,Male,0,No,No,19,Yes,No,No,No,No,No,No,No,No,One year,No,Mailed check,18.8,279.2,0,12-24,0,1,0,14.694736842105263,1
1098-KFQEC,Female,0,Yes,Yes,55,Yes,No,No,No,No,No,No,No,No,Two year,No,Credit card (automatic),19.4,1083.0,0,48-60,0,1,0,19.69090909090909,0
7190-XHTWJ,Female,0,No,No,38,Yes,No,No,No,No,No,No,No,No,One year,No,Mailed check,19.3,755.5,0,36-48,0,1,0,19.88157894736842,1
0621-TWIEM,Male,0,No,No,10,Yes,No,DSL,No,No,No,No,No,No,Month-to-month,Yes,Electronic check,45.55,402.6,1,0-12,0,1,1,40.260000000000005,2
3537-RYBHH,Female,1,Yes,No,47,Yes,Yes,DSL,Yes,Yes,Yes,No,No,No,Month-to-month,Yes,Credit card (automatic),67.45,3252.0,0,36-48,0,5,1,69.19148936170212,2
2485-ITVKB,Female,0,Yes,No,2,No,No,DSL,No,No,No,No,No,Yes,Month-to-month,Yes,Electronic check,35.1,68.75,1,0-12,1,1,0,34.375,2
3669-OYSJI,Male,0,No,No,1,Yes,No,DSL,No,No,No,No,No,No,Month-to-month,No,Credit card (automatic),46.2,46.2,1,0-12,1,1,1,46.2,2
1612-EOHDH,Female,0,No,No,1,Yes,No,DSL,No,No,No,No,No,No,Month-to-month,No,Electronic check,45.15,45.15,1,0-12,1,1,1,45.15,2
6702-OHFWR,Male,1,No,No,1,No,No,DSL,No,Yes,Yes,No,No,Yes,Month-to-month,Yes,Electronic check,43.3,43.3,1,0-12,1,3,0,43.3,2
5296-BFCYD,Male,0,Yes,Yes,46,Yes,No,No,No,No,No,No,No,No,Two year,Yes,Mailed check,20.1,936.85,0,36-48,0,1,0,20.366304347826087,0
4510-PYUSH,Female,1,No,No,38,Yes,No,DSL,Yes,Yes,No,No,No,No,Month-to-month,Yes,Credit card (automatic),57.15,2250.65,1,36-48,0,3,1,59.227631578947374,2
9359-JANWS,Female,0,Yes,No,65,Yes,No,DSL,Yes,No,Yes,Yes,No,No,Two year,No,Credit card (automatic),58.9,3857.1,0,60-72,0,4,1,59.339999999999996,0
7517-SAWMO,Female,0,Yes,No,19,Yes,No,Fiber optic,Yes,No,No,No,No,No,Month-to-month,Yes,Electronic check,73.2,1441.1,1,12-24,0,2,1,75.84736842105262,2
4143-HHPMK,Male,0,No,No,52,Yes,No,Fiber optic,No,Yes,No,No,No,Yes,Month-to-month,Yes,Electronic check,85.35,4338.6,1,48-60,0,3,1,83.4346153846154,2
3279-DYZQM,Male,0,Yes,Yes,71,Yes,No,No,No,No,No,No,No,No,Two year,No,Mailed check,19.45,1378.45,0,60-72,0,1,0,19.414788732394367,0
7054-LGEQW,Female,0,No,No,1,Yes,No,DSL,No,No,No,No,No,No,Month-to-month,No,Mailed check,45.95,45.95,1,0-12,1,1,1,45.95,2
0523-VNGTF,Female,1,No,No,52,No,No,DSL,No,Yes,Yes,Yes,Yes,No,Month-to-month,Yes,Electronic check,50.5,2566.3,0,48-60,0,4,0,49.35192307692308,2
9575-IWCAZ,Male,0,Yes,No,6,Yes,Yes,No,No,No,No,No,No,No,One year,No,Mailed check,25.1,171.0,0,0-12,1,2,0,28.5,1
7105-MXJLL,Female,1,Yes,No,26,Yes,No,DSL,No,No,Yes,No,No,Yes,One year,No,Mailed check,60.7,1597.4,0,24-36,0,3,1,61.43846153846154,1
7064-FRRSW,Male,1,No,No,48,Yes,Yes,Fiber optic,No,Yes,No,No,Yes,Yes,One year,Yes,Electronic check,99.0,4744.35,0,36-48,0,5,1,98.840625,1
7940-UQQUG,Female,0,Yes,Yes,64,Yes,Yes,Fiber optic,Yes,No,No,Yes,Yes,Yes,One year,Yes,Bank transfer (automatic),104.4,6721.6,0,60-72,0,6,1,105.025,1
0923-PNFUB,Female,0,No,No,3,Yes,No,Fiber optic,No,Yes,No,No,Yes,No,Month-to-month,No,Electronic check,83.75,247.25,1,0-12,1,3,1,82.41666666666667,2
3961-SXAXY,Male,0,No,No,1,Yes,No,DSL,No,No,No,No,No,No,Month-to-month,Yes,Bank transfer (automatic),44.05,44.05,0,0-12,1,1,1,44.05,2
7010-BRBUU,Male,0,Yes,Yes,72,Yes,Yes,No,No,No,No,No,No,No,Two year,No,Credit card (automatic),24.1,1734.65,0,60-72,0,2,0,24.092361111111114,0
3566-HJGPK,Male,0,No,No,1,Yes,No,DSL,No,No,No,No,No,No,Month-to-month,Yes,Mailed check,45.55,45.55,0,0-12,1,1,1,45.55,2
3062-ICYZQ,Female,0,Yes,Yes,51,Yes,Yes,Fiber optic,Yes,Yes,No,No,No,Yes,Month-to-month,Yes,Electronic check,93.8,4539.35,0,48-60,0,5,1,89.00686274509805,2
9938-PRCVK,Female,0,Yes,Yes,41,Yes,No,No,No,No,No,No,No,No,Two year,No,Bank transfer (automatic),19.7,804.25,0,36-48,0,1,0,19.615853658536587,0
0973-KYVNF,Female,0,Yes,Yes,72,Yes,No,DSL,Yes,Yes,Yes,No,Yes,No,Two year,Yes,Credit card (automatic),70.65,5011.15,0,60-72,0,5,1,69.59930555555555,0
5129-HHMZC,Female,0,Yes,No,43,Yes,Yes,DSL,Yes,Yes,No,Yes,Yes,Yes,Two year,No,Credit card (automatic),86.45,3574.5,0,36-48,0,7,1,83.12790697674419,0
9637-CDTKZ,Male,0,Yes,No,72,Yes,Yes,Fiber optic,Yes,Yes,Yes,Yes,Yes,Yes,Two year,Yes,Credit card (automatic),114.1,8086.4,0,60-72,0,8,1,112.3111111111111,0
3946-JEWRQ,Male,0,Yes,No,47,Yes,Yes,Fiber optic,No,No,No,No,Yes,Yes,One year,Yes,Credit card (automatic),95.2,4563.0,0,36-48,0,4,1,97.08510638297872,1
7873-CVMAW,Male,0,No,No,72,Yes,Yes,DSL,Yes,Yes,Yes,Yes,Yes,Yes,Two year,No,Credit card (automatic),88.55,6362.35,0,60-72,0,8,1,88.36597222222223,0
0463-WZZKO,Male,0,No,No,3,Yes,No,No,No,No,No,No,No,No,Month-to-month,Yes,Credit card (automatic),20.75,67.1,0,0-12,1,1,0,22.366666666666664,2
3494-JCHRQ,Male,0,No,No,1,Yes,No,Fiber optic,No,No,No,No,No,No,Month-to-month,Yes,Electronic check,70.05,70.05,1,0-12,1,1,1,70.05,2
6474-FVJLC,Male,0,No,No,2,Yes,Yes,Fiber optic,No,No,No,No,No,Yes,Month-to-month,Yes,Electronic check,86.0,165.45,1,0-12,1,3,1,82.725,2
4524-QCSSM,Male,0,No,No,26,No,No,DSL,Yes,Yes,No,No,No,Yes,Month-to-month,Yes,Bank transfer (automatic),44.65,1156.55,0,24-36,0,3,0,44.482692307692304,2
5832-EXGTT,Male,0,Yes,Yes,29,Yes,No,DSL,Yes,No,No,No,No,Yes,Month-to-month,Yes,Mailed check,60.2,1834.15,0,24-36,0,3,1,63.24655172413794,2
8840-DQLGN,Female,1,Yes,No,35,Yes,Yes,Fiber optic,Yes,Yes,No,Yes,Yes,No,Month-to-month,Yes,Bank transfer (automatic),100.5,3653.35,1,24-36,0,6,1,104.38142857142857,2
2039-JONDJ,Male,0,No,No,27,Yes,No,DSL,Yes,Yes,No,No,No,No,One year,No,Bank transfer (automatic),55.45,1477.65,0,24-36,0,3,1,54.72777777777778,1
7217-JYHOQ,Male,0,Yes,Yes,24,Yes,No,DSL,Yes,Yes,No,Yes,No,Yes,Month-to-month,Yes,Credit card (automatic),70.3,1706.45,0,12-24,0,5,1,71.10208333333334,2
6695-FRVEC,Male,0,Yes,Yes,67,Yes,No,DSL,Yes,No,Yes,Yes,No,No,Two year,Yes,Bank transfer (automatic),60.4,3953.7,0,60-72,0,4,1,59.01044776119403,0
4547-LYTDD,Female,0,No,No,16,Yes,Yes,Fiber optic,No,No,No,No,No,No,Month-to-month,No,Electronic check,72.65,1194.3,1,12-24,0,2,1,74.64375,2
9894-QMIMJ,Female,0,No,No,23,Yes,No,DSL,No,Yes,Yes,No,No,No,One year,No,Bank transfer (automatic),55.8,1327.85,0,12-24,0,3,1,57.73260869565217,1
8069-YQQAJ,Male,0,No,No,14,No,No,DSL,No,Yes,No,No,No,No,Month-to-month,Yes,Mailed check,31.1,419.7,0,12-24,0,1,0,29.978571428571428,2
6770-XUAGN,Female,0,Yes,Yes,1,Yes,No,No,No,No,No,No,No,No,Month-to-month,Yes,Electronic check,21.0,21.0,1,0-12,1,1,0,21.0,2
4193-ORFCL,Female,1,No,No,1,Yes,No,DSL,No,No,No,No,No,No,Month-to-month,No,Mailed check,45.1,45.1,1,0-12,1,1,1,45.1,2
1636-NTNCO,Male,1,No,No,4,No,No,DSL,No,Yes,No,No,Yes,Yes,Month-to-month,Yes,Credit card (automatic),50.95,207.35,0,0-12,1,3,0,51.8375,2
3466-WAESX,Male,0,No,Yes,16,Yes,Yes,DSL,Yes,Yes,No,No,No,Yes,Month-to-month,Yes,Electronic check,69.1,1083.7,0,12-24,0,5,1,67.73125,2
9281-PKKZE,Female,0,Yes,No,46,No,No,DSL,No,No,No,No,Yes,Yes,Month-to-month,Yes,Electronic check,43.95,2007.85,0,36-48,0,2,0,43.64891304347826,2
3638-VBZTA,Male,0,No,Yes,68,Yes,Yes,DSL,Yes,Yes,No,Yes,Yes,Yes,Two year,Yes,Bank transfer (automatic),86.5,5882.75,0,60-72,0,7,1,86.51102941176471,0
7459-IMVYU,Male,0,No,No,38,Yes,Yes,DSL,Yes,Yes,Yes,Yes,No,No,Month-to-month,No,Electronic check,69.95,2657.55,0,36-48,0,6,1,69.93552631578947,2
7776-QWNFX,Male,1,Yes,No,30,Yes,No,DSL,No,Yes,No,No,No,No,Month-to-month,Yes,Bank transfer (automatic),50.4,1527.5,1,24-36,0,2,1,50.916666666666664,2
6689-TCZHQ,Female,1,No,No,5,Yes,No,Fiber optic,No,No,No,No,No,Yes,Month-to-month,No,Electronic check,78.95,378.4,1,0-12,1,2,1,75.67999999999999,2
8563-OYMQY,Male,0,No,No,17,Yes,No,Fiber optic,No,Yes,Yes,No,No,Yes,Month-to-month,Yes,Credit card (automatic),90.95,1612.2,0,12-24,0,4,1,94.83529411764707,2
0754-EEBDC,Male,0,Yes,Yes,4,Yes,No,No,No,No,No,No,No,No,Two year,No,Mailed check,19.9,76.65,0,0-12,1,1,0,19.1625,0
5777-ZPQNC,Female,0,No,No,12,Yes,No,No,No,No,No,No,No,No,One year,No,Electronic check,20.15,260.7,0,0-12,0,1,0,21.724999999999998,1
1951-IEYXM,Male,0,Yes,Yes,72,Yes,Yes,DSL,Yes,Yes,Yes,Yes,Yes,Yes,Two year,Yes,Credit card (automatic),90.6,6441.85,0,60-72,0,8,1,89.4701388888889,0
3318-NMQXL,Male,0,No,No,3,Yes,No,Fiber optic,No,No,No,No,Yes,Yes,Month-to-month,Yes,Electronic check,92.0,266.8,0,0-12,1,3,1,88.93333333333334,2
3143-ILDAL,Male,0,No,No,56,Yes,Yes,Fiber optic,No,Yes,No,Yes,No,Yes,Month-to-month,Yes,Electronic check,94.45,5124.6,1,48-60,0,5,1,91.51071428571429,2
1022-RKXDR,Female,0,No,No,41,Yes,Yes,No,No,No,No,No,No,No,One year,Yes,Mailed check,24.85,962.25,0,36-48,0,2,0,23.46951219512195,1
2361-FJWNO,Male,0,No,No,40,No,No,DSL,No,Yes,No,Yes,No,No,One year,No,Credit card (automatic),36.0,1382.9,0,36-48,0,2,0,34.572500000000005,1
2272-UOINI,Female,0,No,No,7,Yes,No,DSL,Yes,Yes,No,Yes,Yes,Yes,Month-to-month,Yes,Electronic check,78.5,571.05,0,0-12,0,6,1,81.57857142857142,2
8232-UTFOZ,Male,0,No,No,69,Yes,No,No,No,No,No,No,No,No,Two year,No,Credit card (automatic),19.95,1399.35,0,60-72,0,1,0,20.280434782608694,0
3750-YHRYO,Male,0,Yes,Yes,7,Yes,No,No,No,No,No,No,No,No,One year,No,Mailed check,20.65,150.0,0,0-12,0,1,0,21.428571428571427,1
6637-KYRCV,Female,0,Yes,Yes,5,No,No,DSL,No,Yes,No,No,No,No,Month-to-month,Yes,Electronic check,30.5,167.2,0,0-12,1,1,0,33.44,2
5668-MEISB,Female,0,Yes,Yes,72,Yes,Yes,Fiber optic,Yes,Yes,Yes,Yes,Yes,No,Two year,No,Credit card (automatic),106.1,7657.4,0,60-72,0,7,1,106.35277777777777,0
0129-QMPDR,Male,0,Yes,Yes,44,Yes,No,No,No,No,No,No,No,No,One year,Yes,Bank transfer (automatic),20.5,865.05,0,36-48,0,1,0,19.660227272727273,1
7188-CBBBA,Female,0,No,No,65,Yes,Yes,Fiber optic,No,Yes,Yes,No,Yes,No,One year,Yes,Electronic check,95.5,6153.85,0,60-72,0,5,1,94.6746153846154,1
5356-CSVSQ,Female,0,No,No,3,Yes,Yes,DSL,No,No,No,Yes,Yes,No,Month-to-month,No,Electronic check,64.6,174.2,0,0-12,1,4,1,58.06666666666666,2
3221-CJMSG,Male,0,No,No,24,Yes,No,DSL,No,No,No,Yes,No,No,Month-to-month,Yes,Credit card (automatic),51.1,1269.6,0,12-24,0,2,1,52.9,2
4720-VSTSI,Female,0,No,No,44,Yes,Yes,Fiber optic,No,Yes,Yes,No,No,No,Month-to-month,Yes,Bank transfer (automatic),84.8,3862.55,1,36-48,0,4,1,87.78522727272728,2
3219-JQRSL,Female,1,Yes,No,72,Yes,Yes,DSL,Yes,Yes,Yes,Yes,Yes,Yes,Two year,No,Credit card (automatic),89.1,6352.4,0,60-72,0,8,1,88.22777777777777,0
2801-NISEI,Male,0,No,No,24,Yes,No,DSL,Yes,No,No,Yes,No,No,Month-to-month,No,Electronic check,54.95,1348.5,0,12-24,0,3,1,56.1875,2
3946-MHCZW,Male,0,No,No,1,Yes,No,DSL,No,No,Yes,No,No,No,Month-to-month,No,Mailed check,50.9,50.9,1,0-12,1,2,1,50.9,2
4623-ZKHLY,Male,0,Yes,No,22,Yes,No,No,No,No,No,No,No,No,Month-to-month,Yes,Bank transfer (automatic),20.45,471.55,0,12-24,0,1,0,21.43409090909091,2
6732-VAILE,Male,0,Yes,Yes,70,Yes,Yes,DSL,No,Yes,Yes,Yes,Yes,Yes,Two year,Yes,Credit card (automatic),85.95,5931.75,0,60-72,0,7,1,84.73928571428571,0
8201-AAXCB,Male,0,Yes,Yes,25,Yes,Yes,DSL,No,No,No,No,Yes,No,Month-to-month,No,Electronic check,60.35,1404.65,0,24-36,0,3,1,56.18600000000001,2
7696-CFTAT,Male,0,Yes,Yes,37,Yes,No,No,No,No,No,No,No,No,Two year,No,Bank transfer (automatic),19.8,726.1,0,36-48,0,1,0,19.624324324324323,0
1845-CSBRZ,Female,1,Yes,Yes,22,Yes,Yes,Fiber optic,No,No,No,No,Yes,No,Month-to-month,No,Bank transfer (automatic),85.35,1961.6,0,12-24,0,3,1,89.16363636363636,2
2123-VSCOT,Female,0,Yes,Yes,59,Yes,Yes,DSL,No,No,Yes,Yes,Yes,No,Two year,Yes,Bank transfer (automatic),72.1,4194.85,0,48-60,0,5,1,71.09915254237289,0
6651-AZVTJ,Male,0,Yes,Yes,49,Yes,Yes,Fiber optic,No,No,Yes,No,Yes,Yes,Month-to-month,Yes,Electronic check,99.8,4872.45,1,48-60,0,5,1,99.43775510204081,2
4566-GOLUK,Male,0,Yes,Yes,47,Yes,Yes,Fiber optic,No,No,Yes,Yes,Yes,Yes,Month-to-month,Yes,Bank transfer (automatic),107.35,5118.95,1,36-48,0,6,1,108.91382978723404,2
2484-DGXPZ,Female,0,Yes,Yes,31,Yes,No,No,No,No,No,No,No,No,Month-to-month,Yes,Mailed check,19.55,658.95,1,24-36,0,1,0,21.256451612903227,2
2018-QKYGT,Male,0,Yes,Yes,1,Yes,No,Fiber optic,No,No,No,No,No,Yes,Month-to-month,Yes,Electronic check,81.05,81.05,0,0-12,1,2,1,81.05,2
2792-VPPET,Male,0,No,No,3,Yes,No,No,No,No,No,No,No,No,Month-to-month,Yes,Electronic check,20.5,76.95,0,0-12,1,1,0,25.650000000000002,2
7409-JURKQ,Female,0,Yes,No,53,Yes,Yes,Fiber optic,No,Yes,Yes,Yes,Yes,Yes,One year,Yes,Bank transfer (automatic),111.8,5809.75,0,48-60,0,7,1,109.61792452830188,1
3247-MHJKM,Male,0,No,No,1,Yes,No,No,No,No,No,No,No,No,Month-to-month,No,Mailed check,20.2,20.2,0,0-12,1,1,0,20.2,2
1964-SVLEA,Male,0,No,No,20,Yes,No,No,No,No,No,No,No,No,One year,Yes,Mailed check,19.7,415.9,0,12-24,0,1,0,20.794999999999998,1
4587-NUKOX,Female,0,No,No,3,Yes,No,Fiber optic,Yes,Yes,No,No,No,No,Month-to-month,Yes,Electronic check,79.1,246.5,1,0-12,1,3,1,82.16666666666667,2
7297-DVYGA,Female,0,No,No,51,Yes,No,No,No,No,No,No,No,No,One year,Yes,Bank transfer (automatic),19.85,996.95,0,48-60,0,1,0,19.548039215686277,1
2239-CGBUZ,Female,0,Yes,No,51,Yes,No,DSL,Yes,Yes,No,Yes,No,No,One year,Yes,Bank transfer (automatic),60.5,3145.15,0,48-60,0,4,1,61.66960784313726,1
0854-UYHZD,Female,0,Yes,Yes,13,Yes,No,No,No,No,No,No,No,No,Two year,No,Mailed check,19.55,265.3,0,12-24,0,1,0,20.407692307692308,0
7243-LCGGZ,Female,0,No,No,1,Yes,No,No,No,No,No,No,No,No,Month-to-month,No,Mailed check,20.9,20.9,0,0-12,1,1,0,20.9,2
8267-KFGYD,Male,0,No,Yes,1,Yes,No,No,No,No,No,No,No,No,Month-to-month,Yes,Mailed check,21.05,21.05,0,0-12,1,1,0,21.05,2
4890-VMUAV,Male,0,No,No,63,Yes,Yes,DSL,Yes,Yes,Yes,Yes,No,No,One year,No,Electronic check,71.5,4576.3,0,60-72,0,6,1,72.63968253968254,1
9261-WDCAF,Male,0,No,No,3,Yes,No,DSL,No,No,No,No,No,Yes,Month-to-month,No,Mailed check,54.65,189.1,0,0-12,1,2,1,63.03333333333333,2
3764-MNMOI,Male,0,No,No,46,Yes,No,No,No,No,No,No,No,No,Two year,No,Credit card (automatic),19.2,908.15,0,36-48,0,1,0,19.742391304347827,0
7442-YGZFK,Male,0,No,No,1,Yes,Yes,DSL,No,No,No,No,No,No,Month-to-month,Yes,Credit card (automatic),49.8,49.8,0,0-12,1,2,1,49.8,2
0420-BWTPW,Male,0,No,Yes,8,No,No,DSL,No,No,No,No,No,No,Month-to-month,No,Mailed check,25.5,215.2,1,0-12,0,0,0,26.9,2
8229-BUJHX,Female,0,Yes,Yes,71,Yes,No,No,No,No,No,No,No,No,Two year,No,Bank transfer (automatic),20.5,1500.95,0,60-72,0,1,0,21.140140845070423,0
7449-HVPIV,Male,0,Yes,Yes,55,Yes,Yes,Fiber optic,No,No,Yes,No,Yes,No,Month-to-month,Yes,Credit card (automatic),90.4,5099.15,0,48-60,0,4,1,92.71181818181817,2
5504-WSIUR,Female,0,No,No,70,Yes,Yes,Fiber optic,No,Yes,Yes,Yes,No,No,One year,Yes,Bank transfer (automatic),90.25,6385.95,0,60-72,0,5,1,91.22785714285715,1
8183-ONMXC,Female,0,No,No,2,Yes,No,Fiber optic,No,No,No,No,No,Yes,Month-to-month,No,Electronic check,80.75,159.45,1,0-12,1,2,1,79.725,2
8466-PZBLH,Male,0,Yes,Yes,67,Yes,Yes,Fiber optic,Yes,No,No,Yes,Yes,Yes,Two year,No,Bank transfer (automatic),104.6,6885.75,0,60-72,0,6,1,102.7723880597015,0
9614-RMGHA,Male,0,Yes,No,65,Yes,Yes,Fiber optic,No,Yes,No,No,Yes,No,Month-to-month,Yes,Bank transfer (automatic),91.85,5940.85,1,60-72,0,4,1,91.39769230769231,2
8735-IJJEG,Male,0,Yes,No,14,Yes,No,DSL,No,No,Yes,No,No,No,Month-to-month,No,Credit card (automatic),50.2,668.85,0,12-24,0,2,1,47.775,2
0564-MUUQK,Female,0,Yes,Yes,20,Yes,Yes,Fiber optic,No,No,Yes,Yes,No,Yes,Month-to-month,Yes,Bank transfer (automatic),95.5,1916.2,0,12-24,0,5,1,95.81,2
5054-IEXZT,Male,0,No,Yes,1,Yes,No,Fiber optic,No,Yes,No,No,No,No,Month-to-month,Yes,Electronic check,75.35,75.35,1,0-12,1,2,1,75.35,2
5834-ASPWA,Male,0,No,No,1,Yes,Yes,Fiber optic,No,No,No,No,No,No,Month-to-month,Yes,Electronic check,75.45,75.45,1,0-12,1,2,1,75.45,2
0701-RFGFI,Female,0,Yes,Yes,49,Yes,Yes,Fiber optic,No,No,No,No,Yes,Yes,Month-to-month,Yes,Bank transfer (automatic),95.4,4613.95,0,48-60,0,4,1,94.16224489795918,2
0019-EFAEP,Female,0,No,No,72,Yes,Yes,Fiber optic,Yes,Yes,Yes,No,Yes,No,Two year,Yes,Bank transfer (automatic),101.3,7261.25,0,60-72,0,6,1,100.85069444444444,0
5619-PTMIK,Female,0,Yes,No,46,Yes,Yes,DSL,Yes,No,No,No,No,No,Month-to-month,No,Electronic check,53.1,2459.8,0,36-48,0,3,1,53.47391304347826,2
3737-XBQDD,Male,0,No,No,24,Yes,Yes,Fiber optic,No,Yes,Yes,No,No,No,Month-to-month,Yes,Bank transfer (automatic),84.85,2048.8,0,12-24,0,4,1,85.36666666666667,2
5882-CMAZQ,Female,0,Yes,Yes,5,No,No,DSL,No,Yes,No,Yes,No,No,Month-to-month,No,Electronic check,34.25,163.55,0,0-12,1,2,0,32.71,2
5846-QFDFI,Female,0,Yes,Yes,33,Yes,Yes,Fiber optic,No,Yes,Yes,Yes,No,No,Month-to-month,No,Credit card (automatic),88.6,2888.7,0,24-36,0,5,1,87.53636363636363,2
4445-KWOKW,Female,0,No,No,42,Yes,Yes,DSL,Yes,Yes,No,No,No,No,One year,Yes,Bank transfer (automatic),60.15,2421.6,0,36-48,0,4,1,57.65714285714286,1
3511-APPBJ,Male,0,No,No,23,Yes,No,Fiber optic,Yes,No,Yes,No,Yes,Yes,One year,Yes,Credit card (automatic),99.95,2292.75,0,12-24,0,5,1,99.68478260869566,1
7967-HYCDE,Male,0,No,No,8,Yes,No,Fiber optic,No,No,No,No,No,No,Month-to-month,No,Bank transfer (automatic),70.7,553.4,0,0-12,0,1,1,69.175,2
2430-RRYUW,Male,0,No,No,66,Yes,No,DSL,Yes,Yes,No,No,No,No,One year,Yes,Mailed check,54.8,3465.7,0,60-72,0,3,1,52.51060606060606,1
3948-XHGNA,Male,0,No,No,24,Yes,No,DSL,Yes,No,No,No,No,No,Month-to-month,Yes,Bank transfer (automatic),49.55,1210.4,1,12-24,0,2,1,50.43333333333334,2
3723-BFBGR,Male,1,No,No,24,Yes,Yes,DSL,No,Yes,No,No,No,No,Month-to-month,No,Credit card (automatic),54.8,1291.3,0,12-24,0,3,1,53.80416666666667,2
0565-IYCGT,Male,0,No,No,69,Yes,Yes,DSL,Yes,Yes,Yes,Yes,No,Yes,One year,Yes,Credit card (automatic),78.6,5356.45,1,60-72,0,7,1,77.62971014492753,1
5447-WZAFP,Female,0,No,No,53,Yes,No,Fiber optic,No,Yes,Yes,No,Yes,Yes,One year,Yes,Mailed check,100.3,5200.8,0,48-60,0,5,1,98.12830188679246,1
5110-CHOPY,Female,0,No,No,60,No,No,DSL,Yes,No,Yes,No,Yes,Yes,Two year,No,Electronic check,53.6,3237.05,0,48-60,0,4,0,53.950833333333335,0
5445-UTODQ,Female,0,Yes,No,7,Yes,No,Fiber optic,No,No,No,No,Yes,No,Month-to-month,Yes,Electronic check,81.1,576.65,1,0-12,0,2,1,82.37857142857142,2
4425-OWHWB,Female,0,No,No,20,Yes,No,No,No,No,No,No,No,No,One year,Yes,Credit card (automatic),19.35,433.75,0,12-24,0,1,0,21.6875,1
7892-QVYKW,Female,0,Yes,Yes,23,Yes,Yes,Fiber optic,No,No,No,No,No,Yes,Month-to-month,No,Electronic check,85.6,1868.4,0,12-24,0,3,1,81.23478260869565,2
9675-ICXCT,Male,0,Yes,Yes,72,Yes,No,DSL,Yes,No,Yes,Yes,Yes,Yes,Two year,Yes,Electronic check,80.8,5728.55,0,60-72,0,6,1,79.56319444444445,0
1024-VRZHF,Male,0,Yes,No,11,Yes,Yes,Fiber optic,No,No,No,No,No,No,Month-to-month,Yes,Electronic check,74.95,825.7,1,0-12,0,2,1,75.06363636363636,2
4703-MQYKT,Male,0,No,No,21,Yes,No,No,No,No,No,No,No,No,Two year,No,Mailed check,19.6,390.4,0,12-24,0,1,0,18.59047619047619,0
9497-QCMMS,Male,1,No,No,1,Yes,Yes,Fiber optic,No,No,No,No,Yes,Yes,Month-to-month,Yes,Electronic check,93.55,93.55,1,0-12,1,4,1,93.55,2
5692-ICXLW,Male,1,No,No,31,Yes,Yes,Fiber optic,No,Yes,No,No,Yes,No,Month-to-month,Yes,Electronic check,90.7,2845.15,0,24-36,0,4,1,91.77903225806452,2
0602-DDUML,Female,0,No,No,57,Yes,No,DSL,No,Yes,Yes,Yes,Yes,No,Two year,No,Mailed check,69.75,3894.4,0,48-60,0,5,1,68.32280701754387,0
2208-MPXIO,Female,0,Yes,Yes,45,Yes,No,No,No,No,No,No,No,No,Two year,Yes,Bank transfer (automatic),20.0,886.4,0,36-48,0,1,0,19.697777777777777,0
1960-UYCNN,Male,0,No,No,10,Yes,Yes,Fiber optic,No,Yes,Yes,No,No,Yes,Month-to-month,Yes,Electronic check,95.25,1021.55,0,0-12,0,5,1,102.155,2
0348-SDKOL,Female,0,Yes,No,58,Yes,Yes,Fiber optic,No,No,Yes,Yes,Yes,Yes,Month-to-month,Yes,Credit card (automatic),102.1,5885.4,1,48-60,0,6,1,101.47241379310344,2
3190-FZATL,Male,0,No,Yes,14,Yes,No,No,No,No,No,No,No,No,Month-to-month,No,Mailed check,19.95,268.4,0,12-24,0,1,0,19.17142857142857,2
7336-RLLRH,Male,0,Yes,No,27,Yes,Yes,DSL,Yes,No,No,Yes,Yes,Yes,One year,No,Mailed check,80.85,2204.35,0,24-36,0,6,1,81.64259259259259,1
4373-MAVJG,Female,0,Yes,Yes,14,Yes,Yes,Fiber optic,No,Yes,No,No,No,Yes,Month-to-month,Yes,Bank transfer (automatic),90.9,1259.0,1,12-24,0,4,1,89.92857142857143,2
8901-HJXTF,Female,0,Yes,Yes,12,No,No,DSL,No,Yes,No,No,No,No,Month-to-month,No,Mailed check,29.2,309.1,1,0-12,0,1,0,25.758333333333336,2
7710-JSYOA,Female,0,Yes,Yes,69,Yes,Yes,Fiber optic,No,Yes,No,Yes,No,Yes,Two year,Yes,Bank transfer (automatic),93.3,6398.05,0,60-72,0,5,1,92.72536231884058,0
5419-KLXBN,Female,0,Yes,Yes,25,Yes,No,Fiber optic,No,Yes,Yes,No,Yes,No,Month-to-month,Yes,Bank transfer (automatic),89.15,2257.75,1,24-36,0,4,1,90.31,2
3424-NMNBO,Male,1,Yes,No,58,Yes,Yes,Fiber optic,Yes,Yes,Yes,No,Yes,Yes,One year,Yes,Electronic check,108.85,6287.25,1,48-60,0,7,1,108.40086206896552,1
9885-MFVSU,Female,0,Yes,Yes,35,No,No,DSL,Yes,No,No,Yes,Yes,No,Two year,Yes,Credit card (automatic),46.35,1662.05,0,24-36,0,3,0,47.48714285714286,0
4514-GFCFI,Female,1,No,No,16,Yes,Yes,Fiber optic,No,No,No,No,Yes,No,Month-to-month,Yes,Electronic check,84.75,1350.15,1,12-24,0,3,1,84.384375,2
0607-MVMGC,Male,0,Yes,Yes,45,Yes,Yes,DSL,No,Yes,Yes,No,Yes,Yes,One year,No,Credit card (automatic),78.75,3600.65,0,36-48,0,6,1,80.01444444444445,1
3365-SAIGS,Female,0,No,No,17,Yes,No,Fiber optic,No,Yes,No,No,Yes,No,Month-to-month,Yes,Electronic check,83.55,1329.15,0,12-24,0,3,1,78.18529411764706,2
9828-AOQLM,Female,0,Yes,Yes,1,Yes,No,DSL,No,No,No,No,No,No,Month-to-month,Yes,Electronic check,45.7,45.7,1,0-12,1,1,1,45.7,2
8022-BECSI,Male,0,No,No,22,Yes,No,No,No,No,No,No,No,No,One year,No,Mailed check,19.6,422.5,0,12-24,0,1,0,19.204545454545453,1
8000-REIQB,Female,1,No,No,1,Yes,No,Fiber optic,No,No,No,No,No,No,Month-to-month,Yes,Electronic check,69.95,69.95,1,0-12,1,1,1,69.95,2
9993-LHIEB,Male,0,Yes,Yes,67,Yes,No,DSL,Yes,No,Yes,Yes,No,Yes,Two year,No,Mailed check,67.85,4627.65,0,60-72,0,5,1,69.06940298507462,0
0266-CLZKZ,Female,0,Yes,Yes,67,Yes,Yes,Fiber optic,No,No,Yes,Yes,Yes,Yes,Two year,Yes,Bank transfer (automatic),105.65,6717.9,0,60-72,0,6,1,100.26716417910447,0
7615-ESMYF,Female,0,Yes,No,2,No,No,DSL,No,No,No,No,Yes,Yes,Month-to-month,No,Electronic check,44.6,97.1,1,0-12,1,2,0,48.55,2
3858-VOBET,Male,0,No,No,23,Yes,Yes,Fiber optic,No,No,No,No,No,No,Month-to-month,Yes,Electronic check,74.95,1710.45,1,12-24,0,2,1,74.36739130434783,2
7020-OZKXZ,Female,1,No,No,9,Yes,No,Fiber optic,No,No,Yes,No,No,No,Month-to-month,No,Credit card (automatic),75.5,637.4,0,0-12,0,2,1,70.82222222222222,2
3977-QCRSL,Female,0,No,No,5,Yes,No,No,No,No,No,No,No,No,Month-to-month,No,Mailed check,20.15,117.95,0,0-12,1,1,0,23.59,2
0017-DINOC,Male,0,No,No,54,No,No,DSL,Yes,No,No,Yes,Yes,No,Two year,No,Credit card (automatic),45.2,2460.55,0,48-60,0,3,0,45.56574074074074,0
1447-PJGGA,Female,0,No,No,57,Yes,No,Fiber optic,No,No,Yes,No,Yes,Yes,Two year,Yes,Electronic check,95.25,5464.65,1,48-60,0,4,1,95.87105263157895,0
8565-CLBZW,Male,0,No,No,24,Yes,Yes,Fiber optic,No,No,Yes,No,Yes,No,Month-to-month,Yes,Mailed check,89.85,2165.05,1,12-24,0,4,1,90.21041666666667,2
9139-WQQDY,Female,0,Yes,Yes,49,Yes,Yes,Fiber optic,No,Yes,No,No,Yes,Yes,One year,No,Mailed check,100.45,4941.8,1,48-60,0,5,1,100.8530612244898,1
0224-HJAPT,Male,0,No,No,5,Yes,Yes,DSL,No,No,No,No,No,No,Month-to-month,No,Electronic check,47.15,223.15,1,0-12,1,2,1,44.63,2
8086-OVPWV,Male,0,No,No,2,Yes,No,Fiber optic,No,No,No,No,No,Yes,Month-to-month,Yes,Electronic check,80.2,181.1,1,0-12,1,2,1,90.55,2
9430-FRQOC,Female,0,No,Yes,4,Yes,Yes,Fiber optic,No,No,Yes,Yes,No,No,Month-to-month,Yes,Mailed check,87.1,341.45,1,0-12,1,4,1,85.3625,2
7639-OPLNG,Male,0,Yes,Yes,70,Yes,Yes,DSL,Yes,Yes,Yes,Yes,Yes,No,Two year,Yes,Bank transfer (automatic),79.25,5731.85,0,60-72,0,7,1,81.88357142857143,0
3074-GQWYX,Male,0,No,No,5,Yes,Yes,Fiber optic,No,No,No,No,No,No,Month-to-month,Yes,Bank transfer (automatic),75.9,357.75,1,0-12,1,2,1,71.55,2
1492-QGCLU,Male,0,Yes,Yes,53,Yes,Yes,DSL,Yes,No,Yes,Yes,Yes,Yes,Month-to-month,No,Electronic check,85.7,4616.1,0,48-60,0,7,1,87.09622641509435,2
6845-RGTYS,Female,0,Yes,No,47,Yes,Yes,Fiber optic,Yes,Yes,Yes,No,Yes,No,Month-to-month,Yes,Electronic check,98.75,4533.7,1,36-48,0,6,1,96.46170212765956,2
7328-OWMOM,Female,0,No,Yes,31,Yes,No,No,No,No,No,No,No,No,One year,No,Credit card (automatic),20.1,589.25,0,24-36,0,1,0,19.008064516129032,1
4418-LZMSV,Male,0,Yes,Yes,13,Yes,No,DSL,No,Yes,Yes,Yes,No,No,Month-to-month,No,Bank transfer (automatic),61.8,750.1,0,12-24,0,4,1,57.7,2
5155-AZQPB,Female,0,Yes,Yes,28,Yes,Yes,DSL,No,No,No,No,No,No,Month-to-month,No,Mailed check,49.9,1410.25,0,24-36,0,2,1,50.36607142857143,2
8861-HGGKB,Female,0,No,No,10,Yes,Yes,Fiber optic,No,No,No,No,No,Yes,Month-to-month,No,Electronic check,86.45,830.85,1,0-12,0,3,1,83.08500000000001,2
1087-GRUYI,Male,0,Yes,No,38,Yes,No,No,No,No,No,No,No,No,Two year,No,Bank transfer (automatic),20.4,743.5,0,36-48,0,1,0,19.56578947368421,0
7065-YUNRY,Female,0,No,No,1,Yes,No,DSL,No,No,No,No,No,No,Month-to-month,Yes,Mailed check,45.3,45.3,1,0-12,1,1,1,45.3,2
7694-VLBWQ,Male,0,Yes,No,67,Yes,Yes,Fiber optic,No,Yes,Yes,No,Yes,Yes,One year,No,Electronic check,104.1,7040.85,1,60-72,0,6,1,105.08731343283583,1
2546-KZAAT,Male,0,Yes,No,52,Yes,No,DSL,Yes,Yes,No,No,Yes,Yes,One year,Yes,Mailed check,75.4,3865.45,0,48-60,0,5,1,74.33557692307691,1
0181-RITDD,Male,0,Yes,Yes,62,Yes,No,Fiber optic,Yes,Yes,Yes,Yes,Yes,Yes,Two year,No,Mailed check,108.15,6825.65,0,60-72,0,7,1,110.09112903225805,0
5989-PGKJB,Female,0,No,No,16,Yes,No,Fiber optic,No,Yes,No,No,No,Yes,Month-to-month,Yes,Electronic check,86.25,1340.1,0,12-24,0,3,1,83.75625,2
4795-KTRTH,Female,1,Yes,No,5,Yes,Yes,Fiber optic,No,Yes,No,No,No,No,Month-to-month,Yes,Electronic check,81.0,371.65,1,0-12,1,3,1,74.33,2
8272-ONJLV,Male,0,No,No,12,Yes,No,Fiber optic,No,No,Yes,No,Yes,Yes,One year,No,Electronic check,95.7,1184.0,0,0-12,0,4,1,98.66666666666667,1
1488-PBLJN,Female,0,Yes,Yes,72,Yes,Yes,Fiber optic,Yes,Yes,Yes,Yes,Yes,Yes,Two year,Yes,Bank transfer (automatic),116.85,8477.7,0,60-72,0,8,1,117.74583333333334,0
0308-GIQJT,Male,1,No,No,71,Yes,Yes,Fiber optic,No,Yes,No,Yes,Yes,Yes,One year,No,Bank transfer (automatic),105.75,7382.85,0,60-72,0,6,1,103.98380281690142,1
3778-FOAQW,Female,0,Yes,No,24,Yes,No,No,No,No,No,No,No,No,One year,No,Mailed check,20.15,456.85,0,12-24,0,1,0,19.035416666666666,1
4452-ROHMO,Female,0,No,No,15,Yes,No,No,No,No,No,No,No,No,Two year,No,Mailed check,19.6,331.6,0,12-24,0,1,0,22.10666666666667,0
6481-OGDOO,Male,0,Yes,No,67,Yes,No,Fiber optic,Yes,Yes,No,No,No,Yes,One year,Yes,Credit card (automatic),90.6,6056.15,1,60-72,0,4,1,90.39029850746267,1
3090-LETTY,Male,0,No,Yes,2,Yes,Yes,DSL,Yes,Yes,No,No,No,No,Month-to-month,No,Bank transfer (automatic),60.95,134.6,0,0-12,1,4,1,67.3,2
5349-AZPEW,Female,0,Yes,Yes,5,No,No,DSL,No,No,No,No,No,No,Month-to-month,No,Mailed check,25.05,125.5,0,0-12,1,0,0,25.1,2
3753-TSEMP,Female,0,Yes,No,15,Yes,No,Fiber optic,No,No,No,No,Yes,Yes,Month-to-month,No,Electronic check,88.15,1390.6,1,12-24,0,3,1,92.70666666666666,2
8305-VHZBZ,Male,0,No,No,1,Yes,No,No,No,No,No,No,No,No,Month-to-month,Yes,Mailed check,20.2,20.2,1,0-12,1,1,0,20.2,2
9720-JJJOR,Male,0,Yes,Yes,41,Yes,No,DSL,Yes,Yes,Yes,No,No,No,One year,Yes,Bank transfer (automatic),60.3,2511.3,0,36-48,0,4,1,61.25121951219513,1
8100-HZZLJ,Female,0,No,Yes,43,Yes,No,DSL,Yes,Yes,No,No,No,Yes,Month-to-month,Yes,Electronic check,63.95,2737.05,0,36-48,0,4,1,63.65232558139535,2
8775-ERLNB,Male,1,Yes,No,1,Yes,Yes,Fiber optic,No,No,No,No,No,No,Month-to-month,No,Electronic check,74.3,74.3,0,0-12,1,2,1,74.3,2
8309-IEYJD,Female,1,No,No,1,Yes,No,Fiber optic,No,No,No,No,No,No,Month-to-month,Yes,Mailed check,70.6,70.6,0,0-12,1,1,1,70.6,2
9172-JITSM,Female,0,Yes,Yes,26,Yes,No,Fiber optic,No,No,No,No,Yes,Yes,Month-to-month,Yes,Electronic check,90.8,2361.8,1,24-36,0,3,1,90.83846153846154,2
6298-QDFNH,Male,0,No,No,22,Yes,Yes,Fiber optic,No,Yes,No,No,No,No,Month-to-month,Yes,Electronic check,79.35,1730.35,1,12-24,0,3,1,78.65227272727272,2
7398-HPYZQ,Male,0,Yes,No,71,Yes,Yes,DSL,Yes,Yes,Yes,Yes,Yes,Yes,Two year,No,Bank transfer (automatic),90.55,6404.0,0,60-72,0,8,1,90.19718309859155,0
3546-GHEAE,Male,0,No,No,7,Yes,No,No,No,No,No,No,No,No,Two year,No,Mailed check,19.45,165.35,0,0-12,0,1,0,23.62142857142857,0
7361-YPXFS,Female,1,No,No,28,Yes,Yes,DSL,No,Yes,Yes,Yes,No,No,Month-to-month,No,Bank transfer (automatic),64.45,1867.6,0,24-36,0,5,1,66.7,2
6557-BZXLQ,Male,1,No,No,16,Yes,No,Fiber optic,No,No,No,No,No,No,Month-to-month,No,Electronic check,69.65,1043.3,0,12-24,0,1,1,65.20625,2
2550-QHZGP,Male,0,No,No,7,Yes,No,No,No,No,No,No,No,No,One year,No,Mailed check,19.5,128.6,0,0-12,0,1,0,18.37142857142857,1
7519-JTWQH,Female,0,No,No,69,Yes,Yes,Fiber optic,No,Yes,Yes,Yes,Yes,Yes,Two year,Yes,Bank transfer (automatic),110.5,7455.45,0,60-72,0,7,1,108.05,0
2538-OIMXF,Female,0,No,Yes,1,No,No,DSL,No,No,No,No,No,No,Month-to-month,No,Mailed check,24.7,24.7,0,0-12,1,0,0,24.7,2
8543-MSDMF,Male,0,No,No,3,Yes,No,DSL,Yes,No,Yes,No,Yes,Yes,Month-to-month,Yes,Electronic check,77.4,206.15,0,0-12,1,5,1,68.71666666666667,2
9961-JBNMK,Male,1,No,No,21,Yes,No,Fiber optic,No,No,Yes,No,Yes,Yes,Month-to-month,Yes,Bank transfer (automatic),96.8,2030.3,1,12-24,0,4,1,96.68095238095238,2
1170-SASML,Female,0,Yes,No,69,Yes,Yes,Fiber optic,No,Yes,Yes,No,No,No,Month-to-month,Yes,Bank transfer (automatic),85.4,5869.4,0,60-72,0,4,1,85.06376811594203,2
4872-JCVCA,Female,0,Yes,No,71,No,No,DSL,Yes,Yes,Yes,Yes,No,No,Two year,Yes,Bank transfer (automatic),47.6,3377.8,0,60-72,0,4,0,47.57464788732395,0
5346-BZCHP,Female,0,Yes,Yes,69,Yes,No,No,No,No,No,No,No,No,Two year,No,Mailed check,19.4,1346.2,0,60-72,0,1,0,19.51014492753623,0
2038-LLMLM,Female,0,No,No,48,Yes,Yes,Fiber optic,No,No,Yes,Yes,Yes,Yes,Month-to-month,Yes,Electronic check,103.85,4946.05,0,36-48,0,6,1,103.04270833333334,2
6173-ITPWD,Male,0,Yes,No,47,Yes,Yes,Fiber optic,No,Yes,Yes,No,No,No,Month-to-month,Yes,Bank transfer (automatic),83.35,4065.0,1,36-48,0,4,1,86.48936170212765,2
9734-UYXQI,Female,0,No,No,2,Yes,Yes,DSL,No,No,No,No,No,No,Month-to-month,Yes,Electronic check,49.4,106.55,1,0-12,1,2,1,53.275,2
1216-BGTSP,Male,0,No,No,45,Yes,Yes,Fiber optic,Yes,No,Yes,Yes,Yes,Yes,Month-to-month,Yes,Credit card (automatic),108.45,4964.7,0,36-48,0,7,1,110.32666666666667,2
4138-NAXED,Male,0,No,No,51,Yes,Yes,Fiber optic,No,Yes,No,No,No,No,Month-to-month,No,Bank transfer (automatic),81.0,4085.75,0,48-60,0,3,1,80.11274509803921,2
2189-UXTKY,Female,0,Yes,No,22,Yes,Yes,DSL,Yes,No,No,Yes,Yes,Yes,Month-to-month,Yes,Electronic check,79.2,1742.75,1,12-24,0,6,1,79.2159090909091,2
0744-BIKKF,Male,0,No,No,72,Yes,Yes,DSL,Yes,Yes,Yes,Yes,Yes,Yes,Two year,No,Bank transfer (automatic),86.65,6224.8,0,60-72,0,8,1,86.45555555555556,0
7483-IQWIB,Male,0,Yes,Yes,37,Yes,Yes,Fiber optic,No,Yes,Yes,No,Yes,No,Month-to-month,Yes,Electronic check,92.95,3415.25,0,36-48,0,5,1,92.30405405405405,2
5248-KWLAR,Male,0,Yes,Yes,71,Yes,Yes,DSL,Yes,Yes,Yes,Yes,Yes,Yes,Two year,No,Electronic check,90.35,6325.25,0,60-72,0,8,1,89.08802816901408,0
4958-GZWIY,Male,0,Yes,Yes,7,Yes,No,DSL,No,No,Yes,No,No,No,Month-to-month,No,Electronic check,48.7,340.25,1,0-12,0,2,1,48.607142857142854,2
7996-MHXLW,Female,0,No,No,66,Yes,Yes,No,No,No,No,No,No,No,Two year,Yes,Credit card (automatic),25.15,1683.6,0,60-72,0,2,0,25.509090909090908,0
7833-PKIHD,Male,0,Yes,Yes,51,Yes,No,DSL,Yes,No,No,Yes,Yes,Yes,One year,Yes,Bank transfer (automatic),76.4,3966.3,0,48-60,0,5,1,77.77058823529413,1
7061-OVMIM,Female,0,Yes,Yes,30,Yes,No,No,No,No,No,No,No,No,One year,No,Bank transfer (automatic),19.55,608.5,0,24-36,0,1,0,20.283333333333335,1
5153-RTHKF,Female,0,No,No,34,Yes,Yes,Fiber optic,No,No,No,No,Yes,No,Month-to-month,No,Electronic check,85.35,2896.6,0,24-36,0,3,1,85.19411764705882,2
1852-QSWCD,Male,0,Yes,Yes,64,Yes,Yes,No,No,No,No,No,No,No,Two year,Yes,Mailed check,24.8,1514.85,0,60-72,0,2,0,23.66953125,0
4832-VRBMR,Male,1,Yes,No,65,Yes,Yes,Fiber optic,No,Yes,Yes,No,Yes,Yes,One year,Yes,Bank transfer (automatic),103.15,6792.45,0,60-72,0,6,1,104.49923076923076,1
9079-LWTFD,Male,0,No,No,47,Yes,Yes,Fiber optic,Yes,Yes,No,Yes,Yes,No,Month-to-month,No,Mailed check,100.75,4669.2,0,36-48,0,6,1,99.34468085106383,2
6356-ELRKD,Female,0,No,No,1,Yes,No,Fiber optic,Yes,No,No,No,Yes,Yes,Month-to-month,Yes,Electronic check,95.6,95.6,1,0-12,1,4,1,95.6,2
8624-GIOUT,Female,0,No,No,49,Yes,Yes,DSL,Yes,Yes,No,No,No,No,Month-to-month,Yes,Credit card (automatic),59.75,2934.3,1,48-60,0,4,1,59.88367346938776,2
3392-EHMNK,Female,0,Yes,Yes,67,Yes,Yes,Fiber optic,No,Yes,No,Yes,Yes,No,Two year,No,Credit card (automatic),94.1,6302.8,0,60-72,0,5,1,94.07164179104478,0
5986-WWXDV,Male,0,No,Yes,39,Yes,No,No,No,No,No,No,No,No,One year,No,Bank transfer (automatic),19.35,779.2,0,36-48,0,1,0,19.97948717948718,1
3061-BCKYI,Male,0,No,No,14,Yes,No,No,No,No,No,No,No,No,Month-to-month,No,Mailed check,19.9,283.75,0,12-24,0,1,0,20.267857142857142,2
6179-GJPSO,Female,1,No,No,43,Yes,No,Fiber optic,Yes,Yes,No,Yes,Yes,Yes,Month-to-month,Yes,Credit card (automatic),108.15,4600.7,1,36-48,0,6,1,106.99302325581395,2
7901-TBKJX,Male,1,No,No,56,Yes,Yes,Fiber optic,No,No,Yes,No,Yes,Yes,Month-to-month,Yes,Electronic check,101.05,5594.0,0,48-60,0,5,1,99.89285714285714,2
7228-PAQPD,Female,0,No,No,14,Yes,No,DSL,No,No,No,Yes,No,Yes,One year,No,Credit card (automatic),59.1,772.85,0,12-24,0,3,1,55.20357142857143,1
3177-LASXD,Female,0,No,No,1,Yes,No,Fiber optic,No,No,No,No,No,No,Month-to-month,No,Electronic check,71.35,71.35,1,0-12,1,1,1,71.35,2
7746-QYVCO,Male,0,Yes,Yes,16,Yes,No,DSL,Yes,Yes,No,No,No,No,One year,Yes,Mailed check,55.85,857.8,0,12-24,0,3,1,53.6125,1
5804-HYIEZ,Male,0,Yes,Yes,70,Yes,Yes,Fiber optic,Yes,Yes,No,No,Yes,Yes,Month-to-month,Yes,Electronic check,106.05,7554.05,0,60-72,0,6,1,107.915,2
9919-FZDED,Male,1,Yes,No,72,Yes,Yes,DSL,Yes,Yes,Yes,No,Yes,Yes,Two year,Yes,Credit card (automatic),84.1,5981.65,0,60-72,0,7,1,83.07847222222222,0
5934-TSSAU,Female,0,Yes,Yes,23,Yes,No,Fiber optic,No,No,Yes,No,No,No,Month-to-month,Yes,Credit card (automatic),75.3,1702.9,0,12-24,0,2,1,74.0391304347826,2
3486-KHMLI,Male,0,No,Yes,21,Yes,Yes,No,No,No,No,No,No,No,Month-to-month,No,Mailed check,24.7,467.15,0,12-24,0,2,0,22.245238095238093,2
4897-QSUYC,Female,0,No,No,1,Yes,No,No,No,No,No,No,No,No,Month-to-month,Yes,Mailed check,20.15,20.15,1,0-12,1,1,0,20.15,2
1084-UQCHV,Male,0,No,Yes,1,Yes,No,Fiber optic,No,No,No,No,No,No,Month-to-month,No,Bank transfer (automatic),69.75,69.75,1,0-12,1,1,1,69.75,2
8290-YWKHZ,Female,1,Yes,No,32,Yes,Yes,Fiber optic,No,No,No,No,Yes,Yes,Month-to-month,Yes,Electronic check,93.2,2931.0,1,24-36,0,4,1,91.59375,2
2955-BJZHG,Male,0,Yes,Yes,17,Yes,No,Fiber optic,No,No,No,No,Yes,No,Month-to-month,No,Electronic check,80.85,1400.85,1,12-24,0,2,1,82.40294117647058,2
3806-DXQOM,Female,0,No,No,4,No,No,DSL,Yes,Yes,No,No,No,No,Month-to-month,Yes,Electronic check,33.65,137.85,1,0-12,1,2,0,34.4625,2
6784-XYJAE,Female,0,No,No,36,Yes,Yes,DSL,No,No,Yes,No,No,No,One year,No,Electronic check,55.8,1941.5,0,24-36,0,3,1,53.93055555555556,1
3933-DQPWX,Female,0,No,No,50,No,No,DSL,No,Yes,Yes,Yes,No,No,Two year,No,Credit card (automatic),39.7,1932.75,0,48-60,0,3,0,38.655,0
6661-EIPZC,Female,0,Yes,Yes,48,No,No,DSL,No,No,No,Yes,No,No,Month-to-month,Yes,Credit card (automatic),29.5,1423.05,0,36-48,0,1,0,29.646874999999998,2
8957-THMOA,Female,0,No,Yes,50,Yes,No,No,No,No,No,No,No,No,Two year,No,Credit card (automatic),20.15,970.85,0,48-60,0,1,0,19.417,0
2251-PYLPB,Male,0,Yes,No,72,Yes,Yes,DSL,Yes,Yes,Yes,Yes,No,Yes,Two year,No,Credit card (automatic),79.55,5810.9,0,60-72,0,7,1,80.70694444444445,0
5555-RNPGT,Male,0,No,Yes,10,Yes,Yes,No,No,No,No,No,No,No,Month-to-month,No,Credit card (automatic),24.8,223.9,0,0-12,0,2,0,22.39,2
1057-FOGLZ,Female,0,No,No,18,Yes,No,No,No,No,No,No,No,No,Month-to-month,No,Mailed check,19.65,391.7,0,12-24,0,1,0,21.76111111111111,2
9300-RENDD,Male,0,No,No,1,Yes,No,Fiber optic,No,No,No,No,Yes,No,Month-to-month,Yes,Electronic check,79.95,79.95,1,0-12,1,2,1,79.95,2
0761-AETCS,Female,0,No,No,1,Yes,No,No,No,No,No,No,No,No,Month-to-month,No,Electronic check,19.3,19.3,1,0-12,1,1,0,19.3,2
8087-LGYHQ,Male,0,No,No,9,Yes,No,Fiber optic,No,No,Yes,No,Yes,Yes,Month-to-month,Yes,Electronic check,94.05,811.65,0,0-12,0,4,1,90.18333333333334,2
4137-BTIKL,Male,0,No,No,2,Yes,Yes,Fiber optic,Yes,No,No,No,No,Yes,Month-to-month,No,Mailed check,90.75,174.75,0,0-12,1,4,1,87.375,2
2190-BCXEC,Female,0,Yes,No,40,Yes,Yes,Fiber optic,No,No,No,Yes,No,No,Month-to-month,Yes,Credit card (automatic),78.85,3126.85,0,36-48,0,3,1,78.17125,2
6227-FBDXH,Male,0,Yes,No,69,Yes,Yes,Fiber optic,No,No,Yes,No,Yes,Yes,One year,No,Bank transfer (automatic),99.5,6841.45,0,60-72,0,5,1,99.15144927536231,1
2153-MREFK,Female,0,Yes,No,37,Yes,Yes,Fiber optic,Yes,No,Yes,Yes,No,Yes,One year,Yes,Electronic check,99.2,3754.6,1,36-48,0,6,1,101.47567567567567,1
2911-WDXMV,Male,0,No,Yes,18,Yes,Yes,Fiber optic,No,No,Yes,No,No,No,Month-to-month,Yes,Credit card (automatic),80.55,1406.65,0,12-24,0,3,1,78.14722222222223,2
7206-PQBBZ,Male,1,Yes,No,11,Yes,No,Fiber optic,No,No,No,No,No,No,Month-to-month,Yes,Electronic check,70.2,834.7,0,0-12,0,1,1,75.88181818181819,2
3106-ULWFW,Female,0,Yes,No,8,Yes,Yes,Fiber optic,No,No,No,No,No,Yes,Month-to-month,Yes,Credit card (automatic),85.2,627.4,1,0-12,0,3,1,78.425,2
0925-VYDLG,Female,0,No,No,3,Yes,Yes,Fiber optic,No,No,No,No,No,No,Month-to-month,No,Electronic check,75.25,242.0,1,0-12,1,2,1,80.66666666666667,2
4547-FZJWE,Male,0,Yes,Yes,55,Yes,No,DSL,Yes,No,No,No,No,Yes,One year,No,Credit card (automatic),59.45,3157.0,0,48-60,0,3,1,57.4,1
7422-WNBTY,Male,0,Yes,No,33,Yes,Yes,Fiber optic,No,Yes,Yes,No,No,Yes,Month-to-month,Yes,Electronic check,93.35,3092.0,0,24-36,0,5,1,93.6969696969697,2
0842-IWYCP,Female,0,No,No,46,Yes,No,DSL,No,No,No,No,No,No,Month-to-month,No,Bank transfer (automatic),44.95,2168.9,0,36-48,0,1,1,47.15,2
3521-HTQTV,Male,0,No,No,34,Yes,Yes,No,No,No,No,No,No,No,Two year,No,Bank transfer (automatic),26.1,980.35,0,24-36,0,2,0,28.833823529411767,0
3744-ZBHON,Female,0,No,No,3,Yes,No,No,No,No,No,No,No,No,Month-to-month,No,Electronic check,20.2,65.95,0,0-12,1,1,0,21.983333333333334,2
3373-DIUUN,Male,0,Yes,Yes,30,Yes,No,No,No,No,No,No,No,No,Two year,No,Mailed check,21.25,711.9,0,24-36,0,1,0,23.73,0
8383-SGHJU,Female,0,No,No,33,Yes,Yes,DSL,Yes,No,No,Yes,No,No,One year,No,Electronic check,59.4,1952.8,0,24-36,0,4,1,59.17575757575757,1
7607-QKKTJ,Male,0,Yes,Yes,45,Yes,Yes,Fiber optic,No,Yes,Yes,No,No,Yes,One year,Yes,Credit card (automatic),95.0,4368.85,0,36-48,0,5,1,97.08555555555556,1
7707-PYBBH,Male,0,No,No,40,Yes,No,DSL,Yes,Yes,No,Yes,No,No,Month-to-month,Yes,Mailed check,61.9,2647.1,0,36-48,0,4,1,66.1775,2
8984-HPEMB,Female,0,No,No,71,Yes,Yes,Fiber optic,Yes,Yes,Yes,Yes,Yes,Yes,Two year,Yes,Electronic check,118.65,8477.6,0,60-72,0,8,1,119.40281690140846,0
4349-GFQHK,Male,0,No,No,1,Yes,Yes,DSL,No,No,Yes,No,No,No,Month-to-month,No,Electronic check,54.35,54.35,1,0-12,1,3,1,54.35,2
4139-DETXS,Female,0,Yes,Yes,72,No,No,DSL,Yes,Yes,Yes,Yes,Yes,Yes,Two year,No,Bank transfer (automatic),64.45,4528.0,0,60-72,0,6,0,62.888888888888886,0
9779-DPNEJ,Female,0,Yes,Yes,22,Yes,No,Fiber optic,No,No,No,No,No,Yes,Month-to-month,Yes,Electronic check,80.15,1790.65,0,12-24,0,2,1,81.39318181818182,2
9805-FILKB,Male,0,Yes,Yes,46,Yes,No,No,No,No,No,No,No,No,One year,Yes,Bank transfer (automatic),20.2,845.6,0,36-48,0,1,0,18.382608695652173,1
5793-YOLJN,Female,0,Yes,Yes,55,Yes,No,No,No,No,No,No,No,No,Two year,No,Mailed check,21.0,1210.3,0,48-60,0,1,0,22.005454545454544,0
0673-IGUQO,Male,0,No,No,1,Yes,No,No,No,No,No,No,No,No,Month-to-month,No,Mailed check,20.45,20.45,0,0-12,1,1,0,20.45,2
4123-FCVCB,Female,0,No,No,12,Yes,Yes,DSL,No,No,No,Yes,Yes,Yes,One year,Yes,Mailed check,75.85,854.45,0,0-12,0,5,1,71.20416666666667,1
8819-IMISP,Male,0,No,No,31,Yes,Yes,Fiber optic,No,Yes,No,No,No,No,Month-to-month,Yes,Electronic check,80.45,2429.1,0,24-36,0,3,1,78.35806451612903,2
7802-EFKNY,Male,0,Yes,No,5,No,No,DSL,No,No,No,No,No,No,Month-to-month,Yes,Electronic check,24.95,100.4,1,0-12,1,0,0,20.080000000000002,2
8311-UEUAB,Female,0,Yes,Yes,67,Yes,Yes,DSL,Yes,No,No,No,Yes,Yes,Two year,Yes,Electronic check,75.5,5229.45,0,60-72,0,5,1,78.05149253731344,0
5858-EAFCZ,Male,0,No,No,1,Yes,No,DSL,No,No,No,No,No,No,Month-to-month,No,Mailed check,44.45,44.45,0,0-12,1,1,1,44.45,2
8035-BUYVG,Male,0,Yes,No,40,No,No,DSL,Yes,Yes,Yes,No,No,No,One year,Yes,Electronic check,42.35,1716.45,1,36-48,0,3,0,42.91125,1
1163-ONYEY,Male,0,Yes,Yes,41,Yes,Yes,DSL,Yes,Yes,Yes,No,Yes,No,Month-to-month,Yes,Credit card (automatic),74.55,3023.55,0,36-48,0,6,1,73.74512195121952,2
9787-XVQIU,Male,0,No,No,1,Yes,Yes,Fiber optic,No,No,No,No,No,No,Month-to-month,Yes,Electronic check,75.3,75.3,1,0-12,1,2,1,75.3,2
8945-MUQUF,Male,0,No,No,51,Yes,Yes,Fiber optic,Yes,Yes,No,No,Yes,No,One year,Yes,Electronic check,94.8,4837.6,1,48-60,0,5,1,94.85490196078432,1
5656-MJEFC,Male,0,Yes,Yes,42,No,No,DSL,Yes,No,Yes,Yes,Yes,No,Two year,No,Credit card (automatic),48.15,2032.3,0,36-48,0,4,0,48.38809523809524,0
6082-OQFBA,Male,0,Yes,Yes,23,Yes,No,No,No,No,No,No,No,No,One year,No,Mailed check,19.65,436.9,0,12-24,0,1,0,18.995652173913044,1
8051-HJRLT,Female,1,No,No,1,Yes,No,Fiber optic,No,No,No,No,No,No,Month-to-month,Yes,Electronic check,70.55,70.55,1,0-12,1,1,1,70.55,2
8974-OVACP,Female,0,No,No,1,Yes,No,No,No,No,No,No,No,No,Month-to-month,No,Mailed check,20.15,20.15,0,0-12,1,1,0,20.15,2
4010-YLMVT,Female,0,No,No,56,Yes,Yes,Fiber optic,Yes,Yes,No,No,Yes,Yes,Month-to-month,Yes,Credit card (automatic),106.6,5893.95,0,48-60,0,6,1,105.24910714285714,2
1379-FRVEB,Male,0,No,Yes,15,Yes,Yes,Fiber optic,No,Yes,No,No,Yes,No,Month-to-month,Yes,Electronic check,91.0,1430.05,0,12-24,0,4,1,95.33666666666666,2
8612-GXIDD,Male,0,Yes,Yes,12,Yes,Yes,No,No,No,No,No,No,No,Two year,Yes,Bank transfer (automatic),25.4,313.0,0,0-12,0,2,0,26.083333333333332,0
6288-CHQJB,Female,0,Yes,Yes,54,Yes,No,DSL,Yes,No,Yes,Yes,No,Yes,Two year,No,Bank transfer (automatic),69.95,3871.85,0,48-60,0,5,1,71.70092592592593,0
8160-HOWOX,Female,0,No,No,7,Yes,No,DSL,No,No,No,No,Yes,Yes,Month-to-month,Yes,Electronic check,66.85,458.1,0,0-12,0,3,1,65.44285714285715,2
3023-GFLBR,Female,0,Yes,Yes,33,Yes,Yes,Fiber optic,No,No,No,No,No,Yes,Month-to-month,No,Credit card (automatic),86.15,2745.7,1,24-36,0,3,1,83.2030303030303,2
6648-INWPS,Male,0,Yes,Yes,16,Yes,No,No,No,No,No,No,No,No,Month-to-month,No,Electronic check,20.15,341.35,0,12-24,0,1,0,21.334375,2
4223-BKEOR,Female,0,No,Yes,21,Yes,No,DSL,Yes,No,Yes,No,No,Yes,One year,No,Mailed check,64.85,1336.8,0,12-24,0,4,1,63.65714285714286,1
4079-VTGLK,Male,1,Yes,No,30,Yes,Yes,DSL,No,No,Yes,No,Yes,Yes,Two year,No,Electronic check,74.85,2181.75,0,24-36,0,5,1,72.725,0
1763-WQFUK,Male,0,No,No,3,Yes,No,DSL,No,No,No,Yes,No,No,Month-to-month,Yes,Mailed check,50.5,147.75,0,0-12,1,2,1,49.25,2
1391-UBDAR,Male,0,No,No,11,Yes,No,Fiber optic,No,No,Yes,No,No,No,Month-to-month,No,Electronic check,72.9,818.45,0,0-12,0,2,1,74.40454545454546,2
8894-JVDCV,Female,0,No,No,62,Yes,Yes,Fiber optic,Yes,Yes,Yes,Yes,Yes,Yes,One year,Yes,Credit card (automatic),115.05,7133.45,0,60-72,0,8,1,115.05564516129031,1
2023-VQFDL,Male,0,No,No,18,Yes,No,No,No,No,No,No,No,No,Month-to-month,No,Electronic check,19.0,348.8,0,12-24,0,1,0,19.37777777777778,2
1345-GKDZZ,Male,0,No,Yes,6,Yes,No,No,No,No,No,No,No,No,Month-to-month,No,Mailed check,19.55,128.6,0,0-12,1,1,0,21.433333333333334,2
2014-MKGMH,Female,0,No,No,46,Yes,Yes,Fiber optic,No,No,Yes,No,Yes,Yes,One year,Yes,Electronic check,101.1,4674.4,0,36-48,0,5,1,101.61739130434782,1
5628-FCGYG,Male,0,No,No,21,Yes,Yes,Fiber optic,No,No,No,No,No,Yes,Month-to-month,Yes,Electronic check,84.1,1737.45,0,12-24,0,3,1,82.7357142857143,2
2560-WBWXF,Male,0,No,No,68,Yes,Yes,No,No,No,No,No,No,No,Two year,Yes,Bank transfer (automatic),24.15,1498.85,0,60-72,0,2,0,22.04191176470588,0
0248-IPDFW,Female,0,No,No,1,Yes,Yes,DSL,No,No,No,No,No,No,Month-to-month,Yes,Electronic check,50.1,50.1,0,0-12,1,2,1,50.1,2
7978-DKUQH,Female,0,Yes,No,25,Yes,No,Fiber optic,No,No,Yes,No,No,No,Month-to-month,Yes,Electronic check,74.6,1797.75,0,24-36,0,2,1,71.91,2
4335-UPJSI,Female,0,No,Yes,24,Yes,No,No,No,No,No,No,No,No,Two year,No,Mailed check,19.75,498.1,0,12-24,0,1,0,20.754166666666666,0
0524-IAVZO,Female,0,Yes,No,30,Yes,Yes,Fiber optic,No,No,No,No,No,Yes,Month-to-month,Yes,Electronic check,85.0,2624.25,1,24-36,0,3,1,87.475,2
2737-YNGYW,Female,0,No,No,2,Yes,No,Fiber optic,No,No,No,No,No,Yes,Month-to-month,No,Electronic check,80.55,184.1,1,0-12,1,2,1,92.05,2
1784-EZDKJ,Male,0,Yes,No,51,Yes,Yes,Fiber optic,No,Yes,Yes,No,Yes,Yes,One year,Yes,Bank transfer (automatic),106.8,5498.8,0,48-60,0,6,1,107.81960784313726,1
9297-FVVDH,Female,0,Yes,Yes,57,Yes,Yes,DSL,Yes,No,Yes,Yes,Yes,Yes,Two year,Yes,Electronic check,84.5,4845.4,0,48-60,0,7,1,85.00701754385965,0
8007-YYPWD,Female,0,No,No,15,Yes,Yes,No,No,No,No,No,No,No,Two year,No,Bank transfer (automatic),25.05,369.1,0,12-24,0,2,0,24.60666666666667,0
7101-HRBLJ,Female,0,Yes,Yes,72,Yes,No,DSL,Yes,Yes,Yes,Yes,Yes,Yes,Two year,Yes,Bank transfer (automatic),83.7,6096.9,0,60-72,0,7,1,84.67916666666666,0
5159-YFPKQ,Female,0,No,No,2,Yes,No,Fiber optic,No,No,Yes,No,No,No,Month-to-month,Yes,Electronic check,75.8,160.75,1,0-12,1,2,1,80.375,2
6635-CPNUN,Male,0,Yes,No,28,Yes,Yes,Fiber optic,No,Yes,Yes,No,Yes,No,Month-to-month,No,Credit card (automatic),96.6,2684.35,0,24-36,0,5,1,95.86964285714285,2
4021-RQSNY,Male,1,Yes,No,29,Yes,Yes,Fiber optic,No,No,Yes,No,Yes,Yes,Month-to-month,Yes,Electronic check,98.5,3004.15,1,24-36,0,5,1,103.59137931034483,2
5453-YBTWV,Male,0,Yes,Yes,70,Yes,No,Fiber optic,Yes,Yes,Yes,Yes,Yes,No,Two year,Yes,Credit card (automatic),101.1,6994.8,0,60-72,0,6,1,99.92571428571429,0
5039-LZRQT,Female,0,No,No,13,Yes,No,No,No,No,No,No,No,No,One year,No,Mailed check,20.2,273.25,0,12-24,0,1,0,21.01923076923077,1
2931-VUVJN,Female,1,Yes,No,59,Yes,Yes,Fiber optic,Yes,Yes,Yes,Yes,No,No,One year,Yes,Electronic check,94.05,5483.9,0,48-60,0,6,1,92.94745762711864,1
9061-TIHDA,Male,1,Yes,No,13,Yes,Yes,Fiber optic,No,No,No,No,Yes,Yes,Month-to-month,Yes,Electronic check,95.25,1233.65,1,12-24,0,4,1,94.89615384615385,2
8699-ASUFO,Male,1,Yes,No,7,Yes,Yes,Fiber optic,No,No,No,No,No,No,Month-to-month,Yes,Mailed check,74.4,527.9,1,0-12,0,2,1,75.41428571428571,2
6418-PIQSP,Female,0,Yes,No,62,Yes,No,DSL,Yes,No,Yes,Yes,Yes,Yes,Two year,No,Mailed check,81.0,4985.9,0,60-72,0,6,1,80.41774193548386,0
8220-OCUFY,Female,0,No,No,21,Yes,No,DSL,Yes,No,Yes,Yes,No,No,One year,Yes,Electronic check,60.25,1258.35,0,12-24,0,4,1,59.921428571428564,1
3995-WFCSM,Female,0,No,No,2,Yes,No,DSL,No,No,Yes,No,No,Yes,Month-to-month,No,Electronic check,60.85,111.4,0,0-12,1,3,1,55.7,2
1895-QTKDO,Female,0,No,No,1,Yes,No,DSL,No,No,No,No,No,No,Month-to-month,No,Credit card (automatic),43.95,43.95,0,0-12,1,1,1,43.95,2
2038-OEQZH,Male,0,No,No,4,Yes,No,Fiber optic,No,No,Yes,No,No,Yes,Month-to-month,No,Electronic check,86.05,308.1,0,0-12,1,3,1,77.025,2
1178-PZGAB,Female,0,No,No,19,Yes,No,No,No,No,No,No,No,No,One year,No,Credit card (automatic),20.25,383.65,0,12-24,0,1,0,20.192105263157895,1
7927-AUXBZ,Female,0,No,No,30,Yes,No,Fiber optic,No,No,No,Yes,Yes,No,Month-to-month,No,Electronic check,85.15,2555.9,1,24-36,0,3,1,85.19666666666667,2
2626-VEEWG,Male,0,Yes,Yes,67,Yes,No,No,No,No,No,No,No,No,Two year,Yes,Credit card (automatic),19.4,1284.2,0,60-72,0,1,0,19.16716417910448,0
2878-RMWXY,Male,1,Yes,No,72,Yes,Yes,Fiber optic,Yes,Yes,Yes,No,No,Yes,Two year,Yes,Credit card (automatic),102.65,7550.3,0,60-72,0,6,1,104.86527777777778,0
1657-DYMBM,Male,0,Yes,No,53,Yes,No,No,No,No,No,No,No,No,Two year,No,Credit card (automatic),19.9,1110.05,0,48-60,0,1,0,20.944339622641508,0
7311-MQJCH,Female,0,No,No,5,Yes,No,No,No,No,No,No,No,No,One year,No,Electronic check,19.55,99.6,0,0-12,1,1,0,19.919999999999998,1
7375-WMVMT,Male,1,Yes,No,71,Yes,No,Fiber optic,No,Yes,Yes,Yes,No,Yes,Two year,Yes,Credit card (automatic),95.5,6707.15,0,60-72,0,5,1,94.4669014084507,0
1136-XGEQU,Female,0,Yes,Yes,50,Yes,Yes,DSL,No,Yes,Yes,Yes,Yes,Yes,One year,Yes,Credit card (automatic),84.15,4164.4,0,48-60,0,7,1,83.288,1
2530-FMFXO,Male,0,Yes,Yes,56,Yes,Yes,Fiber optic,No,No,Yes,Yes,Yes,Yes,Two year,Yes,Electronic check,103.2,5873.75,0,48-60,0,6,1,104.88839285714286,0
6844-DZKRF,Male,0,No,No,2,Yes,No,DSL,No,No,No,Yes,No,No,Month-to-month,Yes,Credit card (automatic),50.2,109.25,0,0-12,1,2,1,54.625,2
4695-WJZUE,Female,1,No,No,2,Yes,Yes,Fiber optic,No,No,Yes,No,No,Yes,Month-to-month,Yes,Electronic check,88.55,179.25,1,0-12,1,4,1,89.625,2
7619-ODSGN,Male,0,Yes,Yes,24,Yes,Yes,DSL,Yes,No,No,No,No,No,Month-to-month,No,Electronic check,54.75,1338.15,1,12-24,0,3,1,55.75625,2
5970-GHJAW,Male,0,Yes,Yes,46,Yes,No,No,No,No,No,No,No,No,Two year,No,Credit card (automatic),19.95,862.4,0,36-48,0,1,0,18.747826086956522,0
8879-XUAHX,Male,0,Yes,No,71,Yes,Yes,Fiber optic,Yes,Yes,Yes,Yes,Yes,Yes,Two year,Yes,Electronic check,116.25,8564.75,0,60-72,0,8,1,120.63028169014085,0
3689-MOZGR,Female,0,No,No,29,No,No,DSL,No,No,No,Yes,No,No,Month-to-month,Yes,Electronic check,31.2,926.2,0,24-36,0,1,0,31.93793103448276,2
4195-PNGZS,Male,0,Yes,Yes,69,Yes,Yes,No,No,No,No,No,No,No,Two year,No,Bank transfer (automatic),24.45,1718.2,0,60-72,0,2,0,24.90144927536232,0
5003-XZWWO,Male,0,Yes,No,71,Yes,Yes,DSL,No,Yes,Yes,Yes,Yes,Yes,Two year,No,Credit card (automatic),84.2,5956.85,0,60-72,0,7,1,83.8992957746479,0
3988-RQIXO,Female,1,No,No,1,Yes,No,Fiber optic,No,No,No,No,Yes,Yes,Month-to-month,Yes,Electronic check,91.3,91.3,1,0-12,1,3,1,91.3,2
7622-FWGEW,Male,1,Yes,No,56,Yes,No,DSL,Yes,Yes,Yes,Yes,Yes,Yes,Two year,Yes,Bank transfer (automatic),85.65,4824.45,0,48-60,0,7,1,86.15089285714285,0
6922-NCEDI,Male,0,No,Yes,56,Yes,No,No,No,No,No,No,No,No,One year,Yes,Mailed check,21.2,1238.65,0,48-60,0,1,0,22.118750000000002,1
2514-GINMM,Male,0,No,No,1,Yes,No,Fiber optic,No,No,No,No,Yes,No,Month-to-month,Yes,Electronic check,79.5,79.5,1,0-12,1,2,1,79.5,2
9891-NQDBD,Female,0,Yes,No,28,Yes,Yes,No,No,No,No,No,No,No,One year,No,Mailed check,25.55,672.2,0,24-36,0,2,0,24.00714285714286,1
6131-IUNXN,Female,0,Yes,Yes,19,Yes,No,No,No,No,No,No,No,No,Month-to-month,No,Mailed check,20.2,382.2,0,12-24,0,1,0,20.11578947368421,2
8548-AWOFC,Male,0,Yes,No,66,Yes,Yes,DSL,No,No,No,Yes,No,Yes,Month-to-month,No,Electronic check,63.85,4264.6,0,60-72,0,4,1,64.61515151515152,2
9798-DRYDS,Female,0,Yes,Yes,17,Yes,Yes,DSL,No,No,Yes,Yes,No,No,One year,Yes,Mailed check,61.95,1070.7,0,12-24,0,4,1,62.98235294117647,1
8532-UEFWH,Male,0,Yes,Yes,52,Yes,Yes,No,No,No,No,No,No,No,Two year,No,Mailed check,25.75,1345.85,0,48-60,0,2,0,25.881730769230767,0
6296-DDOOR,Female,0,No,No,19,Yes,No,DSL,No,Yes,No,No,Yes,No,One year,No,Electronic check,58.2,1045.25,0,12-24,0,3,1,55.01315789473684,1
7951-VRDVK,Female,0,No,No,36,Yes,No,DSL,Yes,Yes,Yes,Yes,Yes,Yes,One year,No,Bank transfer (automatic),85.85,3003.55,0,24-36,0,7,1,83.43194444444445,1
5931-FLJJF,Male,1,Yes,No,7,Yes,No,Fiber optic,No,No,No,No,No,No,Month-to-month,Yes,Mailed check,70.1,467.55,1,0-12,0,1,1,66.79285714285714,2
4815-YOSUK,Male,0,Yes,Yes,72,Yes,Yes,Fiber optic,Yes,Yes,Yes,Yes,No,Yes,One year,Yes,Credit card (automatic),104.9,7537.5,0,60-72,0,7,1,104.6875,1
2659-VXMWZ,Male,0,Yes,Yes,67,Yes,Yes,Fiber optic,Yes,Yes,Yes,No,Yes,Yes,One year,Yes,Electronic check,111.3,7482.1,1,60-72,0,7,1,111.67313432835822,1
0380-NEAVX,Male,1,No,No,34,Yes,No,Fiber optic,No,Yes,Yes,No,Yes,Yes,One year,Yes,Electronic check,99.85,3343.15,0,24-36,0,5,1,98.32794117647059,1
3207-OYBWH,Male,1,Yes,No,57,Yes,Yes,Fiber optic,No,Yes,Yes,No,No,Yes,Month-to-month,Yes,Bank transfer (automatic),95.25,5427.05,1,48-60,0,5,1,95.21140350877194,2
4285-GYRQC,Female,0,Yes,No,7,Yes,No,Fiber optic,No,No,Yes,No,Yes,No,Month-to-month,Yes,Electronic check,86.25,587.1,1,0-12,0,3,1,83.87142857142858,2
7216-EWTRS,Female,1,Yes,No,1,Yes,Yes,Fiber optic,No,No,Yes,No,Yes,Yes,Month-to-month,Yes,Electronic check,100.8,100.8,1,0-12,1,5,1,100.8,2
4365-MSDYN,Male,0,Yes,No,8,Yes,No,No,No,No,No,No,No,No,Month-to-month,Yes,Bank transfer (automatic),19.55,161.15,0,0-12,0,1,0,20.14375,2
7036-TYDEC,Female,0,No,No,69,Yes,Yes,Fiber optic,No,No,Yes,Yes,Yes,Yes,Two year,No,Electronic check,104.0,7028.5,0,60-72,0,6,1,101.8623188405797,0
5802-ADBRC,Female,0,Yes,No,50,Yes,Yes,Fiber optic,Yes,No,Yes,No,Yes,Yes,One year,Yes,Mailed check,104.4,5232.9,0,48-60,0,6,1,104.65799999999999,1
8076-FEZKJ,Male,0,No,No,10,Yes,No,No,No,No,No,No,No,No,One year,No,Mailed check,19.5,225.85,0,0-12,0,1,0,22.585,1
5197-YPYBZ,Female,0,Yes,Yes,12,Yes,Yes,No,No,No,No,No,No,No,Two year,No,Credit card (automatic),25.25,274.7,0,0-12,0,2,0,22.891666666666666,0
8337-MSSXB,Female,0,No,No,14,Yes,No,Fiber optic,No,Yes,No,No,No,Yes,Month-to-month,Yes,Electronic check,86.3,1180.95,1,12-24,0,3,1,84.35357142857143,2
4312-GVYNH,Female,0,Yes,No,70,No,No,DSL,Yes,No,Yes,Yes,No,Yes,Two year,Yes,Bank transfer (automatic),49.85,3370.2,0,60-72,0,4,0,48.145714285714284,0
8495-LJDFO,Female,1,No,No,64,Yes,Yes,Fiber optic,Yes,No,Yes,Yes,Yes,Yes,Month-to-month,Yes,Bank transfer (automatic),108.95,7111.3,0,60-72,0,7,1,111.1140625,2
0839-JTCUD,Female,0,Yes,Yes,66,Yes,Yes,DSL,Yes,Yes,Yes,Yes,Yes,Yes,Two year,No,Credit card (automatic),89.9,5958.85,0,60-72,0,8,1,90.28560606060607,0
5494-WOZRZ,Female,0,Yes,Yes,71,Yes,No,DSL,Yes,No,Yes,Yes,Yes,Yes,Two year,Yes,Credit card (automatic),82.0,5999.85,0,60-72,0,6,1,84.5049295774648,0
1302-UHBDD,Male,1,No,No,20,Yes,No,Fiber optic,No,No,No,No,Yes,Yes,Month-to-month,No,Electronic check,89.95,1648.45,0,12-24,0,3,1,82.4225,2
2234-EOFPT,Male,0,Yes,No,72,Yes,No,DSL,Yes,Yes,No,Yes,Yes,Yes,Two year,Yes,Bank transfer (automatic),79.35,5753.25,0,60-72,0,6,1,79.90625,0
8619-IJNDK,Female,0,Yes,Yes,71,Yes,No,DSL,Yes,Yes,Yes,Yes,No,No,Two year,No,Credit card (automatic),64.05,4492.9,0,60-72,0,5,1,63.28028169014084,0
8378-LKJAF,Male,0,Yes,Yes,38,Yes,Yes,Fiber optic,No,No,Yes,No,Yes,Yes,Month-to-month,Yes,Credit card (automatic),101.15,3956.7,0,36-48,0,5,1,104.1236842105263,2
8182-BJDSI,Female,0,No,No,28,Yes,Yes,Fiber optic,No,Yes,No,No,No,Yes,Month-to-month,Yes,Electronic check,89.95,2625.55,1,24-36,0,4,1,93.76964285714287,2
2528-HFYZX,Male,1,Yes,No,17,Yes,No,Fiber optic,No,Yes,No,No,No,No,Month-to-month,Yes,Electronic check,76.45,1233.4,1,12-24,0,2,1,72.5529411764706,2
1153-GNOLC,Male,0,No,No,33,No,No,DSL,No,Yes,No,No,Yes,No,One year,Yes,Electronic check,39.1,1309.0,0,24-36,0,2,0,39.666666666666664,1
3298-QEICA,Female,0,Yes,Yes,23,No,No,DSL,Yes,No,No,Yes,No,No,Two year,No,Mailed check,34.6,813.45,0,12-24,0,2,0,35.36739130434783,0
0788-DXBFY,Male,0,Yes,Yes,58,Yes,No,No,No,No,No,No,No,No,One year,Yes,Electronic check,19.55,1108.8,0,48-60,0,1,0,19.117241379310343,1
3597-YASZG,Female,1,Yes,No,70,Yes,Yes,Fiber optic,No,Yes,No,Yes,Yes,Yes,Two year,Yes,Bank transfer (automatic),104.45,7349.35,0,60-72,0,6,1,104.99071428571429,0
3496-LFSZU,Male,0,Yes,No,4,Yes,No,Fiber optic,No,No,No,No,No,No,Month-to-month,No,Electronic check,70.5,294.2,0,0-12,1,1,1,73.55,2
5242-UOWHD,Male,0,Yes,Yes,45,Yes,No,No,No,No,No,No,No,No,Two year,No,Mailed check,20.35,929.2,0,36-48,0,1,0,20.64888888888889,0
2482-CZGBB,Male,0,No,No,10,Yes,No,Fiber optic,No,No,No,No,No,No,Month-to-month,Yes,Electronic check,70.0,740.0,1,0-12,0,1,1,74.0,2
6479-SZPLM,Male,0,Yes,Yes,36,Yes,No,No,No,No,No,No,No,No,Two year,No,Credit card (automatic),19.45,754.5,0,24-36,0,1,0,20.958333333333332,0
8097-VBQTZ,Male,0,No,No,54,Yes,No,DSL,Yes,Yes,No,Yes,Yes,No,Month-to-month,Yes,Mailed check,69.9,3883.3,0,48-60,0,5,1,71.91296296296296,2
4500-HKANN,Male,0,Yes,Yes,23,Yes,Yes,DSL,No,Yes,No,Yes,No,No,Two year,No,Mailed check,59.7,1414.2,0,12-24,0,4,1,61.48695652173913,0
9917-KWRBE,Female,0,Yes,Yes,41,Yes,Yes,DSL,Yes,Yes,Yes,No,Yes,No,One year,Yes,Credit card (automatic),78.35,3211.2,0,36-48,0,6,1,78.32195121951219,1
3420-ZDBMA,Male,1,No,No,5,Yes,No,Fiber optic,No,No,No,No,No,No,Month-to-month,Yes,Mailed check,71.45,371.6,0,0-12,1,1,1,74.32000000000001,2
2212-LYASK,Male,0,Yes,Yes,27,No,No,DSL,No,Yes,Yes,No,No,Yes,One year,Yes,Credit card (automatic),45.85,1246.4,0,24-36,0,3,0,46.162962962962965,1
1393-IMKZG,Female,0,No,No,1,Yes,No,Fiber optic,No,No,No,Yes,Yes,Yes,Month-to-month,Yes,Electronic check,95.85,95.85,0,0-12,1,4,1,95.85,2
8069-RHUXK,Female,0,Yes,Yes,67,No,No,DSL,Yes,No,No,Yes,No,No,Two year,No,Credit card (automatic),35.7,2545.7,0,60-72,0,2,0,37.9955223880597,0
3398-GCPMU,Female,1,Yes,Yes,72,Yes,Yes,DSL,Yes,Yes,Yes,Yes,Yes,Yes,Two year,Yes,Credit card (automatic),89.55,6448.85,0,60-72,0,8,1,89.56736111111111,0
2908-WGAXL,Female,0,Yes,Yes,56,Yes,Yes,No,No,No,No,No,No,No,Two year,Yes,Credit card (automatic),24.95,1468.9,0,48-60,0,2,0,26.230357142857144,0
3378-AJRAO,Male,0,Yes,Yes,44,Yes,Yes,No,No,No,No,No,No,No,One year,No,Electronic check,24.85,1013.6,0,36-48,0,2,0,23.036363636363635,1
1013-QCWAM,Female,1,Yes,No,66,Yes,Yes,Fiber optic,No,Yes,No,No,Yes,Yes,Month-to-month,Yes,Electronic check,100.8,6690.75,0,60-72,0,5,1,101.375,2
0866-QLSIR,Female,0,No,No,34,Yes,Yes,DSL,Yes,Yes,No,Yes,No,No,One year,Yes,Mailed check,64.4,2088.75,1,24-36,0,5,1,61.43382352941177,1
6050-FFXES,Female,0,Yes,No,69,Yes,Yes,Fiber optic,No,No,Yes,Yes,Yes,Yes,Two year,No,Bank transfer (automatic),105.35,7240.65,0,60-72,0,6,1,104.93695652173912,0
7181-BQYBV,Female,0,Yes,Yes,1,Yes,Yes,Fiber optic,Yes,No,Yes,No,Yes,Yes,Month-to-month,Yes,Electronic check,102.45,102.45,1,0-12,1,6,1,102.45,2
0362-RAOQO,Female,0,No,No,40,Yes,No,No,No,No,No,No,No,No,Two year,No,Credit card (automatic),19.65,830.25,0,36-48,0,1,0,20.75625,0
9554-DFKIC,Male,0,Yes,Yes,30,Yes,Yes,DSL,Yes,No,No,No,No,No,Month-to-month,Yes,Bank transfer (automatic),54.45,1588.7,0,24-36,0,3,1,52.95666666666667,2
5527-ACHSO,Female,0,No,No,11,Yes,No,DSL,No,No,No,Yes,Yes,Yes,Month-to-month,No,Mailed check,70.5,829.3,0,0-12,0,4,1,75.39090909090909,2
0829-DDVLK,Female,0,No,No,15,Yes,No,No,No,No,No,No,No,No,One year,No,Credit card (automatic),20.1,302.45,0,12-24,0,1,0,20.163333333333334,1
1399-UBQIU,Male,0,No,No,11,Yes,No,DSL,No,No,Yes,No,Yes,Yes,Month-to-month,Yes,Electronic check,69.35,712.25,0,0-12,0,4,1,64.75,2
1813-JLKWR,Female,0,Yes,Yes,64,Yes,No,No,No,No,No,No,No,No,One year,No,Bank transfer (automatic),19.8,1336.65,0,60-72,0,1,0,20.88515625,1
0336-PIKEI,Male,1,Yes,No,72,Yes,No,DSL,Yes,Yes,Yes,Yes,Yes,No,Two year,No,Bank transfer (automatic),74.4,5360.75,0,60-72,0,6,1,74.45486111111111,0
7322-OCWHC,Male,1,Yes,No,72,Yes,Yes,Fiber optic,Yes,Yes,Yes,Yes,No,No,Two year,Yes,Bank transfer (automatic),93.05,6735.05,0,60-72,0,6,1,93.54236111111112,0
9537-VHDTA,Female,0,No,Yes,1,Yes,No,DSL,Yes,No,No,No,No,No,Month-to-month,No,Mailed check,51.2,51.2,0,0-12,1,2,1,51.2,2
4957-TIALW,Female,0,No,Yes,15,Yes,No,DSL,Yes,Yes,Yes,Yes,No,No,One year,No,Credit card (automatic),65.6,1010.0,0,12-24,0,5,1,67.33333333333333,1
2054-PJOCK,Female,0,No,No,60,Yes,Yes,DSL,No,No,Yes,Yes,Yes,Yes,One year,No,Credit card (automatic),80.55,4847.05,0,48-60,0,6,1,80.78416666666666,1
9150-HEPMB,Male,0,No,No,56,Yes,No,DSL,Yes,No,Yes,No,No,No,One year,No,Mailed check,52.7,3019.7,0,48-60,0,3,1,53.92321428571428,1
9030-QGZNL,Female,0,No,No,8,Yes,No,No,No,No,No,No,No,No,Two year,No,Mailed check,20.85,161.65,0,0-12,0,1,0,20.20625,0
6204-IEUXJ,Female,0,No,No,3,Yes,No,Fiber optic,No,No,Yes,Yes,No,No,Month-to-month,No,Credit card (automatic),80.1,217.55,1,0-12,1,3,1,72.51666666666667,2
3126-WQMGH,Female,0,Yes,No,49,Yes,Yes,DSL,No,No,No,No,No,No,Month-to-month,Yes,Credit card (automatic),52.15,2583.75,0,48-60,0,2,1,52.72959183673469,2
4529-CKBCL,Female,0,No,No,2,Yes,No,Fiber optic,No,No,No,No,Yes,No,Month-to-month,Yes,Electronic check,80.2,146.05,1,0-12,1,2,1,73.025,2
2506-CLAKW,Female,0,No,No,6,Yes,No,Fiber optic,Yes,Yes,Yes,Yes,No,Yes,Month-to-month,Yes,Bank transfer (automatic),98.15,567.45,1,0-12,1,6,1,94.575,2
7176-WRTNX,Male,0,No,No,70,Yes,Yes,Fiber optic,Yes,Yes,Yes,Yes,Yes,Yes,Two year,Yes,Bank transfer (automatic),114.95,7711.25,0,60-72,0,8,1,110.16071428571429,0
1583-IHQZE,Male,0,No,No,12,Yes,Yes,Fiber optic,No,Yes,Yes,Yes,Yes,Yes,Month-to-month,Yes,Mailed check,112.95,1384.75,1,0-12,0,7,1,115.39583333333333,2
5732-IKGQH,Male,1,Yes,No,52,Yes,No,Fiber optic,Yes,No,Yes,Yes,Yes,Yes,One year,Yes,Bank transfer (automatic),104.45,5481.25,0,48-60,0,6,1,105.40865384615384,1
9239-GZHZE,Female,0,Yes,No,72,Yes,Yes,Fiber optic,Yes,Yes,Yes,Yes,Yes,Yes,Two year,Yes,Credit card (automatic),113.65,8124.2,0,60-72,0,8,1,112.83611111111111,0
7205-BAIAD,Female,0,No,No,40,Yes,No,No,No,No,No,No,No,No,Two year,Yes,Bank transfer (automatic),20.6,827.3,0,36-48,0,1,0,20.682499999999997,0
0151-ONTOV,Female,0,No,No,1,Yes,No,Fiber optic,No,No,No,No,No,No,Month-to-month,No,Mailed check,70.9,70.9,1,0-12,1,1,1,70.9,2
4140-MUHUG,Female,1,No,No,3,Yes,No,Fiber optic,No,No,Yes,No,Yes,No,Month-to-month,Yes,Electronic check,86.85,220.95,1,0-12,1,3,1,73.64999999999999,2
0093-EXYQL,Female,1,No,No,40,Yes,No,Fiber optic,No,No,No,No,Yes,Yes,Month-to-month,Yes,Electronic check,91.55,3673.6,0,36-48,0,3,1,91.84,2
8064-RAVOH,Male,0,No,Yes,1,Yes,No,DSL,No,No,Yes,No,No,No,Month-to-month,Yes,Electronic check,49.85,49.85,0,0-12,1,2,1,49.85,2
0219-QAERP,Male,0,Yes,No,30,Yes,No,No,No,No,No,No,No,No,One year,No,Credit card (automatic),19.8,576.65,0,24-36,0,1,0,19.221666666666668,1
0320-JDNQG,Male,0,Yes,Yes,23,Yes,No,Fiber optic,Yes,No,No,Yes,Yes,Yes,Month-to-month,Yes,Electronic check,99.85,2331.3,1,12-24,0,5,1,101.3608695652174,2
7180-PISOG,Male,0,Yes,Yes,1,Yes,Yes,Fiber optic,No,No,No,No,No,No,Month-to-month,Yes,Electronic check,74.5,74.5,1,0-12,1,2,1,74.5,2
9168-INPSZ,Female,1,Yes,No,44,Yes,Yes,Fiber optic,No,No,Yes,Yes,Yes,Yes,Month-to-month,No,Electronic check,104.15,4495.65,0,36-48,0,6,1,102.17386363636363,2
3571-RFHAR,Male,0,No,No,65,Yes,Yes,Fiber optic,No,Yes,Yes,Yes,Yes,Yes,Month-to-month,Yes,Electronic check,109.15,6941.2,1,60-72,0,7,1,106.78769230769231,2
0015-UOCOJ,Female,1,No,No,7,Yes,No,DSL,Yes,No,No,No,No,No,Month-to-month,Yes,Electronic check,48.2,340.35,0,0-12,0,2,1,48.621428571428574,2
5334-AFQJB,Male,1,No,No,72,Yes,Yes,No,No,No,No,No,No,No,Two year,Yes,Credit card (automatic),25.1,1789.9,0,60-72,0,2,0,24.859722222222224,0
2754-SDJRD,Female,1,No,No,8,Yes,Yes,Fiber optic,No,No,No,Yes,Yes,Yes,Month-to-month,Yes,Credit card (automatic),100.15,908.55,0,0-12,0,5,1,113.56875,2
9578-VRMNM,Female,0,No,No,16,Yes,Yes,DSL,No,No,Yes,No,No,Yes,Month-to-month,Yes,Credit card (automatic),65.2,1043.35,1,12-24,0,4,1,65.209375,2
1587-FKLZB,Male,1,Yes,Yes,66,Yes,Yes,Fiber optic,No,No,Yes,No,Yes,Yes,Month-to-month,Yes,Credit card (automatic),99.5,6822.15,1,60-72,0,5,1,103.36590909090908,2
6140-QNRQQ,Male,0,No,No,1,Yes,No,Fiber optic,No,No,No,No,No,No,Month-to-month,Yes,Mailed check,71.55,71.55,1,0-12,1,1,1,71.55,2
8963-JLGJT,Male,0,No,Yes,3,Yes,No,DSL,Yes,No,Yes,No,No,No,Month-to-month,No,Mailed check,55.9,157.55,0,0-12,1,3,1,52.51666666666667,2
4307-KTUMW,Male,0,Yes,No,53,Yes,Yes,Fiber optic,Yes,No,Yes,No,No,Yes,Month-to-month,No,Electronic check,93.9,5029.2,1,48-60,0,5,1,94.89056603773585,2
1465-LNTLJ,Male,1,Yes,No,8,Yes,No,DSL,No,No,Yes,Yes,No,Yes,Month-to-month,Yes,Credit card (automatic),64.4,581.7,0,0-12,0,4,1,72.7125,2
5440-FLBQG,Male,1,Yes,No,69,Yes,Yes,Fiber optic,No,Yes,Yes,Yes,Yes,Yes,Two year,Yes,Bank transfer (automatic),108.4,7318.2,1,60-72,0,7,1,106.06086956521739,0
2135-DQWAQ,Female,0,No,No,5,Yes,No,Fiber optic,No,Yes,No,No,Yes,No,Month-to-month,Yes,Mailed check,85.3,420.45,0,0-12,1,3,1,84.09,2
4056-QHXHZ,Female,0,Yes,Yes,72,Yes,Yes,Fiber optic,Yes,No,Yes,Yes,Yes,Yes,Two year,No,Mailed check,107.45,7576.7,0,60-72,0,7,1,105.23194444444444,0
7470-MCQTK,Female,0,Yes,No,13,No,No,DSL,No,No,Yes,No,Yes,Yes,Month-to-month,Yes,Bank transfer (automatic),48.75,633.4,1,12-24,0,3,0,48.723076923076924,2
7488-MXJIV,Female,0,No,No,4,Yes,Yes,Fiber optic,No,No,No,No,Yes,No,Month-to-month,Yes,Electronic check,85.65,321.65,1,0-12,1,3,1,80.4125,2
7401-JIXNM,Female,0,Yes,Yes,54,Yes,Yes,DSL,Yes,Yes,Yes,Yes,Yes,Yes,Two year,No,Credit card (automatic),91.3,4965.0,0,48-60,0,8,1,91.94444444444444,0
9339-FIIJL,Male,0,Yes,No,72,Yes,Yes,DSL,No,Yes,Yes,Yes,Yes,Yes,Two year,No,Bank transfer (automatic),85.95,6151.9,0,60-72,0,7,1,85.44305555555555,0
2027-FECZV,Male,0,No,No,12,Yes,Yes,Fiber optic,No,Yes,Yes,No,Yes,Yes,Month-to-month,Yes,Electronic check,106.7,1253.9,1,0-12,0,6,1,104.49166666666667,2
2672-DZUOY,Male,0,No,No,1,No,No,DSL,No,No,No,No,No,No,Month-to-month,Yes,Electronic check,25.15,25.15,1,0-12,1,0,0,25.15,2
4706-DGAHW,Male,1,No,No,1,Yes,No,DSL,No,No,No,No,No,No,Month-to-month,No,Electronic check,45.2,45.2,0,0-12,1,1,1,45.2,2
3870-MQAMG,Female,0,Yes,No,54,Yes,Yes,Fiber optic,No,Yes,Yes,Yes,Yes,Yes,One year,No,Electronic check,110.35,5893.15,1,48-60,0,7,1,109.1324074074074,1
6670-MFRPK,Male,0,Yes,Yes,69,Yes,Yes,Fiber optic,No,No,Yes,No,No,No,Two year,Yes,Credit card (automatic),79.2,5420.65,0,60-72,0,3,1,78.56014492753623,0
6177-PEVRA,Female,0,No,No,48,Yes,No,DSL,Yes,Yes,No,No,No,No,Two year,No,Credit card (automatic),55.5,2627.35,0,36-48,0,3,1,54.73645833333333,0
4800-CZMPC,Female,0,Yes,Yes,48,Yes,Yes,Fiber optic,Yes,Yes,No,No,Yes,Yes,One year,Yes,Credit card (automatic),103.25,5037.55,1,36-48,0,6,1,104.94895833333334,1
4813-HQMGZ,Female,0,Yes,No,8,Yes,Yes,Fiber optic,No,No,No,Yes,No,Yes,Month-to-month,Yes,Electronic check,90.25,743.75,0,0-12,0,4,1,92.96875,2
7579-KKLOE,Male,0,Yes,Yes,71,Yes,Yes,DSL,Yes,Yes,Yes,Yes,Yes,Yes,Two year,Yes,Mailed check,91.25,6589.6,0,60-72,0,8,1,92.8112676056338,0
7377-DMMRI,Male,0,No,No,2,Yes,No,DSL,Yes,No,No,No,No,No,Month-to-month,Yes,Electronic check,47.8,92.45,1,0-12,1,2,1,46.225,2
8402-EIVQS,Male,0,Yes,No,67,Yes,No,Fiber optic,Yes,Yes,No,No,Yes,Yes,One year,Yes,Credit card (automatic),100.9,6733.15,0,60-72,0,5,1,100.49477611940299,1
4947-DSMXK,Male,0,Yes,Yes,34,Yes,Yes,Fiber optic,No,Yes,No,No,Yes,Yes,Month-to-month,Yes,Bank transfer (automatic),97.7,3410.0,0,24-36,0,5,1,100.29411764705883,2
7245-NIIWQ,Female,0,No,No,3,Yes,No,Fiber optic,No,No,No,No,No,No,Month-to-month,Yes,Electronic check,69.85,199.85,0,0-12,1,1,1,66.61666666666666,2
0002-ORFBO,Female,0,Yes,Yes,9,Yes,No,DSL,No,Yes,No,Yes,Yes,No,One year,Yes,Mailed check,65.6,593.3,0,0-12,0,4,1,65.92222222222222,1
3324-OIRTO,Male,0,Yes,Yes,71,Yes,No,Fiber optic,Yes,Yes,Yes,No,Yes,Yes,One year,Yes,Bank transfer (automatic),104.65,7288.4,0,60-72,0,6,1,102.65352112676055,1
5414-OFQCB,Male,0,No,No,57,Yes,Yes,Fiber optic,No,No,No,Yes,Yes,No,Two year,Yes,Credit card (automatic),90.45,5229.8,0,48-60,0,4,1,91.75087719298246,0
4967-WPNCF,Male,0,No,No,72,No,No,DSL,Yes,Yes,Yes,Yes,Yes,Yes,Two year,Yes,Bank transfer (automatic),63.7,4464.8,0,60-72,0,6,0,62.01111111111111,0
8552-OBVRU,Female,1,Yes,Yes,48,Yes,No,Fiber optic,Yes,No,Yes,Yes,Yes,Yes,Month-to-month,Yes,Electronic check,104.5,5068.05,0,36-48,0,6,1,105.58437500000001,2
8499-BRXTD,Male,0,No,No,18,Yes,No,No,No,No,No,No,No,No,One year,No,Mailed check,20.1,401.85,0,12-24,0,1,0,22.325000000000003,1
9154-QDGTH,Male,0,Yes,Yes,43,Yes,Yes,Fiber optic,No,No,Yes,Yes,Yes,Yes,One year,Yes,Credit card (automatic),104.3,4451.85,0,36-48,0,6,1,103.53139534883722,1
8197-BFWVU,Female,0,Yes,Yes,72,Yes,Yes,DSL,Yes,Yes,Yes,Yes,Yes,Yes,Two year,Yes,Bank transfer (automatic),93.25,6688.95,0,60-72,0,8,1,92.90208333333334,0
2577-GVSIL,Male,0,Yes,Yes,35,Yes,Yes,DSL,No,No,No,Yes,Yes,Yes,One year,Yes,Bank transfer (automatic),73.45,2661.1,0,24-36,0,5,1,76.03142857142856,1
9367-OIUXP,Male,0,No,No,4,Yes,No,No,No,No,No,No,No,No,Month-to-month,No,Mailed check,20.7,73.05,0,0-12,1,1,0,18.2625,2
6770-UAYGJ,Female,0,Yes,Yes,49,Yes,Yes,No,No,No,No,No,No,No,Two year,No,Mailed check,25.25,1211.65,0,48-60,0,2,0,24.727551020408164,0
6463-HHXJR,Female,0,Yes,Yes,71,Yes,Yes,Fiber optic,Yes,Yes,Yes,No,Yes,No,Two year,No,Bank transfer (automatic),100.5,7030.65,0,60-72,0,6,1,99.02323943661972,0
7928-VJYAB,Male,0,Yes,Yes,11,Yes,No,Fiber optic,No,No,No,No,Yes,Yes,Month-to-month,No,Electronic check,90.6,1020.2,0,0-12,0,3,1,92.74545454545455,2
1187-WILMM,Male,0,Yes,Yes,63,Yes,Yes,DSL,Yes,Yes,Yes,Yes,Yes,Yes,Two year,Yes,Credit card (automatic),89.4,5597.65,0,60-72,0,8,1,88.8515873015873,0
9776-OJUZI,Female,1,No,No,65,Yes,Yes,Fiber optic,No,Yes,Yes,No,Yes,No,Month-to-month,Yes,Bank transfer (automatic),95.45,6223.3,0,60-72,0,5,1,95.74307692307693,2
1306-RPWXZ,Female,0,No,Yes,49,Yes,No,No,No,No,No,No,No,No,Two year,No,Credit card (automatic),20.45,1024.65,0,48-60,0,1,0,20.91122448979592,0
8949-JTMAY,Female,0,No,No,29,Yes,Yes,Fiber optic,No,No,Yes,No,Yes,Yes,Month-to-month,Yes,Credit card (automatic),98.6,2933.2,1,24-36,0,5,1,101.14482758620689,2
2774-LVQUS,Female,1,Yes,No,15,Yes,Yes,Fiber optic,No,No,Yes,Yes,No,No,Month-to-month,Yes,Electronic check,83.05,1258.3,1,12-24,0,4,1,83.88666666666667,2
3097-PYWXL,Female,0,Yes,Yes,4,Yes,No,No,No,No,No,No,No,No,Month-to-month,Yes,Electronic check,19.95,82.9,0,0-12,1,1,0,20.725,2
2266-SJNAT,Female,0,Yes,No,72,Yes,Yes,Fiber optic,No,Yes,Yes,Yes,Yes,Yes,One year,No,Credit card (automatic),109.15,7789.6,0,60-72,0,7,1,108.1888888888889,1
0869-PAPRP,Female,1,Yes,No,26,Yes,No,Fiber optic,No,No,Yes,No,Yes,No,Month-to-month,Yes,Credit card (automatic),85.7,2067.0,0,24-36,0,3,1,79.5,2
4238-JSSWH,Female,1,Yes,No,35,Yes,Yes,Fiber optic,No,No,Yes,No,Yes,Yes,Month-to-month,No,Bank transfer (automatic),102.05,3452.55,0,24-36,0,5,1,98.64428571428572,2
2972-YDYUW,Female,0,No,No,57,Yes,Yes,Fiber optic,No,Yes,No,Yes,No,Yes,One year,No,Electronic check,94.7,5468.95,0,48-60,0,5,1,95.94649122807017,1
1104-FEJAM,Male,0,Yes,Yes,28,Yes,Yes,DSL,No,Yes,No,No,No,Yes,Month-to-month,No,Electronic check,64.4,1802.15,0,24-36,0,4,1,64.3625,2
2809-ILCYT,Female,0,Yes,No,25,Yes,Yes,No,No,No,No,No,No,No,One year,Yes,Mailed check,26.8,733.55,0,24-36,0,2,0,29.342,1
5499-ECUTN,Female,0,Yes,No,47,Yes,No,DSL,Yes,No,Yes,No,Yes,No,One year,Yes,Credit card (automatic),66.05,3021.45,0,36-48,0,4,1,64.28617021276595,1
4981-FLTMF,Female,0,Yes,Yes,57,Yes,Yes,DSL,Yes,Yes,No,Yes,No,No,Month-to-month,No,Bank transfer (automatic),65.2,3687.85,0,48-60,0,5,1,64.69912280701755,2
9121-PHQSR,Male,1,Yes,No,16,Yes,Yes,Fiber optic,No,No,No,No,Yes,No,Month-to-month,Yes,Credit card (automatic),85.05,1391.15,0,12-24,0,3,1,86.946875,2
3113-IWHLC,Male,0,No,No,5,Yes,No,DSL,Yes,No,Yes,No,No,No,Month-to-month,Yes,Mailed check,55.8,274.35,0,0-12,1,3,1,54.870000000000005,2
3211-ILJTT,Male,0,Yes,No,17,Yes,No,Fiber optic,No,No,No,No,No,No,Month-to-month,Yes,Bank transfer (automatic),70.4,1214.05,1,12-24,0,1,1,71.41470588235293,2
4612-THJBS,Female,1,No,No,56,Yes,Yes,Fiber optic,No,Yes,Yes,No,Yes,Yes,One year,Yes,Bank transfer (automatic),104.75,5510.65,1,48-60,0,6,1,98.40446428571428,1
4277-BWBML,Male,0,Yes,Yes,72,Yes,No,No,No,No,No,No,No,No,Two year,No,Bank transfer (automatic),19.95,1322.85,0,60-72,0,1,0,18.372916666666665,0
4094-NSEDU,Female,1,No,No,21,Yes,Yes,Fiber optic,No,No,No,No,Yes,Yes,Month-to-month,Yes,Electronic check,94.25,1973.75,1,12-24,0,4,1,93.98809523809524,2
0234-TEVTT,Female,0,Yes,Yes,48,No,No,DSL,Yes,No,Yes,No,No,Yes,One year,No,Credit card (automatic),45.0,2196.3,0,36-48,0,3,0,45.75625,1
4304-TSPVK,Female,0,Yes,No,68,Yes,Yes,Fiber optic,Yes,Yes,Yes,Yes,Yes,Yes,Two year,No,Bank transfer (automatic),114.9,7843.55,0,60-72,0,8,1,115.34632352941176,0
1552-AAGRX,Female,0,No,No,30,Yes,Yes,Fiber optic,Yes,No,No,Yes,Yes,Yes,Month-to-month,No,Bank transfer (automatic),106.4,3211.9,0,24-36,0,6,1,107.06333333333333,2
2637-FKFSY,Female,0,Yes,No,3,Yes,No,DSL,No,No,No,No,No,No,Month-to-month,Yes,Mailed check,46.1,130.15,0,0-12,1,1,1,43.38333333333333,2
9796-MVYXX,Female,1,No,No,14,No,No,DSL,Yes,No,Yes,Yes,No,No,Two year,No,Mailed check,39.7,692.35,0,12-24,0,3,0,49.45357142857143,0
7874-ECPQJ,Female,0,No,Yes,4,Yes,No,No,No,No,No,No,No,No,Month-to-month,Yes,Bank transfer (automatic),20.05,85.5,0,0-12,1,1,0,21.375,2
0020-INWCK,Female,0,Yes,Yes,71,Yes,Yes,Fiber optic,No,Yes,Yes,No,No,Yes,Two year,Yes,Credit card (automatic),95.75,6849.4,0,60-72,0,5,1,96.47042253521126,0
7089-RKVSZ,Male,0,Yes,Yes,8,Yes,Yes,No,No,No,No,No,No,No,One year,No,Mailed check,24.4,203.95,0,0-12,0,2,0,25.49375,1
2683-JXWQQ,Male,0,Yes,Yes,61,No,No,DSL,Yes,No,Yes,No,No,No,Month-to-month,No,Bank transfer (automatic),33.6,2117.2,0,60-72,0,2,0,34.708196721311474,2
9548-ZMVTX,Male,0,Yes,Yes,72,Yes,Yes,Fiber optic,No,Yes,Yes,Yes,No,No,Two year,No,Bank transfer (automatic),90.45,6565.85,0,60-72,0,5,1,91.19236111111111,0
8739-XNIKG,Female,0,No,No,5,Yes,Yes,Fiber optic,No,No,No,No,Yes,No,Month-to-month,Yes,Electronic check,84.0,424.75,0,0-12,1,3,1,84.95,2
9755-JHNMN,Female,0,No,No,49,Yes,No,DSL,Yes,Yes,Yes,Yes,No,No,Two year,No,Bank transfer (automatic),67.4,3306.85,0,48-60,0,5,1,67.48673469387755,0
3981-QSVQI,Male,0,No,No,8,Yes,No,No,No,No,No,No,No,No,Month-to-month,Yes,Bank transfer (automatic),19.7,168.9,0,0-12,0,1,0,21.1125,2
2789-HQBOU,Male,0,No,No,3,Yes,No,Fiber optic,No,No,No,No,No,Yes,Month-to-month,Yes,Electronic check,80.35,253.8,0,0-12,1,2,1,84.60000000000001,2
9424-CMPOG,Male,0,Yes,Yes,9,Yes,No,No,No,No,No,No,No,No,Two year,No,Mailed check,19.6,197.4,0,0-12,0,1,0,21.933333333333334,0
5067-WJEUN,Male,0,Yes,Yes,67,Yes,No,DSL,Yes,Yes,No,No,No,No,Two year,Yes,Bank transfer (automatic),54.2,3838.2,0,60-72,0,3,1,57.286567164179104,0
3450-WXOAT,Male,0,No,No,46,Yes,No,DSL,No,No,No,No,No,No,Month-to-month,Yes,Credit card (automatic),45.2,2065.15,0,36-48,0,1,1,44.8945652173913,2
9251-WNSOD,Female,0,Yes,No,67,Yes,Yes,DSL,Yes,Yes,Yes,No,No,Yes,One year,No,Mailed check,75.1,5064.45,0,60-72,0,6,1,75.58880597014925,1
6974-DAFLI,Female,0,Yes,No,55,Yes,No,No,No,No,No,No,No,No,One year,No,Electronic check,19.7,1140.05,0,48-60,0,1,0,20.728181818181817,1
2616-UUTFK,Male,0,Yes,No,33,Yes,Yes,DSL,Yes,Yes,Yes,No,Yes,No,Month-to-month,Yes,Bank transfer (automatic),72.75,2447.45,0,24-36,0,6,1,74.1651515151515,2
7064-JHXCE,Male,0,Yes,Yes,62,Yes,No,No,No,No,No,No,No,No,Two year,No,Credit card (automatic),20.05,1263.9,0,60-72,0,1,0,20.385483870967743,0
5103-MHMHY,Female,0,No,Yes,1,Yes,No,DSL,No,No,No,No,No,No,Month-to-month,No,Mailed check,45.95,45.95,1,0-12,1,1,1,45.95,2
7989-AWGEH,Male,0,Yes,Yes,49,No,No,DSL,Yes,No,No,No,No,Yes,Month-to-month,Yes,Electronic check,39.2,1838.15,0,48-60,0,2,0,37.51326530612245,2
4373-VVHQL,Male,0,No,No,1,Yes,No,DSL,No,No,No,No,No,No,Month-to-month,Yes,Electronic check,44.75,44.75,0,0-12,1,1,1,44.75,2
4559-UWIHT,Male,0,Yes,No,14,Yes,Yes,Fiber optic,No,Yes,Yes,No,No,No,Month-to-month,Yes,Electronic check,82.65,1185.0,0,12-24,0,4,1,84.64285714285714,2
7268-IGMFD,Male,1,No,No,18,Yes,Yes,Fiber optic,No,No,Yes,Yes,Yes,No,Month-to-month,No,Bank transfer (automatic),93.9,1743.9,0,12-24,0,5,1,96.88333333333334,2
1846-XWOQN,Female,1,No,No,1,Yes,No,Fiber optic,No,No,No,No,No,No,Month-to-month,Yes,Electronic check,70.15,70.15,1,0-12,1,1,1,70.15,2
0235-KGSLC,Female,0,No,No,1,Yes,No,Fiber optic,No,No,Yes,No,Yes,No,Month-to-month,Yes,Credit card (automatic),85.55,85.55,1,0-12,1,3,1,85.55,2
6650-BWFRT,Female,0,Yes,No,72,Yes,Yes,Fiber optic,Yes,Yes,Yes,Yes,Yes,Yes,Two year,Yes,Credit card (automatic),117.15,8529.5,0,60-72,0,8,1,118.46527777777777,0
9570-KYEUA,Male,0,No,No,64,Yes,Yes,Fiber optic,Yes,No,Yes,Yes,No,Yes,Two year,No,Credit card (automatic),99.25,6549.45,0,60-72,0,6,1,102.33515625,0
6993-YGFJV,Male,0,Yes,No,69,Yes,Yes,Fiber optic,Yes,Yes,Yes,Yes,Yes,Yes,Two year,Yes,Bank transfer (automatic),112.55,7806.5,0,60-72,0,8,1,113.1376811594203,0
2712-SYWAY,Female,0,No,No,1,Yes,Yes,No,No,No,No,No,No,No,Month-to-month,Yes,Electronic check,25.7,25.7,0,0-12,1,2,0,25.7,2
0730-BGQGF,Male,0,Yes,Yes,71,Yes,Yes,DSL,Yes,Yes,Yes,Yes,Yes,Yes,Two year,No,Credit card (automatic),90.3,6287.3,0,60-72,0,8,1,88.55352112676057,0
5498-IBWPI,Female,0,Yes,Yes,66,Yes,No,DSL,No,No,No,Yes,No,No,One year,Yes,Credit card (automatic),49.4,3251.85,0,60-72,0,2,1,49.27045454545454,1
9101-NTIXF,Male,0,No,No,2,Yes,No,No,No,No,No,No,No,No,Month-to-month,No,Mailed check,19.4,50.6,0,0-12,1,1,0,25.3,2
0013-SMEOE,Female,1,Yes,No,71,Yes,No,Fiber optic,Yes,Yes,Yes,Yes,Yes,Yes,Two year,Yes,Bank transfer (automatic),109.7,7904.25,0,60-72,0,7,1,111.3274647887324,0
9314-QDMDW,Male,0,No,No,11,Yes,No,DSL,No,Yes,No,No,Yes,No,One year,Yes,Electronic check,61.25,729.95,0,0-12,0,3,1,66.35909090909091,1
9308-ANMVE,Male,0,No,Yes,47,Yes,No,DSL,Yes,Yes,No,No,No,No,Month-to-month,Yes,Electronic check,55.3,2654.05,0,36-48,0,3,1,56.469148936170214,2
2884-GBPFB,Female,0,Yes,No,35,Yes,No,Fiber optic,No,No,No,No,No,No,Month-to-month,Yes,Electronic check,70.3,2416.55,1,24-36,0,1,1,69.04428571428572,2
3757-NJYBX,Male,1,Yes,No,32,Yes,Yes,Fiber optic,No,Yes,Yes,No,Yes,Yes,Month-to-month,No,Bank transfer (automatic),106.35,3520.75,1,24-36,0,6,1,110.0234375,2
3413-DHLPB,Male,0,Yes,Yes,60,Yes,Yes,Fiber optic,No,Yes,No,Yes,Yes,Yes,Month-to-month,Yes,Bank transfer (automatic),103.75,5969.95,0,48-60,0,6,1,99.49916666666667,2
7649-PHJVR,Male,0,No,No,11,Yes,No,No,No,No,No,No,No,No,One year,No,Mailed check,19.5,226.8,0,0-12,0,1,0,20.61818181818182,1
6114-TCFID,Female,0,No,No,29,No,No,DSL,Yes,Yes,No,Yes,No,No,One year,No,Credit card (automatic),39.5,1082.75,0,24-36,0,3,0,37.33620689655172,1
3787-TRIAL,Male,0,Yes,Yes,21,No,No,DSL,No,No,No,No,No,No,Month-to-month,Yes,Electronic check,26.05,565.75,0,12-24,0,0,0,26.94047619047619,2
2573-GYRUU,Male,1,Yes,No,48,Yes,Yes,Fiber optic,No,No,Yes,No,No,Yes,Month-to-month,Yes,Credit card (automatic),91.05,4370.75,0,36-48,0,4,1,91.05729166666667,2
5156-UMKOW,Female,0,No,Yes,3,No,No,DSL,No,Yes,No,No,No,No,Month-to-month,No,Mailed check,29.65,90.05,0,0-12,1,1,0,30.016666666666666,2
1247-QBVSH,Female,0,Yes,Yes,43,Yes,No,DSL,No,Yes,No,No,No,No,Month-to-month,No,Mailed check,50.2,2169.4,0,36-48,0,2,1,50.45116279069768,2
6734-GMPVK,Male,0,No,No,5,Yes,Yes,Fiber optic,No,Yes,Yes,No,Yes,Yes,Month-to-month,No,Electronic check,105.3,550.6,0,0-12,1,6,1,110.12,2
9822-OAOVB,Female,0,No,No,1,Yes,No,DSL,No,No,No,No,No,Yes,Month-to-month,Yes,Electronic check,55.45,55.45,0,0-12,1,2,1,55.45,2
6161-ERDGD,Male,0,Yes,Yes,71,Yes,Yes,DSL,Yes,No,Yes,Yes,Yes,Yes,One year,No,Electronic check,85.45,6300.85,0,60-72,0,7,1,88.7443661971831,1
1226-JZNKR,Female,0,Yes,Yes,8,Yes,No,No,No,No,No,No,No,No,One year,No,Electronic check,19.8,160.05,0,0-12,0,1,0,20.00625,1
7318-EIVKO,Male,0,No,No,8,Yes,Yes,DSL,No,No,No,No,Yes,No,Month-to-month,Yes,Electronic check,59.25,436.6,0,0-12,0,3,1,54.575,2
3771-PZOBW,Male,0,No,No,20,Yes,Yes,Fiber optic,No,No,Yes,No,Yes,No,Month-to-month,Yes,Credit card (automatic),90.7,1781.35,0,12-24,0,4,1,89.0675,2
5136-KCKGI,Female,0,Yes,Yes,33,Yes,Yes,Fiber optic,Yes,No,Yes,No,Yes,Yes,One year,Yes,Mailed check,103.7,3467.0,1,24-36,0,6,1,105.06060606060606,1
8231-BSWXX,Male,0,No,No,71,Yes,Yes,Fiber optic,No,Yes,No,No,No,No,One year,Yes,Credit card (automatic),79.05,5552.5,0,60-72,0,3,1,78.20422535211267,1
6486-LHTMA,Female,1,Yes,No,31,Yes,Yes,Fiber optic,No,No,Yes,No,Yes,No,One year,Yes,Electronic check,90.7,2835.5,0,24-36,0,4,1,91.46774193548387,1
4083-BFNYK,Female,1,Yes,No,38,Yes,Yes,Fiber optic,Yes,Yes,No,No,No,Yes,One year,No,Credit card (automatic),95.0,3591.25,0,36-48,0,5,1,94.50657894736842,1
3722-WPXTK,Male,0,No,No,1,Yes,No,Fiber optic,No,No,No,No,Yes,Yes,Month-to-month,Yes,Electronic check,88.35,88.35,1,0-12,1,3,1,88.35,2
7389-KBFIT,Female,0,Yes,Yes,2,No,No,DSL,No,Yes,No,No,No,No,Month-to-month,Yes,Mailed check,30.25,63.75,0,0-12,1,1,0,31.875,2
7176-WIONM,Female,0,Yes,No,12,No,No,DSL,No,No,Yes,No,Yes,Yes,Month-to-month,Yes,Bank transfer (automatic),49.85,617.15,0,0-12,0,3,0,51.42916666666667,2
5141-ZUVBH,Female,0,No,Yes,9,Yes,No,Fiber optic,Yes,No,Yes,Yes,No,Yes,Month-to-month,No,Bank transfer (automatic),93.0,870.25,0,0-12,0,5,1,96.69444444444444,2
1089-HDMKP,Male,1,No,Yes,11,Yes,No,DSL,No,Yes,No,Yes,No,No,Month-to-month,Yes,Electronic check,54.55,601.25,0,0-12,0,3,1,54.65909090909091,2
7623-HKYRK,Male,0,No,Yes,6,Yes,No,No,No,No,No,No,No,No,Month-to-month,No,Mailed check,19.7,111.65,0,0-12,1,1,0,18.608333333333334,2
0310-SUCIN,Female,0,Yes,No,71,Yes,No,DSL,Yes,Yes,Yes,Yes,Yes,Yes,One year,Yes,Bank transfer (automatic),84.8,6046.1,0,60-72,0,7,1,85.15633802816902,1
5197-PYEPU,Female,0,Yes,Yes,42,Yes,Yes,Fiber optic,Yes,Yes,No,No,Yes,No,One year,Yes,Credit card (automatic),94.45,3923.8,0,36-48,0,5,1,93.42380952380952,1
2929-ERCFZ,Female,0,Yes,Yes,8,Yes,No,Fiber optic,No,No,Yes,No,Yes,Yes,Month-to-month,Yes,Electronic check,94.2,777.3,1,0-12,0,4,1,97.1625,2
7548-SEPYI,Female,0,No,No,5,Yes,No,Fiber optic,No,Yes,No,No,Yes,Yes,Month-to-month,Yes,Electronic check,96.25,512.45,1,0-12,1,4,1,102.49000000000001,2
8835-VSDSE,Female,0,Yes,No,2,Yes,No,Fiber optic,No,No,No,No,No,No,Month-to-month,Yes,Electronic check,70.7,141.45,1,0-12,1,1,1,70.725,2
6619-RPLQZ,Female,0,Yes,Yes,45,Yes,No,No,No,No,No,No,No,No,Two year,No,Mailed check,20.85,892.15,0,36-48,0,1,0,19.825555555555557,0
3275-RHRNE,Male,0,Yes,Yes,28,No,No,DSL,No,Yes,Yes,Yes,Yes,Yes,One year,Yes,Credit card (automatic),60.0,1682.05,0,24-36,0,5,0,60.073214285714286,1
3503-TYDAY,Female,0,Yes,No,43,Yes,Yes,Fiber optic,No,Yes,No,No,No,No,Month-to-month,No,Electronic check,80.45,3398.9,0,36-48,0,3,1,79.04418604651163,2
6901-GOGZG,Male,0,No,Yes,60,Yes,Yes,DSL,Yes,No,Yes,Yes,Yes,Yes,Two year,Yes,Electronic check,84.95,4984.85,0,48-60,0,7,1,83.08083333333335,0
1623-NLDOT,Female,0,Yes,No,42,No,No,DSL,No,Yes,No,Yes,No,No,One year,No,Mailed check,33.55,1445.3,1,36-48,0,2,0,34.41190476190476,1
7021-XSNYE,Male,0,Yes,Yes,7,No,No,DSL,Yes,No,Yes,Yes,No,Yes,Two year,No,Credit card (automatic),49.65,305.55,0,0-12,0,4,0,43.65,0
9621-OUPYD,Female,0,Yes,No,25,Yes,No,No,No,No,No,No,No,No,One year,Yes,Bank transfer (automatic),20.2,507.9,0,24-36,0,1,0,20.316,1
9898-KZQDZ,Female,1,Yes,Yes,40,Yes,Yes,Fiber optic,No,No,No,No,Yes,Yes,Month-to-month,Yes,Credit card (automatic),94.55,3640.45,1,36-48,0,4,1,91.01124999999999,2
8982-NHAVY,Male,0,No,No,27,Yes,Yes,Fiber optic,No,No,Yes,No,Yes,Yes,One year,Yes,Bank transfer (automatic),100.5,2673.45,0,24-36,0,5,1,99.01666666666667,1
4307-KWMXE,Male,0,No,No,10,No,No,DSL,No,Yes,No,Yes,No,No,Month-to-month,No,Electronic check,35.75,389.8,0,0-12,0,2,0,38.980000000000004,2
0141-YEAYS,Female,1,No,No,27,Yes,Yes,Fiber optic,No,Yes,Yes,No,No,No,Month-to-month,Yes,Bank transfer (automatic),86.45,2401.05,0,24-36,0,4,1,88.92777777777779,2
2450-ZKEED,Female,0,No,No,11,Yes,No,DSL,No,No,Yes,Yes,No,No,One year,No,Bank transfer (automatic),53.8,651.55,0,0-12,0,3,1,59.23181818181818,1
3694-DELSO,Male,0,Yes,Yes,4,No,No,DSL,Yes,No,No,No,Yes,No,Month-to-month,No,Credit card (automatic),38.55,156.1,0,0-12,1,2,0,39.025,2
3893-JRNFS,Male,0,No,No,68,No,No,DSL,No,No,Yes,No,No,Yes,Month-to-month,Yes,Bank transfer (automatic),39.9,2796.35,0,60-72,0,2,0,41.12279411764706,2
9603-OAIHC,Male,1,No,No,1,Yes,No,Fiber optic,No,No,No,No,No,No,Month-to-month,Yes,Electronic check,70.05,70.05,0,0-12,1,1,1,70.05,2
1133-KXCGE,Female,0,No,No,18,Yes,No,No,No,No,No,No,No,No,One year,No,Mailed check,20.1,407.05,0,12-24,0,1,0,22.61388888888889,1
5236-PERKL,Female,0,No,No,57,Yes,Yes,Fiber optic,Yes,Yes,Yes,No,Yes,Yes,Two year,Yes,Bank transfer (automatic),112.95,6465.0,1,48-60,0,7,1,113.42105263157895,0
0142-GVYSN,Male,0,No,No,26,Yes,No,No,No,No,No,No,No,No,Month-to-month,Yes,Electronic check,20.3,511.25,0,24-36,0,1,0,19.66346153846154,2
1049-FYSYG,Female,0,Yes,No,17,No,No,DSL,No,Yes,Yes,No,No,No,Month-to-month,Yes,Credit card (automatic),35.65,646.05,0,12-24,0,2,0,38.002941176470586,2
7854-FOKSF,Male,0,No,No,1,No,No,DSL,No,No,No,No,No,Yes,Month-to-month,No,Electronic check,35.9,35.9,1,0-12,1,1,0,35.9,2
2519-FAKOD,Male,0,No,Yes,38,Yes,Yes,Fiber optic,No,No,Yes,No,Yes,Yes,Month-to-month,Yes,Bank transfer (automatic),99.25,3777.15,1,36-48,0,5,1,99.39868421052631,2
8406-LNMHF,Male,1,Yes,No,59,Yes,No,Fiber optic,Yes,Yes,Yes,No,No,No,One year,Yes,Credit card (automatic),82.95,4903.15,0,48-60,0,4,1,83.1042372881356,1
1821-BUCWY,Male,0,No,No,30,Yes,No,DSL,Yes,No,Yes,No,No,No,Two year,Yes,Mailed check,55.65,1653.85,0,24-36,0,3,1,55.12833333333333,0
8263-JQAIK,Male,1,No,No,2,No,No,DSL,No,No,No,No,No,No,Month-to-month,Yes,Mailed check,24.45,47.5,1,0-12,1,0,0,23.75,2
0023-UYUPN,Female,1,Yes,No,50,Yes,Yes,No,No,No,No,No,No,No,One year,No,Electronic check,25.2,1306.3,0,48-60,0,2,0,26.125999999999998,1
8314-DPQHL,Male,0,No,No,9,No,No,DSL,Yes,No,Yes,Yes,No,Yes,One year,No,Mailed check,50.8,463.6,0,0-12,0,4,0,51.51111111111111,1
1465-WCZVT,Female,0,Yes,Yes,3,Yes,No,No,No,No,No,No,No,No,Month-to-month,No,Mailed check,19.65,60.65,0,0-12,1,1,0,20.216666666666665,2
9481-SFCQY,Female,0,No,Yes,14,Yes,No,DSL,No,No,Yes,No,Yes,No,Month-to-month,Yes,Credit card (automatic),59.8,824.85,0,12-24,0,3,1,58.917857142857144,2
6360-SVNWV,Female,1,No,No,31,Yes,No,Fiber optic,Yes,No,No,No,No,No,Month-to-month,Yes,Credit card (automatic),73.55,2094.65,0,24-36,0,2,1,67.56935483870969,2
0567-GGCAC,Female,0,No,No,7,Yes,No,DSL,Yes,Yes,Yes,No,No,No,Month-to-month,No,Electronic check,61.4,438.9,0,0-12,0,4,1,62.699999999999996,2
7089-IVVAZ,Female,0,No,No,8,Yes,Yes,Fiber optic,Yes,No,No,Yes,Yes,Yes,Month-to-month,Yes,Bank transfer (automatic),103.35,847.3,1,0-12,0,6,1,105.9125,2
8884-MRNSU,Male,0,Yes,Yes,17,Yes,No,No,No,No,No,No,No,No,One year,No,Bank transfer (automatic),19.9,329.75,0,12-24,0,1,0,19.397058823529413,1
2171-UDMFD,Male,0,Yes,Yes,32,Yes,No,No,No,No,No,No,No,No,Month-to-month,Yes,Credit card (automatic),19.45,674.55,0,24-36,0,1,0,21.0796875,2
9050-IKDZA,Female,1,No,No,2,Yes,No,Fiber optic,No,No,No,No,Yes,No,Month-to-month,No,Mailed check,81.5,162.55,0,0-12,1,2,1,81.275,2
2205-YMZZJ,Male,1,No,No,7,Yes,Yes,Fiber optic,No,No,No,No,Yes,No,Month-to-month,Yes,Electronic check,84.8,546.95,1,0-12,0,3,1,78.13571428571429,2
9802-CAQUT,Female,0,Yes,Yes,72,Yes,Yes,Fiber optic,Yes,Yes,Yes,No,Yes,Yes,Two year,No,Credit card (automatic),109.55,7887.25,0,60-72,0,7,1,109.54513888888889,0
1254-IZEYF,Female,1,No,No,31,Yes,Yes,Fiber optic,No,Yes,No,No,Yes,Yes,Month-to-month,Yes,Electronic check,99.95,3186.65,1,24-36,0,5,1,102.79516129032258,2
0187-WZNAB,Female,0,Yes,Yes,27,Yes,No,Fiber optic,Yes,No,No,No,No,No,Month-to-month,No,Mailed check,74.4,1972.35,0,24-36,0,2,1,73.05,2
9492-TOKRI,Female,0,No,No,18,Yes,Yes,Fiber optic,No,Yes,No,No,Yes,No,Month-to-month,Yes,Credit card (automatic),90.0,1527.35,1,12-24,0,4,1,84.85277777777777,2
1475-VWVDO,Male,0,No,No,7,Yes,No,Fiber optic,No,No,Yes,No,No,No,Month-to-month,Yes,Electronic check,74.9,490.55,0,0-12,0,2,1,70.07857142857144,2
9221-OTIVJ,Female,1,No,No,14,Yes,Yes,Fiber optic,No,Yes,Yes,No,Yes,Yes,Month-to-month,Yes,Electronic check,104.85,1531.4,1,12-24,0,6,1,109.38571428571429,2
1357-MVDOZ,Male,0,Yes,Yes,11,Yes,No,DSL,No,No,Yes,No,Yes,No,Month-to-month,Yes,Bank transfer (automatic),59.65,683.25,0,0-12,0,3,1,62.11363636363637,2
7602-MVRMB,Female,0,Yes,Yes,72,Yes,Yes,Fiber optic,Yes,No,Yes,Yes,Yes,Yes,Two year,Yes,Bank transfer (automatic),110.45,8058.85,0,60-72,0,7,1,111.92847222222223,0
3325-FUYCG,Male,0,Yes,Yes,28,Yes,Yes,Fiber optic,Yes,Yes,No,No,Yes,Yes,One year,No,Electronic check,106.1,2847.4,1,24-36,0,6,1,101.69285714285715,1
5908-QMGOE,Male,1,No,No,15,Yes,Yes,Fiber optic,No,No,No,No,No,No,Month-to-month,Yes,Credit card (automatic),74.2,1133.9,1,12-24,0,2,1,75.59333333333333,2
1197-BVMVG,Female,1,No,No,4,Yes,Yes,Fiber optic,No,No,No,No,No,No,Month-to-month,Yes,Electronic check,74.45,294.45,0,0-12,1,2,1,73.6125,2
5406-KGRMX,Female,0,No,No,71,Yes,Yes,No,No,No,No,No,No,No,Two year,No,Electronic check,24.55,1719.15,0,60-72,0,2,0,24.213380281690142,0
8481-YYXWG,Female,0,No,No,5,Yes,No,Fiber optic,No,Yes,No,Yes,No,Yes,Month-to-month,Yes,Electronic check,89.35,461.7,1,0-12,1,4,1,92.34,2
5968-HYJRZ,Male,0,Yes,Yes,47,Yes,Yes,No,No,No,No,No,No,No,Two year,No,Mailed check,24.55,1160.45,0,36-48,0,2,0,24.690425531914894,0
5198-EFNBM,Male,1,Yes,No,57,Yes,No,Fiber optic,No,Yes,Yes,No,Yes,No,One year,Yes,Electronic check,90.65,5199.8,0,48-60,0,4,1,91.22456140350877,1
7516-GMHUV,Male,1,Yes,No,50,Yes,Yes,Fiber optic,Yes,No,Yes,No,Yes,Yes,Two year,Yes,Credit card (automatic),105.05,5163.3,0,48-60,0,6,1,103.266,0
7140-ADSMJ,Male,0,No,No,8,Yes,No,No,No,No,No,No,No,No,Month-to-month,Yes,Credit card (automatic),20.45,162.3,0,0-12,0,1,0,20.2875,2
2230-XTUWL,Female,0,Yes,Yes,48,Yes,No,No,No,No,No,No,No,No,Two year,No,Mailed check,19.55,883.35,0,36-48,0,1,0,18.403125,0
7706-YLMQA,Female,0,No,No,70,Yes,No,No,No,No,No,No,No,No,One year,No,Bank transfer (automatic),19.7,1341.5,0,60-72,0,1,0,19.164285714285715,1
2585-KTFRE,Male,0,No,Yes,1,Yes,No,DSL,Yes,Yes,No,Yes,No,Yes,Month-to-month,Yes,Bank transfer (automatic),70.45,70.45,0,0-12,1,5,1,70.45,2
7994-UYIVZ,Male,0,Yes,No,8,Yes,Yes,Fiber optic,No,No,No,No,No,Yes,Month-to-month,Yes,Bank transfer (automatic),85.65,659.45,0,0-12,0,3,1,82.43125,2
2609-IAICY,Female,0,No,No,1,Yes,Yes,Fiber optic,No,No,No,No,No,No,Month-to-month,Yes,Electronic check,77.15,77.15,1,0-12,1,2,1,77.15,2
1740-CSDJP,Male,0,No,No,1,No,No,DSL,No,No,No,No,No,Yes,Month-to-month,Yes,Bank transfer (automatic),35.25,35.25,1,0-12,1,1,0,35.25,2
7717-BICXI,Male,0,Yes,Yes,60,Yes,No,No,No,No,No,No,No,No,Two year,No,Mailed check,20.55,1205.05,0,48-60,0,1,0,20.084166666666665,0
6559-RAKOZ,Male,0,Yes,Yes,49,Yes,Yes,Fiber optic,No,No,No,Yes,Yes,Yes,One year,Yes,Electronic check,97.95,4917.9,0,48-60,0,5,1,100.36530612244897,1
2636-OHFMN,Male,0,Yes,No,4,No,No,DSL,No,Yes,No,No,Yes,Yes,Month-to-month,Yes,Electronic check,48.55,201.0,1,0-12,1,3,0,50.25,2
4716-MRVEN,Female,0,No,No,29,Yes,No,No,No,No,No,No,No,No,One year,No,Mailed check,20.0,599.3,0,24-36,0,1,0,20.66551724137931,1
2143-LJULT,Female,0,Yes,No,67,Yes,Yes,No,No,No,No,No,No,No,Two year,Yes,Credit card (automatic),25.25,1733.15,0,60-72,0,2,0,25.867910447761194,0
1323-OOEPC,Female,0,Yes,No,53,Yes,Yes,Fiber optic,No,Yes,No,No,Yes,Yes,Month-to-month,Yes,Credit card (automatic),98.4,5149.5,1,48-60,0,5,1,97.16037735849056,2
3200-MNQTF,Male,0,Yes,No,67,Yes,Yes,DSL,Yes,Yes,Yes,Yes,No,No,Two year,No,Credit card (automatic),70.9,4677.1,0,60-72,0,6,1,69.80746268656716,0
6164-HXUGH,Female,0,Yes,Yes,6,Yes,No,No,No,No,No,No,No,No,Month-to-month,No,Mailed check,19.85,119.3,0,0-12,1,1,0,19.883333333333333,2
5630-IXDXV,Female,0,No,No,47,Yes,Yes,Fiber optic,No,Yes,Yes,No,Yes,Yes,Month-to-month,Yes,Electronic check,106.35,4849.1,0,36-48,0,6,1,103.17234042553193,2
0320-DWVTU,Female,0,No,No,53,Yes,No,Fiber optic,Yes,Yes,Yes,Yes,No,Yes,Two year,No,Mailed check,99.5,5424.25,0,48-60,0,6,1,102.34433962264151,0
9135-MGVPY,Male,0,Yes,No,69,Yes,No,DSL,Yes,Yes,Yes,Yes,Yes,Yes,Two year,Yes,Mailed check,84.7,5878.9,0,60-72,0,7,1,85.20144927536231,0
1212-GLHMD,Male,0,No,No,3,Yes,No,Fiber optic,Yes,No,No,No,No,Yes,Month-to-month,Yes,Mailed check,86.05,244.85,0,0-12,1,3,1,81.61666666666666,2
7878-JGDKK,Male,0,No,No,4,Yes,No,DSL,No,No,No,No,No,No,Month-to-month,No,Mailed check,44.55,220.75,0,0-12,1,1,1,55.1875,2
1088-AUUZZ,Male,0,Yes,Yes,56,Yes,Yes,DSL,Yes,Yes,No,Yes,No,Yes,Two year,Yes,Credit card (automatic),75.85,4261.2,0,48-60,0,6,1,76.09285714285714,0
0397-GZBBC,Male,1,Yes,No,59,Yes,Yes,Fiber optic,No,No,No,No,Yes,Yes,Month-to-month,Yes,Bank transfer (automatic),93.85,5574.75,1,48-60,0,4,1,94.48728813559322,2
6614-YWYSC,Male,1,Yes,No,61,Yes,Yes,No,No,No,No,No,No,No,Two year,No,Bank transfer (automatic),25.0,1501.75,0,60-72,0,2,0,24.618852459016395,0
9588-OZDMQ,Female,0,Yes,No,2,Yes,No,DSL,No,No,No,No,No,No,Month-to-month,Yes,Electronic check,45.0,89.75,0,0-12,1,1,1,44.875,2
7641-EUYET,Male,1,Yes,Yes,46,Yes,Yes,Fiber optic,Yes,Yes,Yes,No,Yes,No,Month-to-month,Yes,Electronic check,100.7,4541.2,1,36-48,0,6,1,98.72173913043478,2
6476-EPYZR,Male,0,Yes,Yes,12,Yes,No,No,No,No,No,No,No,No,Month-to-month,No,Mailed check,20.5,255.5,0,0-12,0,1,0,21.291666666666668,2
9921-ZVRHG,Female,0,No,No,14,Yes,Yes,Fiber optic,No,No,Yes,No,No,No,Month-to-month,Yes,Electronic check,80.45,1072.0,1,12-24,0,3,1,76.57142857142857,2
1174-FGIFN,Female,0,Yes,Yes,28,Yes,Yes,Fiber optic,No,No,No,Yes,No,Yes,One year,Yes,Electronic check,90.45,2509.25,0,24-36,0,4,1,89.61607142857143,1
6620-HVDUJ,Male,0,No,No,24,Yes,No,DSL,Yes,Yes,No,Yes,No,No,Month-to-month,No,Bank transfer (automatic),60.45,1440.75,0,12-24,0,4,1,60.03125,2
4701-MLJPN,Male,0,No,No,31,Yes,No,DSL,No,No,Yes,Yes,No,No,Month-to-month,Yes,Electronic check,55.25,1715.65,1,24-36,0,3,1,55.343548387096774,2
1032-MAELW,Female,0,Yes,Yes,68,Yes,Yes,DSL,Yes,Yes,Yes,Yes,No,Yes,One year,Yes,Electronic check,78.45,5333.35,0,60-72,0,7,1,78.43161764705883,1
7641-TQFHN,Male,0,No,Yes,39,Yes,Yes,Fiber optic,No,No,No,Yes,Yes,Yes,Two year,No,Mailed check,100.55,3895.35,0,36-48,0,5,1,99.88076923076923,0
1552-TKMXS,Female,0,Yes,No,42,Yes,No,No,No,No,No,No,No,No,Month-to-month,No,Credit card (automatic),20.35,869.9,0,36-48,0,1,0,20.711904761904762,2
9206-GVPEQ,Male,0,Yes,No,13,No,No,DSL,Yes,No,No,Yes,Yes,Yes,Month-to-month,Yes,Electronic check,54.45,706.85,1,12-24,0,4,0,54.37307692307692,2
8622-ZLFKO,Female,0,Yes,No,6,Yes,Yes,Fiber optic,No,Yes,No,No,No,Yes,Month-to-month,Yes,Electronic check,90.75,512.25,0,0-12,1,4,1,85.375,2
1596-BBVTG,Male,0,No,No,35,Yes,Yes,Fiber optic,No,No,No,No,No,No,Month-to-month,No,Credit card (automatic),75.35,2636.05,1,24-36,0,2,1,75.3157142857143,2
6188-UXBBR,Female,0,Yes,No,38,Yes,No,No,No,No,No,No,No,No,One year,Yes,Credit card (automatic),20.25,814.75,0,36-48,0,1,0,21.44078947368421,1
2333-KWEWW,Male,0,No,No,18,Yes,No,No,No,No,No,No,No,No,Two year,No,Credit card (automatic),20.05,388.6,0,12-24,0,1,0,21.58888888888889,0
5702-SKUOB,Female,0,Yes,No,4,Yes,No,No,No,No,No,No,No,No,Month-to-month,No,Mailed check,19.6,93.45,0,0-12,1,1,0,23.3625,2
1134-YWTYF,Male,0,Yes,No,27,Yes,No,DSL,No,Yes,No,Yes,No,No,Month-to-month,Yes,Electronic check,53.8,1389.85,0,24-36,0,3,1,51.47592592592592,2
6061-GWWAV,Male,0,No,Yes,41,Yes,No,DSL,Yes,Yes,Yes,No,Yes,No,One year,No,Mailed check,70.2,2894.55,0,36-48,0,5,1,70.59878048780489,1
0679-TDGAK,Male,0,Yes,Yes,50,Yes,No,DSL,Yes,No,No,Yes,Yes,Yes,One year,No,Electronic check,75.5,4025.6,0,48-60,0,5,1,80.512,1
6585-WCEWR,Male,0,Yes,Yes,72,Yes,No,No,No,No,No,No,No,No,Two year,No,Electronic check,20.35,1354.4,0,60-72,0,1,0,18.811111111111114,0
9067-YGSCA,Female,0,No,No,70,Yes,Yes,No,No,No,No,No,No,No,One year,No,Credit card (automatic),26.05,1856.4,0,60-72,0,2,0,26.52,1
9067-SQTNS,Male,0,Yes,Yes,44,Yes,No,No,No,No,No,No,No,No,One year,No,Bank transfer (automatic),20.6,926.0,0,36-48,0,1,0,21.045454545454547,1
8433-WXGNA,Male,0,No,No,2,Yes,No,Fiber optic,Yes,No,No,No,No,No,Month-to-month,Yes,Electronic check,75.7,189.2,1,0-12,1,2,1,94.6,2
1776-SPBWV,Female,0,Yes,Yes,34,Yes,No,No,No,No,No,No,No,No,One year,Yes,Bank transfer (automatic),20.1,682.1,0,24-36,0,1,0,20.061764705882354,1
8735-SDUFN,Female,1,Yes,No,72,Yes,Yes,No,No,No,No,No,No,No,Two year,No,Bank transfer (automatic),24.3,1778.7,0,60-72,0,2,0,24.704166666666666,0
9668-PUGNU,Male,0,Yes,No,71,Yes,Yes,No,No,No,No,No,No,No,Two year,Yes,Electronic check,24.5,1816.2,0,60-72,0,2,0,25.580281690140847,0
9405-GPBBG,Female,0,No,No,64,Yes,Yes,Fiber optic,No,Yes,Yes,Yes,Yes,Yes,Two year,Yes,Credit card (automatic),110.5,7069.25,0,60-72,0,7,1,110.45703125,0
1926-QUZNN,Female,0,Yes,No,72,Yes,Yes,No,No,No,No,No,No,No,Two year,Yes,Bank transfer (automatic),25.25,1841.2,0,60-72,0,2,0,25.572222222222223,0
3707-GNWHM,Male,0,No,No,1,Yes,Yes,Fiber optic,No,No,No,No,No,No,Month-to-month,Yes,Mailed check,74.25,74.25,1,0-12,1,2,1,74.25,2
7016-NVRIC,Male,1,Yes,No,29,Yes,No,Fiber optic,Yes,No,Yes,No,No,Yes,One year,No,Bank transfer (automatic),90.1,2656.7,0,24-36,0,4,1,91.6103448275862,1
5829-NVSQN,Female,0,Yes,No,23,Yes,No,DSL,Yes,No,Yes,Yes,No,Yes,One year,Yes,Bank transfer (automatic),68.75,1689.45,0,12-24,0,5,1,73.45434782608696,1
9565-AXSMR,Male,0,Yes,Yes,52,Yes,No,No,No,No,No,No,No,No,Two year,No,Mailed check,19.2,1054.75,0,48-60,0,1,0,20.283653846153847,0
8922-LIEGH,Female,1,No,No,25,Yes,Yes,Fiber optic,No,Yes,No,No,No,Yes,Month-to-month,Yes,Electronic check,89.7,2187.55,1,24-36,0,4,1,87.50200000000001,2
8869-LIHMK,Female,0,No,No,64,Yes,Yes,Fiber optic,Yes,Yes,Yes,Yes,Yes,Yes,Two year,Yes,Bank transfer (automatic),115.1,7334.05,0,60-72,0,8,1,114.59453125,0
8245-UMPYT,Female,1,No,No,16,Yes,Yes,Fiber optic,No,No,No,No,Yes,Yes,Month-to-month,Yes,Electronic check,96.4,1581.2,1,12-24,0,4,1,98.825,2
5186-SAMNZ,Male,1,No,No,1,Yes,No,Fiber optic,No,No,No,No,No,No,Month-to-month,Yes,Bank transfer (automatic),69.5,69.5,1,0-12,1,1,1,69.5,2
0447-RXSGD,Male,0,No,No,24,Yes,Yes,Fiber optic,No,Yes,No,No,Yes,Yes,Month-to-month,Yes,Bank transfer (automatic),99.65,2404.85,0,12-24,0,5,1,100.20208333333333,2
4927-WWOOZ,Male,0,Yes,No,2,Yes,Yes,Fiber optic,No,No,Yes,No,Yes,No,Month-to-month,Yes,Electronic check,91.45,171.45,0,0-12,1,4,1,85.725,2
5788-YPOEG,Female,0,Yes,Yes,34,Yes,No,DSL,Yes,Yes,Yes,Yes,Yes,Yes,Two year,No,Mailed check,84.75,2839.45,0,24-36,0,7,1,83.51323529411764,0
5373-SFODM,Male,1,Yes,No,36,Yes,Yes,Fiber optic,No,No,No,No,No,Yes,Month-to-month,Yes,Credit card (automatic),85.25,3132.75,1,24-36,0,3,1,87.02083333333333,2
0661-KBKPA,Male,0,Yes,Yes,53,Yes,Yes,DSL,No,No,Yes,Yes,Yes,Yes,One year,Yes,Mailed check,78.75,3942.45,0,48-60,0,6,1,74.38584905660377,1
9081-WWXKP,Female,0,Yes,Yes,47,Yes,No,No,No,No,No,No,No,No,Two year,No,Credit card (automatic),20.25,873.4,0,36-48,0,1,0,18.582978723404256,0
0784-ZQJZX,Male,0,No,Yes,72,Yes,No,No,No,No,No,No,No,No,Two year,No,Credit card (automatic),19.9,1529.65,0,60-72,0,1,0,21.24513888888889,0
3133-PZNSR,Male,0,Yes,Yes,72,Yes,Yes,Fiber optic,Yes,Yes,No,Yes,No,Yes,Two year,Yes,Credit card (automatic),97.75,6991.6,0,60-72,0,6,1,97.10555555555555,0
5766-ZJYBB,Male,0,No,No,1,Yes,No,No,No,No,No,No,No,No,Month-to-month,No,Mailed check,19.4,19.4,1,0-12,1,1,0,19.4,2
8931-GJJIQ,Female,0,No,No,9,Yes,Yes,Fiber optic,No,No,No,No,No,Yes,Month-to-month,Yes,Electronic check,83.3,803.3,1,0-12,0,3,1,89.25555555555555,2
4277-PVRAN,Female,0,No,No,8,Yes,No,Fiber optic,No,No,No,No,Yes,No,Month-to-month,Yes,Bank transfer (automatic),80.1,679.3,1,0-12,0,2,1,84.9125,2
0022-TCJCI,Male,1,No,No,45,Yes,No,DSL,Yes,No,Yes,No,No,Yes,One year,No,Credit card (automatic),62.7,2791.5,1,36-48,0,4,1,62.03333333333333,1
0722-SVSFK,Female,0,No,No,7,Yes,No,Fiber optic,No,No,Yes,Yes,Yes,Yes,Month-to-month,Yes,Electronic check,100.4,715.0,0,0-12,0,5,1,102.14285714285714,2
3612-YVGSJ,Female,0,Yes,No,71,Yes,Yes,No,No,No,No,No,No,No,Two year,Yes,Credit card (automatic),24.45,1681.6,0,60-72,0,2,0,23.68450704225352,0
9825-YCXWZ,Female,1,No,No,41,Yes,No,Fiber optic,No,No,Yes,Yes,Yes,Yes,One year,Yes,Bank transfer (automatic),101.1,4016.2,0,36-48,0,5,1,97.9560975609756,1
5397-NSKQG,Male,0,Yes,Yes,67,No,No,DSL,Yes,No,No,No,Yes,Yes,Two year,No,Credit card (automatic),50.9,3281.65,0,60-72,0,3,0,48.97985074626866,0
8565-HBFNN,Male,0,Yes,No,69,Yes,Yes,Fiber optic,Yes,Yes,Yes,Yes,No,Yes,One year,Yes,Credit card (automatic),107.2,7317.1,0,60-72,0,7,1,106.0449275362319,1
2000-DHJUY,Female,1,Yes,No,70,Yes,Yes,DSL,Yes,Yes,Yes,Yes,Yes,Yes,Two year,Yes,Bank transfer (automatic),92.2,6474.45,0,60-72,0,8,1,92.49214285714285,0
0203-HHYIJ,Male,0,No,No,25,Yes,Yes,No,No,No,No,No,No,No,One year,No,Bank transfer (automatic),25.3,676.35,1,24-36,0,2,0,27.054000000000002,1
8670-ERCJH,Male,0,No,No,72,Yes,Yes,Fiber optic,Yes,Yes,Yes,Yes,Yes,Yes,Two year,No,Bank transfer (automatic),113.4,8164.1,0,60-72,0,8,1,113.39027777777778,0
7758-UJWYS,Male,0,Yes,Yes,34,No,No,DSL,No,No,No,Yes,Yes,No,Two year,Yes,Electronic check,40.55,1325.85,0,24-36,0,2,0,38.995588235294115,0
2050-ONYDQ,Female,0,Yes,Yes,65,Yes,Yes,No,No,No,No,No,No,No,Two year,No,Credit card (automatic),26.0,1654.85,0,60-72,0,2,0,25.459230769230768,0
7055-JCGNI,Female,0,No,No,70,Yes,Yes,Fiber optic,Yes,Yes,Yes,Yes,Yes,Yes,Two year,Yes,Credit card (automatic),111.95,7795.95,0,60-72,0,8,1,111.37071428571429,0
0739-UUAJR,Female,0,Yes,Yes,72,No,No,DSL,Yes,No,Yes,No,Yes,Yes,Two year,Yes,Credit card (automatic),53.8,3952.45,0,60-72,0,4,0,54.89513888888889,0
4826-DXMUP,Male,0,No,Yes,35,Yes,No,DSL,No,No,No,Yes,Yes,Yes,One year,Yes,Mailed check,72.1,2495.15,0,24-36,0,4,1,71.29,1
0952-KMEEH,Male,0,No,No,13,Yes,Yes,Fiber optic,Yes,No,No,No,Yes,Yes,Month-to-month,No,Mailed check,98.15,1230.25,1,12-24,0,5,1,94.63461538461539,2
7285-KLOTR,Female,0,Yes,No,12,Yes,Yes,DSL,Yes,No,Yes,No,Yes,Yes,One year,No,Electronic check,78.85,876.75,0,0-12,0,6,1,73.0625,1
0654-PQKDW,Female,0,Yes,Yes,62,Yes,No,DSL,Yes,No,Yes,Yes,Yes,No,One year,Yes,Bank transfer (automatic),70.75,4263.45,0,60-72,0,5,1,68.76532258064516,1
7175-NTIXE,Female,0,No,No,25,Yes,No,DSL,Yes,No,No,Yes,Yes,Yes,Month-to-month,Yes,Credit card (automatic),76.15,1992.95,0,24-36,0,5,1,79.718,2
7963-SHNDT,Female,0,No,No,52,No,No,DSL,Yes,Yes,No,Yes,No,No,Two year,No,Mailed check,39.1,1982.1,0,48-60,0,3,0,38.11730769230769,0
9796-BPKIW,Male,1,No,No,8,Yes,No,Fiber optic,No,No,No,No,No,No,Month-to-month,Yes,Credit card (automatic),69.95,562.7,0,0-12,0,1,1,70.3375,2
0188-GWFLE,Male,0,No,No,2,Yes,No,No,No,No,No,No,No,No,Month-to-month,No,Mailed check,20.05,33.7,0,0-12,1,1,0,16.85,2
8129-GMVGI,Female,0,Yes,Yes,56,Yes,No,No,No,No,No,No,No,No,Two year,No,Mailed check,20.05,1090.1,0,48-60,0,1,0,19.46607142857143,0
2882-DDZPG,Female,0,No,No,12,Yes,No,No,No,No,No,No,No,No,Month-to-month,No,Bank transfer (automatic),19.45,227.45,0,0-12,0,1,0,18.954166666666666,2
3547-LQRIK,Female,0,Yes,No,47,Yes,Yes,No,No,No,No,No,No,No,One year,No,Electronic check,26.9,1250.85,0,36-48,0,2,0,26.613829787234042,1
9137-NOQKA,Male,1,No,No,2,Yes,No,No,No,No,No,No,No,No,Month-to-month,No,Electronic check,19.2,37.2,0,0-12,1,1,0,18.6,2
5843-TTHGI,Female,0,No,No,18,Yes,No,DSL,No,No,Yes,No,No,No,Month-to-month,Yes,Mailed check,50.0,892.7,0,12-24,0,2,1,49.59444444444445,2
1849-RJYIG,Female,0,No,No,8,Yes,No,DSL,Yes,No,No,No,Yes,No,Month-to-month,Yes,Electronic check,60.0,487.75,0,0-12,0,3,1,60.96875,2
8868-GAGIO,Male,0,Yes,No,45,Yes,Yes,Fiber optic,Yes,No,Yes,No,No,No,Month-to-month,Yes,Mailed check,84.55,3713.95,0,36-48,0,4,1,82.53222222222222,2
4061-UKJWL,Male,0,No,No,3,Yes,No,DSL,No,No,No,No,No,No,Month-to-month,No,Mailed check,45.45,141.7,0,0-12,1,1,1,47.23333333333333,2
5380-XPJNZ,Female,0,No,No,38,Yes,No,No,No,No,No,No,No,No,One year,No,Mailed check,20.05,678.2,0,36-48,0,1,0,17.847368421052632,1
8263-QMNTJ,Male,0,Yes,No,72,Yes,Yes,Fiber optic,Yes,Yes,Yes,Yes,Yes,Yes,Two year,Yes,Electronic check,115.55,8425.3,0,60-72,0,8,1,117.01805555555555,0
8178-EYZUO,Male,0,No,No,46,Yes,Yes,Fiber optic,Yes,Yes,No,No,No,Yes,Month-to-month,Yes,Electronic check,93.7,4154.8,1,36-48,0,5,1,90.32173913043479,2
3230-JCNZS,Female,0,Yes,Yes,71,Yes,Yes,Fiber optic,Yes,Yes,Yes,No,Yes,No,Two year,Yes,Credit card (automatic),99.0,7061.65,0,60-72,0,6,1,99.45985915492957,0
0277-ORXQS,Male,0,Yes,Yes,66,No,No,DSL,No,No,No,Yes,Yes,Yes,Two year,No,Bank transfer (automatic),50.55,3364.55,0,60-72,0,3,0,50.97803030303031,0
5130-IEKQT,Male,1,No,No,25,Yes,Yes,Fiber optic,No,Yes,Yes,No,Yes,Yes,Month-to-month,No,Mailed check,105.95,2655.25,1,24-36,0,6,1,106.21,2
3230-WYKIR,Male,0,No,No,18,Yes,Yes,DSL,No,No,Yes,Yes,Yes,Yes,One year,Yes,Credit card (automatic),82.0,1425.45,1,12-24,0,6,1,79.19166666666666,1
7996-BPXHY,Female,0,Yes,Yes,13,Yes,Yes,No,No,No,No,No,No,No,Two year,Yes,Bank transfer (automatic),25.0,332.5,0,12-24,0,2,0,25.576923076923077,0
3227-WLKLI,Female,0,Yes,Yes,65,Yes,Yes,DSL,Yes,Yes,Yes,Yes,Yes,Yes,Two year,No,Bank transfer (automatic),91.55,5963.95,0,60-72,0,8,1,91.75307692307692,0
0407-BDJKB,Male,0,Yes,No,60,Yes,Yes,Fiber optic,No,Yes,Yes,No,Yes,No,Month-to-month,Yes,Electronic check,95.75,5742.9,1,48-60,0,5,1,95.71499999999999,2
2266-FUBDZ,Male,0,Yes,Yes,15,Yes,No,No,No,No,No,No,No,No,Two year,No,Mailed check,19.35,278.85,0,12-24,0,1,0,18.59,0
8237-ULIXL,Female,0,Yes,No,72,Yes,Yes,No,No,No,No,No,No,No,Two year,No,Credit card (automatic),24.85,1871.85,0,60-72,0,2,0,25.997916666666665,0
9600-UDOPK,Male,0,Yes,No,30,Yes,Yes,Fiber optic,No,No,No,No,Yes,Yes,Month-to-month,Yes,Credit card (automatic),94.05,2866.45,1,24-36,0,4,1,95.54833333333333,2
8216-AZUUZ,Female,0,Yes,Yes,42,Yes,No,Fiber optic,No,No,Yes,Yes,Yes,Yes,Two year,Yes,Electronic check,100.4,4303.65,0,36-48,0,5,1,102.46785714285713,0
9153-BTBVV,Female,0,Yes,No,71,Yes,Yes,No,No,No,No,No,No,No,Two year,No,Bank transfer (automatic),25.0,1753.0,0,60-72,0,2,0,24.690140845070424,0
4074-SJFFA,Female,0,No,No,1,Yes,No,DSL,No,No,No,No,No,Yes,Month-to-month,Yes,Mailed check,54.75,54.75,1,0-12,1,2,1,54.75,2
3269-ATYWD,Male,1,No,No,39,Yes,Yes,Fiber optic,No,No,No,No,Yes,Yes,Month-to-month,Yes,Bank transfer (automatic),95.65,3759.05,1,36-48,0,4,1,96.38589743589743,2
5186-PEIZU,Female,0,No,No,35,Yes,No,No,No,No,No,No,No,No,Month-to-month,No,Bank transfer (automatic),19.25,617.65,0,24-36,0,1,0,17.647142857142857,2
1074-AMIOH,Female,0,Yes,Yes,53,Yes,No,Fiber optic,No,Yes,Yes,Yes,Yes,Yes,Month-to-month,Yes,Bank transfer (automatic),108.25,5935.1,0,48-60,0,6,1,111.98301886792453,2
4910-GMJOT,Female,0,No,No,1,Yes,Yes,Fiber optic,No,No,No,No,Yes,Yes,Month-to-month,Yes,Electronic check,94.6,94.6,1,0-12,1,4,1,94.6,2
0354-WYROK,Female,1,Yes,Yes,31,Yes,No,Fiber optic,No,No,Yes,Yes,Yes,Yes,Month-to-month,Yes,Electronic check,98.9,2911.3,1,24-36,0,5,1,93.91290322580646,2
4361-FEBGN,Male,0,No,No,48,Yes,No,No,No,No,No,No,No,No,Two year,No,Credit card (automatic),20.15,982.95,0,36-48,0,1,0,20.478125000000002,0
7748-UMTRK,Female,1,No,Yes,30,Yes,Yes,Fiber optic,No,No,No,Yes,Yes,Yes,Month-to-month,Yes,Electronic check,101.3,2974.5,0,24-36,0,5,1,99.15,2
0380-ZCSBI,Male,0,No,No,10,Yes,No,No,No,No,No,No,No,No,Month-to-month,No,Credit card (automatic),20.0,198.7,0,0-12,0,1,0,19.869999999999997,2
7145-FEJWU,Female,0,No,Yes,12,Yes,Yes,Fiber optic,No,Yes,Yes,No,Yes,Yes,Month-to-month,Yes,Electronic check,105.3,1275.65,0,0-12,0,6,1,106.30416666666667,2
6463-MVYRY,Female,1,No,No,57,Yes,No,DSL,Yes,No,Yes,Yes,Yes,No,Two year,No,Bank transfer (automatic),69.85,4003.0,0,48-60,0,5,1,70.2280701754386,0
3969-JQABI,Female,0,Yes,No,58,Yes,No,DSL,Yes,Yes,No,No,Yes,No,Month-to-month,Yes,Credit card (automatic),65.25,3791.6,0,48-60,0,4,1,65.37241379310345,2
9624-EGDEQ,Female,0,No,No,37,Yes,No,No,No,No,No,No,No,No,Two year,No,Mailed check,19.8,813.3,0,36-48,0,1,0,21.98108108108108,0
1051-EQPZR,Female,0,Yes,Yes,44,Yes,No,No,No,No,No,No,No,No,Month-to-month,No,Mailed check,19.6,780.25,0,36-48,0,1,0,17.732954545454547,2
5849-ASHZJ,Male,0,No,Yes,27,Yes,No,No,No,No,No,No,No,No,One year,No,Credit card (automatic),20.05,552.9,0,24-36,0,1,0,20.477777777777778,1
5780-INQIK,Female,0,No,No,8,Yes,No,DSL,No,No,No,Yes,No,No,Month-to-month,No,Electronic check,49.4,408.25,0,0-12,0,2,1,51.03125,2
7576-OYWBN,Male,1,No,No,3,Yes,Yes,Fiber optic,No,No,No,No,No,No,Month-to-month,Yes,Electronic check,76.05,231.8,1,0-12,1,2,1,77.26666666666667,2
4526-ZJJTM,Female,1,Yes,No,25,Yes,No,Fiber optic,No,Yes,Yes,No,No,Yes,Month-to-month,No,Bank transfer (automatic),88.4,2191.15,0,24-36,0,4,1,87.646,2
8384-FZBJK,Female,0,Yes,Yes,57,Yes,Yes,Fiber optic,No,Yes,No,No,Yes,Yes,Month-to-month,Yes,Electronic check,100.6,5611.7,0,48-60,0,5,1,98.45087719298245,2
3750-RNQKR,Female,0,No,No,12,Yes,No,No,No,No,No,No,No,No,Month-to-month,No,Mailed check,19.45,246.25,0,0-12,0,1,0,20.520833333333332,2
0962-CQPWQ,Female,0,Yes,Yes,62,Yes,No,No,No,No,No,No,No,No,Two year,No,Bank transfer (automatic),20.3,1296.15,0,60-72,0,1,0,20.905645161290323,0
3096-YXENJ,Female,0,Yes,No,65,Yes,Yes,Fiber optic,No,Yes,Yes,Yes,Yes,Yes,Two year,Yes,Bank transfer (automatic),107.65,7082.85,0,60-72,0,7,1,108.96692307692308,0
1265-BCFEO,Female,0,Yes,No,71,Yes,Yes,DSL,No,No,Yes,Yes,Yes,Yes,Two year,Yes,Bank transfer (automatic),80.45,5662.25,0,60-72,0,6,1,79.75,0
5837-LXSDN,Female,0,Yes,Yes,21,Yes,No,DSL,No,Yes,No,No,Yes,No,One year,Yes,Credit card (automatic),58.85,1215.45,0,12-24,0,3,1,57.87857142857143,1
5945-AZYHT,Male,0,Yes,No,71,Yes,Yes,Fiber optic,Yes,Yes,Yes,No,Yes,Yes,One year,Yes,Electronic check,109.6,7854.15,0,60-72,0,7,1,110.6218309859155,1
8325-QRPZR,Female,0,No,No,7,Yes,No,Fiber optic,No,No,Yes,No,No,No,Month-to-month,Yes,Electronic check,75.15,525.0,0,0-12,0,2,1,75.0,2
6384-VMJHP,Female,0,No,No,72,Yes,No,DSL,Yes,Yes,Yes,Yes,No,Yes,Two year,Yes,Credit card (automatic),73.0,5265.2,0,60-72,0,6,1,73.12777777777778,0
2262-SLNVK,Female,0,No,No,1,Yes,No,Fiber optic,No,No,No,No,No,No,Month-to-month,No,Electronic check,70.1,70.1,0,0-12,1,1,1,70.1,2
7730-CLDSV,Female,0,Yes,Yes,72,Yes,Yes,Fiber optic,No,Yes,Yes,Yes,No,Yes,Two year,Yes,Bank transfer (automatic),98.65,7129.45,0,60-72,0,6,1,99.02013888888888,0
1135-HIORI,Female,0,Yes,Yes,64,Yes,Yes,Fiber optic,No,Yes,Yes,Yes,Yes,Yes,One year,Yes,Electronic check,111.45,7266.95,0,60-72,0,7,1,113.54609375,1
0164-APGRB,Female,0,No,No,72,Yes,Yes,Fiber optic,Yes,Yes,Yes,Yes,Yes,Yes,Two year,Yes,Electronic check,114.9,8496.7,0,60-72,0,8,1,118.00972222222224,0
6481-ESCNL,Female,0,No,No,29,Yes,Yes,Fiber optic,No,No,Yes,No,Yes,Yes,Month-to-month,No,Bank transfer (automatic),100.55,2878.75,0,24-36,0,5,1,99.26724137931035,2
1790-NESIO,Female,0,No,No,13,Yes,No,No,No,No,No,No,No,No,Two year,Yes,Mailed check,20.4,261.3,0,12-24,0,1,0,20.1,0
1550-EENBN,Female,0,No,No,31,Yes,Yes,Fiber optic,Yes,Yes,No,No,Yes,Yes,Month-to-month,No,Electronic check,104.35,3205.6,0,24-36,0,6,1,103.40645161290323,2
5539-TMZLF,Male,1,No,No,1,Yes,No,Fiber optic,No,No,No,No,No,No,Month-to-month,Yes,Electronic check,69.75,69.75,1,0-12,1,1,1,69.75,2
4323-SADQS,Male,0,Yes,Yes,7,No,No,DSL,Yes,No,No,Yes,No,No,Month-to-month,Yes,Electronic check,34.5,279.25,1,0-12,0,2,0,39.892857142857146,2
4446-BZKHU,Male,0,Yes,No,61,Yes,Yes,Fiber optic,No,Yes,Yes,No,Yes,Yes,Month-to-month,Yes,Electronic check,105.55,6281.45,1,60-72,0,6,1,102.97459016393442,2
5202-IVJNU,Female,0,No,Yes,39,No,No,DSL,No,No,Yes,No,No,No,Month-to-month,No,Credit card (automatic),30.1,1131.3,1,36-48,0,1,0,29.007692307692306,2
5976-JCJRH,Male,0,Yes,No,10,Yes,No,Fiber optic,No,No,No,No,No,No,Month-to-month,Yes,Electronic check,70.3,738.2,1,0-12,0,1,1,73.82000000000001,2
8198-RKSZG,Female,0,Yes,Yes,14,Yes,Yes,DSL,No,Yes,No,Yes,Yes,Yes,Month-to-month,No,Credit card (automatic),80.45,1137.05,0,12-24,0,6,1,81.21785714285714,2
0137-OCGAB,Female,0,No,No,1,Yes,Yes,Fiber optic,No,Yes,No,No,No,No,Month-to-month,Yes,Mailed check,80.2,80.2,1,0-12,1,3,1,80.2,2
3351-NQLDI,Female,0,Yes,Yes,67,Yes,Yes,Fiber optic,Yes,No,No,Yes,No,Yes,One year,Yes,Credit card (automatic),94.35,6341.45,1,60-72,0,5,1,94.64850746268657,1
9297-EONCV,Female,0,No,No,72,Yes,Yes,DSL,Yes,Yes,Yes,Yes,Yes,Yes,Two year,Yes,Bank transfer (automatic),91.35,6697.2,0,60-72,0,8,1,93.01666666666667,0
7593-JNWRU,Male,0,Yes,Yes,6,Yes,No,DSL,No,No,No,No,No,No,Month-to-month,Yes,Bank transfer (automatic),44.6,260.8,1,0-12,1,1,1,43.46666666666667,2
4588-YBNIB,Female,0,No,No,1,Yes,No,No,No,No,No,No,No,No,Month-to-month,Yes,Mailed check,19.6,19.6,1,0-12,1,1,0,19.6,2
1069-QJOEE,Male,0,Yes,Yes,25,Yes,No,No,No,No,No,No,No,No,One year,No,Electronic check,19.9,505.45,0,24-36,0,1,0,20.218,1
3336-JORSO,Female,1,No,No,33,Yes,Yes,Fiber optic,No,Yes,Yes,Yes,Yes,Yes,Month-to-month,Yes,Electronic check,110.45,3655.45,1,24-36,0,7,1,110.77121212121212,2
7799-DSEWS,Male,0,No,No,18,Yes,No,DSL,Yes,No,Yes,Yes,Yes,No,Month-to-month,Yes,Electronic check,68.35,1299.8,0,12-24,0,5,1,72.21111111111111,2
8766-PAFNE,Male,0,Yes,No,71,Yes,No,DSL,No,Yes,Yes,Yes,Yes,Yes,Two year,Yes,Credit card (automatic),79.1,5564.85,0,60-72,0,6,1,78.3781690140845,0
5315-CKEQK,Male,1,Yes,Yes,28,Yes,Yes,DSL,No,No,No,No,No,No,One year,Yes,Electronic check,51.0,1381.8,0,24-36,0,2,1,49.35,1
3130-ICDUP,Female,0,No,Yes,2,Yes,Yes,Fiber optic,Yes,No,No,No,No,No,Month-to-month,No,Credit card (automatic),80.55,188.1,0,0-12,1,3,1,94.05,2
0820-FNRNX,Male,0,Yes,Yes,17,Yes,Yes,DSL,No,Yes,Yes,Yes,No,No,Month-to-month,Yes,Mailed check,66.7,1077.05,0,12-24,0,5,1,63.35588235294117,2
0880-FVFWF,Male,0,No,No,56,Yes,Yes,Fiber optic,Yes,Yes,No,No,No,No,Month-to-month,Yes,Electronic check,86.4,4922.4,0,48-60,0,4,1,87.89999999999999,2
4611-ANLQC,Female,0,Yes,No,60,No,No,DSL,Yes,Yes,Yes,No,No,Yes,One year,No,Electronic check,50.05,2911.5,0,48-60,0,4,0,48.525,1
4213-HKBJO,Female,0,No,No,33,Yes,Yes,No,No,No,No,No,No,No,Two year,No,Credit card (automatic),25.7,826.1,0,24-36,0,2,0,25.033333333333335,0
2792-LSHWX,Female,0,No,No,1,Yes,No,Fiber optic,Yes,Yes,No,Yes,No,No,Month-to-month,Yes,Mailed check,83.4,83.4,0,0-12,1,4,1,83.4,2
5028-GZLDO,Male,0,No,No,2,Yes,No,Fiber optic,No,No,No,No,No,No,Month-to-month,No,Credit card (automatic),70.7,140.7,1,0-12,1,1,1,70.35,2
0014-BMAQU,Male,0,Yes,No,63,Yes,Yes,Fiber optic,Yes,No,No,Yes,No,No,Two year,Yes,Credit card (automatic),84.65,5377.8,0,60-72,0,4,1,85.36190476190477,0
6861-XWTWQ,Male,1,Yes,No,7,Yes,Yes,Fiber optic,No,No,Yes,No,Yes,Yes,Month-to-month,Yes,Electronic check,99.25,665.45,1,0-12,0,5,1,95.06428571428572,2
9018-PCIOK,Female,0,No,No,55,Yes,No,DSL,No,Yes,Yes,No,No,Yes,Two year,Yes,Mailed check,64.75,3617.1,0,48-60,0,4,1,65.76545454545455,0
4837-QUSFT,Female,0,Yes,No,65,Yes,Yes,Fiber optic,Yes,Yes,No,Yes,Yes,No,One year,Yes,Bank transfer (automatic),100.15,6643.5,0,60-72,0,6,1,102.20769230769231,1
6877-TJMBR,Male,0,Yes,No,1,Yes,No,Fiber optic,No,No,No,Yes,Yes,No,Month-to-month,Yes,Electronic check,84.8,84.8,1,0-12,1,3,1,84.8,2
9953-ZMKSM,Male,0,No,No,63,Yes,Yes,No,No,No,No,No,No,No,Two year,No,Mailed check,25.25,1559.3,0,60-72,0,2,0,24.75079365079365,0
0907-HQNTS,Female,1,Yes,No,70,Yes,Yes,Fiber optic,Yes,Yes,Yes,Yes,Yes,Yes,Two year,Yes,Credit card (automatic),113.0,7987.6,0,60-72,0,8,1,114.10857142857144,0
7665-NKLAV,Female,0,Yes,Yes,36,No,No,DSL,Yes,No,Yes,Yes,No,No,Two year,No,Credit card (automatic),40.65,1547.35,0,24-36,0,3,0,42.981944444444444,0
6769-DCQLI,Male,0,No,No,52,Yes,No,Fiber optic,No,Yes,Yes,Yes,Yes,Yes,One year,Yes,Bank transfer (automatic),105.0,5426.85,1,48-60,0,6,1,104.36250000000001,1
2433-KMEAS,Male,0,No,No,22,Yes,Yes,DSL,Yes,No,No,No,No,No,Month-to-month,Yes,Electronic check,54.45,1127.35,1,12-24,0,3,1,51.24318181818182,2
4391-LNRXK,Male,0,No,No,22,Yes,No,Fiber optic,No,Yes,Yes,Yes,No,Yes,Month-to-month,Yes,Bank transfer (automatic),94.95,2142.8,0,12-24,0,5,1,97.4,2
8250-ZNGGW,Female,1,No,No,5,Yes,No,DSL,Yes,Yes,No,Yes,No,No,Month-to-month,No,Credit card (automatic),59.9,287.85,0,0-12,1,4,1,57.57000000000001,2
2195-ZRVAX,Female,0,Yes,No,47,Yes,No,Fiber optic,No,No,Yes,No,No,Yes,Month-to-month,Yes,Electronic check,85.3,4045.65,1,36-48,0,3,1,86.07765957446809,2
3550-SAHFP,Female,0,No,No,33,Yes,Yes,Fiber optic,No,No,No,No,No,Yes,Month-to-month,Yes,Electronic check,83.35,2757.85,1,24-36,0,3,1,83.57121212121211,2
2011-TRQYE,Male,0,No,No,18,No,No,DSL,No,Yes,Yes,No,No,No,Month-to-month,Yes,Credit card (automatic),33.5,600.0,1,12-24,0,2,0,33.333333333333336,2
8562-GHPPI,Female,0,No,No,1,Yes,No,No,No,No,No,No,No,No,Month-to-month,No,Credit card (automatic),19.8,19.8,0,0-12,1,1,0,19.8,2
5893-PYOLZ,Male,0,No,No,56,Yes,No,DSL,No,Yes,Yes,Yes,Yes,Yes,Two year,Yes,Credit card (automatic),81.8,4534.45,0,48-60,0,6,1,80.97232142857142,0
4986-MXSFP,Female,0,No,No,2,Yes,No,No,No,No,No,No,No,No,Month-to-month,Yes,Mailed check,20.0,40.9,0,0-12,1,1,0,20.45,2
6131-FOYAS,Male,0,No,No,35,Yes,Yes,DSL,Yes,No,Yes,No,No,No,Month-to-month,Yes,Electronic check,59.6,2094.9,0,24-36,0,4,1,59.854285714285716,2
3027-YNWZU,Female,0,Yes,No,64,Yes,Yes,No,No,No,No,No,No,No,Two year,No,Credit card (automatic),25.0,1584.8,0,60-72,0,2,0,24.7625,0
5609-IMCGG,Female,0,No,No,15,Yes,Yes,Fiber optic,Yes,No,Yes,No,No,No,Month-to-month,Yes,Credit card (automatic),84.35,1302.65,0,12-24,0,4,1,86.84333333333333,2
4873-ILOLJ,Male,0,No,No,24,Yes,No,Fiber optic,No,No,No,No,Yes,Yes,Month-to-month,Yes,Electronic check,90.35,2238.5,1,12-24,0,3,1,93.27083333333333,2
4727-MCYZG,Male,0,No,No,1,Yes,No,DSL,No,No,No,No,No,Yes,Month-to-month,No,Mailed check,55.55,55.55,0,0-12,1,2,1,55.55,2
9481-WHGWY,Female,0,Yes,Yes,70,Yes,No,DSL,Yes,No,No,Yes,Yes,Yes,Two year,No,Credit card (automatic),75.35,5437.75,0,60-72,0,5,1,77.68214285714286,0
2725-KXXWT,Male,0,Yes,No,1,Yes,No,Fiber optic,No,No,No,No,Yes,Yes,Month-to-month,Yes,Electronic check,90.75,90.75,1,0-12,1,3,1,90.75,2
9565-DJPIB,Female,0,No,Yes,4,Yes,Yes,Fiber optic,No,Yes,No,No,Yes,No,Month-to-month,No,Mailed check,89.6,365.65,1,0-12,1,4,1,91.4125,2
4328-VUFWD,Female,0,No,No,39,Yes,No,DSL,No,No,No,Yes,No,Yes,One year,No,Electronic check,59.3,2209.15,0,36-48,0,3,1,56.6448717948718,1
3301-LSLWQ,Female,0,No,No,29,Yes,Yes,DSL,Yes,No,No,No,No,Yes,Month-to-month,Yes,Electronic check,66.1,1912.15,0,24-36,0,4,1,65.93620689655172,2
7473-ZBDSN,Female,0,Yes,Yes,14,Yes,No,No,No,No,No,No,No,No,Two year,No,Mailed check,18.8,255.55,0,12-24,0,1,0,18.25357142857143,0
3166-PNEOF,Female,0,No,No,61,Yes,Yes,DSL,Yes,No,Yes,Yes,Yes,Yes,Two year,No,Credit card (automatic),86.45,5175.3,0,60-72,0,7,1,84.84098360655739,0
5639-NTUPK,Male,0,No,Yes,13,Yes,No,DSL,Yes,No,No,No,No,No,Month-to-month,Yes,Credit card (automatic),52.1,670.65,0,12-24,0,2,1,51.58846153846154,2
8780-YRMTT,Female,0,No,No,66,No,No,DSL,Yes,Yes,Yes,Yes,No,No,Two year,Yes,Mailed check,47.4,3177.25,0,60-72,0,4,0,48.140151515151516,0
8348-HFYIV,Male,0,No,No,2,No,No,DSL,No,No,Yes,No,Yes,Yes,Month-to-month,Yes,Electronic check,49.25,90.35,1,0-12,1,3,0,45.175,2
5140-FOMCQ,Female,0,Yes,No,59,Yes,Yes,Fiber optic,Yes,Yes,Yes,No,Yes,Yes,One year,Yes,Credit card (automatic),109.15,6557.75,0,48-60,0,7,1,111.14830508474576,1
6242-SGYTS,Male,0,Yes,Yes,62,Yes,Yes,Fiber optic,Yes,Yes,No,No,Yes,No,One year,Yes,Credit card (automatic),94.95,5791.85,0,60-72,0,5,1,93.41693548387097,1
8166-ORCHU,Male,1,Yes,No,33,Yes,No,Fiber optic,Yes,Yes,No,Yes,No,Yes,One year,Yes,Electronic check,93.55,3055.5,0,24-36,0,5,1,92.5909090909091,1
8414-OOEEL,Male,0,No,Yes,66,Yes,No,DSL,No,Yes,Yes,Yes,Yes,Yes,Two year,Yes,Credit card (automatic),79.5,5196.1,0,60-72,0,6,1,78.72878787878788,0
8454-AATJP,Female,0,No,No,72,Yes,Yes,Fiber optic,Yes,Yes,Yes,Yes,Yes,Yes,Two year,No,Credit card (automatic),115.05,8405.0,0,60-72,0,8,1,116.73611111111111,0
6849-WLEYG,Male,0,No,Yes,1,Yes,No,No,No,No,No,No,No,No,Month-to-month,No,Mailed check,19.75,19.75,1,0-12,1,1,0,19.75,2
4659-NZRUF,Female,0,No,No,19,Yes,Yes,Fiber optic,Yes,Yes,No,No,No,Yes,Month-to-month,Yes,Electronic check,95.15,1789.25,1,12-24,0,5,1,94.17105263157895,2
4531-AUZNK,Female,0,Yes,Yes,51,Yes,Yes,Fiber optic,Yes,No,No,Yes,Yes,No,One year,Yes,Mailed check,95.15,5000.05,0,48-60,0,5,1,98.04019607843138,1
4191-XOVOM,Male,0,No,No,63,Yes,Yes,Fiber optic,No,Yes,No,Yes,Yes,Yes,Month-to-month,No,Electronic check,105.4,6713.2,0,60-72,0,6,1,106.55873015873016,2
2150-OEGBV,Male,0,No,No,27,Yes,No,No,No,No,No,No,No,No,One year,No,Bank transfer (automatic),20.1,562.6,0,24-36,0,1,0,20.83703703703704,1
8429-XIBUM,Male,0,No,No,22,Yes,Yes,Fiber optic,Yes,No,No,No,Yes,Yes,Month-to-month,Yes,Bank transfer (automatic),101.35,2317.1,1,12-24,0,5,1,105.32272727272726,2
1855-CFULU,Female,1,No,No,4,Yes,No,No,No,No,No,No,No,No,Month-to-month,No,Mailed check,20.05,91.45,0,0-12,1,1,0,22.8625,2
4878-BUNFV,Male,0,Yes,Yes,42,Yes,No,No,No,No,No,No,No,No,Two year,No,Mailed check,20.7,828.85,0,36-48,0,1,0,19.73452380952381,0
1872-EBWSC,Female,0,No,No,29,Yes,No,No,No,No,No,No,No,No,One year,No,Mailed check,20.35,617.35,0,24-36,0,1,0,21.28793103448276,1
2608-BHKFN,Female,0,No,No,4,Yes,No,Fiber optic,No,No,No,No,No,No,Month-to-month,Yes,Credit card (automatic),70.05,266.9,1,0-12,1,1,1,66.725,2
7026-YMSBE,Male,0,No,No,30,Yes,No,No,No,No,No,No,No,No,One year,No,Mailed check,19.7,625.05,0,24-36,0,1,0,20.834999999999997,1
7341-LXCAF,Male,0,Yes,No,4,Yes,Yes,Fiber optic,No,No,No,No,No,No,Month-to-month,Yes,Electronic check,74.65,301.4,1,0-12,1,2,1,75.35,2
6997-UVGOX,Male,0,Yes,Yes,71,Yes,No,DSL,Yes,Yes,Yes,Yes,Yes,Yes,Two year,No,Bank transfer (automatic),85.45,6029.9,0,60-72,0,7,1,84.9281690140845,0
9674-EHPPG,Male,0,Yes,No,46,No,No,DSL,Yes,No,Yes,Yes,No,No,Two year,No,Credit card (automatic),40.4,1842.7,0,36-48,0,3,0,40.05869565217392,0
9462-MJUAW,Male,0,No,No,4,Yes,Yes,DSL,No,No,No,No,No,No,Month-to-month,No,Mailed check,50.4,206.6,1,0-12,1,2,1,51.65,2
8128-YVJRG,Female,0,No,No,7,Yes,Yes,Fiber optic,Yes,No,No,No,No,No,Month-to-month,Yes,Mailed check,79.65,604.7,1,0-12,0,3,1,86.38571428571429,2
5440-VHLUL,Male,0,No,No,69,Yes,Yes,Fiber optic,No,Yes,No,Yes,Yes,Yes,One year,Yes,Bank transfer (automatic),105.2,7386.05,0,60-72,0,6,1,107.04420289855072,1
5781-BKHOP,Female,0,Yes,No,72,Yes,Yes,Fiber optic,Yes,Yes,Yes,No,Yes,No,Two year,No,Bank transfer (automatic),100.65,7334.05,0,60-72,0,6,1,101.86180555555556,0
4283-FUTGF,Male,1,No,No,19,Yes,Yes,Fiber optic,No,No,Yes,No,No,No,Month-to-month,Yes,Electronic check,79.85,1471.75,1,12-24,0,3,1,77.46052631578948,2
5213-TWWJU,Male,0,No,No,28,Yes,No,Fiber optic,No,No,Yes,Yes,No,Yes,Month-to-month,No,Electronic check,91.0,2626.15,0,24-36,0,4,1,93.79107142857143,2
1569-TTNYJ,Male,0,Yes,No,5,Yes,Yes,Fiber optic,No,Yes,No,No,No,No,Month-to-month,Yes,Electronic check,78.75,412.1,1,0-12,1,3,1,82.42,2
8628-MFKAX,Female,1,Yes,No,72,Yes,Yes,Fiber optic,Yes,Yes,Yes,Yes,Yes,Yes,Two year,Yes,Credit card (automatic),116.75,8277.05,0,60-72,0,8,1,114.95902777777776,0
2397-BRLOM,Male,1,Yes,Yes,8,Yes,No,Fiber optic,No,No,No,No,Yes,No,Month-to-month,Yes,Credit card (automatic),80.45,583.45,1,0-12,0,2,1,72.93125,2
7629-WIXZF,Female,0,No,No,7,Yes,No,DSL,Yes,No,No,No,No,Yes,One year,Yes,Electronic check,59.1,369.25,0,0-12,0,3,1,52.75,1
5445-GLVOT,Female,0,No,No,22,Yes,No,DSL,Yes,No,No,No,No,No,Month-to-month,Yes,Electronic check,49.8,1049.05,0,12-24,0,2,1,47.684090909090905,2
3976-HXHCE,Male,0,No,No,72,Yes,No,No,No,No,No,No,No,No,Two year,No,Bank transfer (automatic),19.3,1414.8,0,60-72,0,1,0,19.65,0
2466-NEJOJ,Male,0,Yes,Yes,8,Yes,No,No,No,No,No,No,No,No,Month-to-month,No,Credit card (automatic),19.65,169.75,0,0-12,0,1,0,21.21875,2
0254-KCJGT,Male,0,Yes,No,52,Yes,Yes,DSL,Yes,Yes,Yes,Yes,No,Yes,One year,Yes,Credit card (automatic),81.4,4354.45,0,48-60,0,7,1,83.73942307692307,1
5472-CVMDX,Female,0,No,No,68,No,No,DSL,Yes,No,Yes,Yes,No,No,Two year,No,Mailed check,38.9,2719.2,0,60-72,0,3,0,39.98823529411764,0
6461-SZMCV,Female,0,Yes,No,71,Yes,Yes,DSL,Yes,Yes,Yes,Yes,Yes,Yes,Two year,No,Bank transfer (automatic),87.95,6365.35,0,60-72,0,8,1,89.65281690140846,0
8150-QUDFX,Male,0,No,No,2,Yes,No,No,No,No,No,No,No,No,Month-to-month,No,Mailed check,19.85,51.6,0,0-12,1,1,0,25.8,2
9508-ILZDG,Female,1,No,No,34,Yes,Yes,Fiber optic,No,Yes,No,Yes,Yes,No,Month-to-month,Yes,Electronic check,96.35,3190.25,0,24-36,0,5,1,93.83088235294117,2
2346-DJQTB,Female,0,No,No,35,No,No,DSL,No,No,No,No,No,No,Month-to-month,No,Electronic check,24.15,812.5,0,24-36,0,0,0,23.214285714285715,2
1697-LYYYX,Female,0,Yes,Yes,61,Yes,No,No,No,No,No,No,No,No,One year,No,Credit card (automatic),19.1,1143.8,0,60-72,0,1,0,18.750819672131147,1
1942-OQFRW,Male,0,No,No,1,Yes,No,DSL,No,No,No,No,No,No,Month-to-month,No,Electronic check,44.0,44.0,0,0-12,1,1,1,44.0,2
4749-VFKVB,Female,0,No,No,1,Yes,Yes,DSL,No,No,No,No,No,No,Month-to-month,Yes,Mailed check,50.1,50.1,1,0-12,1,2,1,50.1,2
9640-ZSLDC,Female,0,Yes,Yes,53,Yes,No,DSL,No,No,Yes,No,No,Yes,One year,No,Credit card (automatic),60.6,3297.0,0,48-60,0,3,1,62.20754716981132,1
4231-LZUYM,Female,0,Yes,No,72,Yes,Yes,No,No,No,No,No,No,No,Two year,No,Bank transfer (automatic),25.65,1887.0,0,60-72,0,2,0,26.208333333333332,0
7598-UAASY,Male,0,Yes,No,2,Yes,No,Fiber optic,No,No,Yes,No,No,No,Month-to-month,No,Electronic check,76.4,151.8,1,0-12,1,2,1,75.9,2
7938-OUHIO,Male,0,No,No,3,Yes,No,Fiber optic,No,No,Yes,Yes,Yes,Yes,Month-to-month,Yes,Electronic check,98.7,293.65,1,0-12,1,5,1,97.88333333333333,2
8510-AWCXC,Female,1,No,No,13,Yes,Yes,Fiber optic,Yes,No,No,No,Yes,Yes,Month-to-month,Yes,Electronic check,100.8,1308.1,1,12-24,0,5,1,100.62307692307692,2
6128-AQBMT,Male,1,Yes,No,41,No,No,DSL,No,Yes,Yes,No,Yes,Yes,Month-to-month,Yes,Electronic check,53.95,2215.4,0,36-48,0,4,0,54.03414634146342,2
3594-BDSOA,Female,0,Yes,No,24,Yes,No,No,No,No,No,No,No,No,One year,No,Credit card (automatic),20.4,482.8,0,12-24,0,1,0,20.116666666666667,1
0431-APWVY,Female,0,Yes,Yes,28,Yes,No,Fiber optic,No,No,No,No,Yes,Yes,One year,Yes,Bank transfer (automatic),90.1,2598.95,1,24-36,0,3,1,92.81964285714285,1
5133-VRSAB,Male,0,No,No,8,No,No,DSL,Yes,No,No,No,No,No,Month-to-month,No,Mailed check,29.35,216.45,0,0-12,0,1,0,27.05625,2
5996-DAOQL,Male,0,No,No,1,Yes,No,No,No,No,No,No,No,No,Month-to-month,Yes,Mailed check,20.45,20.45,0,0-12,1,1,0,20.45,2
6838-YAUVY,Female,0,No,No,54,Yes,Yes,Fiber optic,No,No,Yes,Yes,No,Yes,Two year,Yes,Bank transfer (automatic),95.1,5064.85,0,48-60,0,5,1,93.79351851851852,0
0484-JPBRU,Male,0,No,No,41,Yes,Yes,No,No,No,No,No,No,No,Month-to-month,Yes,Bank transfer (automatic),25.25,996.45,0,36-48,0,2,0,24.303658536585367,2
7883-ROJOC,Female,0,Yes,No,19,Yes,No,DSL,No,No,No,No,No,No,Month-to-month,No,Mailed check,44.9,839.65,0,12-24,0,1,1,44.19210526315789,2
0244-LGNFY,Female,0,Yes,Yes,72,Yes,Yes,DSL,Yes,Yes,Yes,Yes,Yes,Yes,Two year,No,Bank transfer (automatic),92.65,6733.0,0,60-72,0,8,1,93.51388888888889,0
7274-CGTOD,Male,0,No,No,62,No,No,DSL,Yes,Yes,Yes,Yes,No,No,Two year,Yes,Bank transfer (automatic),43.7,2618.3,0,60-72,0,4,0,42.230645161290326,0
4295-YURET,Female,1,Yes,Yes,56,Yes,No,DSL,Yes,No,No,Yes,Yes,Yes,Two year,Yes,Credit card (automatic),72.6,4084.35,0,48-60,0,5,1,72.93482142857142,0
3426-NIYYL,Male,0,No,No,15,Yes,Yes,DSL,No,No,No,No,No,No,Month-to-month,No,Electronic check,51.55,765.5,1,12-24,0,2,1,51.03333333333333,2
8225-BTJAU,Male,1,No,No,10,Yes,No,Fiber optic,No,No,No,No,No,Yes,Month-to-month,Yes,Electronic check,79.25,793.55,1,0-12,0,2,1,79.35499999999999,2
4635-EJYPD,Male,0,Yes,Yes,32,Yes,No,No,No,No,No,No,No,No,Two year,No,Mailed check,18.95,613.95,0,24-36,0,1,0,19.1859375,0
1866-ZSLJM,Male,0,No,No,21,Yes,No,No,No,No,No,No,No,No,Month-to-month,No,Credit card (automatic),20.5,402.85,0,12-24,0,1,0,19.183333333333334,2
4636-TVXVG,Male,0,Yes,Yes,62,Yes,No,No,No,No,No,No,No,No,One year,No,Bank transfer (automatic),19.95,1244.8,0,60-72,0,1,0,20.07741935483871,1
4236-UJPWO,Female,0,No,No,2,No,No,DSL,No,No,No,No,No,No,Month-to-month,No,Electronic check,24.5,46.4,0,0-12,1,0,0,23.2,2
9392-XBGTD,Male,0,No,Yes,27,Yes,No,No,No,No,No,No,No,No,Two year,No,Mailed check,20.6,581.85,0,24-36,0,1,0,21.55,0
3387-VATUS,Male,0,No,No,5,Yes,Yes,Fiber optic,No,No,No,No,Yes,Yes,Month-to-month,Yes,Bank transfer (automatic),94.85,462.8,1,0-12,1,4,1,92.56,2
6402-SSEJG,Female,0,No,No,25,No,No,DSL,Yes,Yes,Yes,No,Yes,Yes,One year,No,Electronic check,61.05,1540.2,0,24-36,0,5,0,61.608000000000004,1
1143-NMNQJ,Female,0,No,No,2,Yes,Yes,Fiber optic,No,No,No,No,No,Yes,Month-to-month,Yes,Electronic check,85.7,169.8,1,0-12,1,3,1,84.9,2
1169-SAOCL,Male,0,No,No,49,Yes,Yes,Fiber optic,No,Yes,No,Yes,Yes,Yes,One year,Yes,Bank transfer (automatic),106.65,5168.1,0,48-60,0,6,1,105.47142857142858,1
1110-KYLGQ,Female,0,No,No,63,Yes,Yes,Fiber optic,Yes,Yes,Yes,No,Yes,Yes,Month-to-month,No,Credit card (automatic),108.25,6780.1,0,60-72,0,7,1,107.62063492063493,2
9929-PLVPA,Female,0,No,Yes,4,Yes,No,No,No,No,No,No,No,No,Month-to-month,No,Credit card (automatic),20.4,94.5,0,0-12,1,1,0,23.625,2
3518-PZXZQ,Female,0,Yes,No,1,Yes,No,DSL,No,No,No,No,Yes,No,Month-to-month,Yes,Mailed check,55.3,55.3,0,0-12,1,2,1,55.3,2
2371-JUNGC,Male,0,No,No,11,Yes,No,No,No,No,No,No,No,No,Month-to-month,No,Mailed check,20.25,208.0,0,0-12,0,1,0,18.90909090909091,2
7693-QPEFS,Male,1,No,No,52,Yes,Yes,Fiber optic,No,No,No,No,No,No,Month-to-month,Yes,Bank transfer (automatic),72.95,3829.75,0,48-60,0,2,1,73.64903846153847,2
0924-BJCRC,Female,1,Yes,No,60,Yes,Yes,Fiber optic,No,Yes,No,No,No,Yes,Month-to-month,No,Electronic check,89.45,5294.6,0,48-60,0,4,1,88.24333333333334,2
5074-FBGHB,Male,0,No,No,64,Yes,Yes,Fiber optic,No,No,Yes,Yes,Yes,Yes,One year,Yes,Credit card (automatic),104.65,6889.8,0,60-72,0,6,1,107.653125,1
2351-BKRZW,Female,0,Yes,Yes,43,Yes,No,DSL,Yes,No,Yes,No,Yes,Yes,Two year,No,Bank transfer (automatic),75.2,3254.35,0,36-48,0,5,1,75.68255813953488,0
4455-BFSPD,Female,0,Yes,No,61,Yes,Yes,Fiber optic,No,No,No,Yes,Yes,Yes,One year,No,Bank transfer (automatic),101.15,6383.9,0,60-72,0,5,1,104.65409836065574,1
0415-MOSGF,Female,0,No,No,1,Yes,No,DSL,No,No,No,No,No,No,Month-to-month,No,Mailed check,44.4,44.4,1,0-12,1,1,1,44.4,2
1724-BQUHA,Male,1,No,No,5,Yes,No,Fiber optic,No,No,No,No,Yes,Yes,Month-to-month,Yes,Electronic check,89.5,477.7,1,0-12,1,3,1,95.53999999999999,2
3948-KXDUF,Male,0,No,No,66,Yes,Yes,DSL,Yes,Yes,Yes,Yes,No,No,Two year,No,Bank transfer (automatic),68.75,4447.55,0,60-72,0,6,1,67.38712121212122,0
2323-ARSVR,Male,0,Yes,No,67,Yes,No,Fiber optic,Yes,Yes,Yes,Yes,Yes,Yes,Two year,Yes,Electronic check,111.05,7321.05,0,60-72,0,7,1,109.26940298507463,0
0815-MFZGM,Female,0,Yes,No,42,Yes,No,Fiber optic,No,No,Yes,Yes,Yes,Yes,Two year,Yes,Credit card (automatic),99.0,4135.0,0,36-48,0,5,1,98.45238095238095,0
4826-XTSOH,Male,1,Yes,No,1,Yes,Yes,Fiber optic,No,No,No,No,Yes,No,Month-to-month,Yes,Electronic check,86.05,86.05,1,0-12,1,3,1,86.05,2
5480-XTFFL,Female,0,Yes,Yes,31,Yes,No,No,No,No,No,No,No,No,Two year,No,Mailed check,21.0,697.7,0,24-36,0,1,0,22.506451612903227,0
8295-FHIVV,Male,0,No,No,7,Yes,No,No,No,No,No,No,No,No,Month-to-month,Yes,Mailed check,19.4,168.65,0,0-12,0,1,0,24.092857142857145,2
2495-INZWQ,Male,0,No,No,4,No,No,DSL,No,No,No,No,Yes,Yes,Month-to-month,Yes,Electronic check,44.55,174.3,1,0-12,1,2,0,43.575,2
9086-YJYXS,Male,0,Yes,Yes,34,Yes,Yes,DSL,No,No,Yes,No,Yes,Yes,One year,No,Bank transfer (automatic),77.2,2753.8,0,24-36,0,5,1,80.99411764705883,1
1179-INLAT,Male,0,No,No,3,Yes,No,No,No,No,No,No,No,No,One year,Yes,Mailed check,19.45,69.25,0,0-12,1,1,0,23.083333333333332,1
7909-FIOIY,Female,0,Yes,Yes,19,No,No,DSL,No,No,No,No,No,No,Month-to-month,Yes,Mailed check,24.85,434.8,0,12-24,0,0,0,22.88421052631579,2
4139-SUGLD,Male,0,Yes,Yes,31,No,No,DSL,Yes,No,No,Yes,No,No,Month-to-month,No,Bank transfer (automatic),35.4,1077.5,1,24-36,0,2,0,34.75806451612903,2
6857-VWJDT,Female,0,No,No,1,Yes,Yes,Fiber optic,No,No,No,No,Yes,Yes,Month-to-month,No,Mailed check,95.65,95.65,1,0-12,1,4,1,95.65,2
6351-SCJKT,Male,0,No,No,3,No,No,DSL,Yes,No,Yes,Yes,No,No,Month-to-month,No,Mailed check,41.35,107.25,0,0-12,1,3,0,35.75,2
5468-BPMMO,Male,0,Yes,No,46,Yes,No,No,No,No,No,No,No,No,Month-to-month,No,Electronic check,19.6,851.2,0,36-48,0,1,0,18.504347826086956,2
5624-BQSSA,Female,0,No,No,1,Yes,No,No,No,No,No,No,No,No,Month-to-month,No,Mailed check,20.95,20.95,1,0-12,1,1,0,20.95,2
0197-PNKNK,Female,0,Yes,Yes,69,Yes,Yes,Fiber optic,Yes,No,Yes,No,No,No,One year,No,Bank transfer (automatic),84.45,5848.6,0,60-72,0,4,1,84.76231884057971,1
2439-QKJUL,Male,0,No,No,5,Yes,No,No,No,No,No,No,No,No,Month-to-month,No,Mailed check,20.25,109.8,0,0-12,1,1,0,21.96,2
1194-SPVSP,Male,0,No,No,1,Yes,No,No,No,No,No,No,No,No,Month-to-month,No,Bank transfer (automatic),19.65,19.65,0,0-12,1,1,0,19.65,2
9534-NSXEM,Male,0,No,No,26,Yes,No,No,No,No,No,No,No,No,One year,Yes,Credit card (automatic),20.65,595.5,0,24-36,0,1,0,22.903846153846153,1
2408-WITXK,Female,1,No,No,10,No,No,DSL,No,No,No,No,No,Yes,Month-to-month,Yes,Electronic check,34.7,329.8,1,0-12,0,1,0,32.980000000000004,2
8929-KSWIH,Male,0,No,No,25,Yes,No,Fiber optic,No,No,Yes,Yes,Yes,Yes,Two year,No,Bank transfer (automatic),99.3,2513.5,0,24-36,0,5,1,100.54,0
2250-IVBWA,Male,0,Yes,Yes,64,Yes,No,Fiber optic,Yes,Yes,No,No,No,No,Month-to-month,No,Electronic check,81.05,5135.35,0,60-72,0,3,1,80.23984375,2
1810-MVMAI,Male,0,Yes,Yes,30,Yes,Yes,DSL,Yes,Yes,Yes,Yes,No,No,Month-to-month,No,Electronic check,67.6,2000.2,0,24-36,0,6,1,66.67333333333333,2
9506-UXUSK,Male,0,No,No,13,Yes,No,Fiber optic,No,No,No,No,No,No,Month-to-month,Yes,Electronic check,70.15,931.75,0,12-24,0,1,1,71.67307692307692,2
1229-RCALF,Female,0,Yes,No,64,Yes,Yes,Fiber optic,Yes,Yes,Yes,Yes,Yes,Yes,One year,Yes,Electronic check,115.0,7396.15,0,60-72,0,8,1,115.56484375,1
3572-UOLYZ,Female,0,No,Yes,46,Yes,Yes,Fiber optic,No,No,Yes,Yes,No,No,Month-to-month,Yes,Bank transfer (automatic),84.8,3958.85,0,36-48,0,4,1,86.06195652173913,2
1429-UYJSV,Female,0,No,No,12,Yes,No,No,No,No,No,No,No,No,One year,No,Mailed check,19.7,260.9,0,0-12,0,1,0,21.741666666666664,1
5577-OTWWW,Female,0,No,No,15,Yes,No,No,No,No,No,No,No,No,Month-to-month,No,Bank transfer (automatic),19.75,297.3,1,12-24,0,1,0,19.82,2
6100-QQHEB,Male,0,Yes,Yes,17,Yes,Yes,Fiber optic,No,No,No,No,Yes,Yes,Month-to-month,Yes,Electronic check,92.55,1515.1,1,12-24,0,4,1,89.12352941176471,2
6366-XIVKZ,Female,0,Yes,Yes,13,Yes,No,DSL,Yes,No,Yes,No,No,Yes,Month-to-month,Yes,Mailed check,63.15,816.8,0,12-24,0,4,1,62.83076923076923,2
3470-OBUET,Female,0,Yes,Yes,67,Yes,Yes,DSL,Yes,Yes,No,Yes,Yes,No,Two year,No,Credit card (automatic),74.0,4868.4,0,60-72,0,6,1,72.66268656716417,0
2770-NSVDG,Male,0,Yes,No,24,No,No,DSL,No,No,Yes,No,No,No,Month-to-month,No,Electronic check,29.1,688.0,0,12-24,0,1,0,28.666666666666668,2
9375-MHRRS,Male,0,No,No,6,Yes,No,DSL,No,No,No,Yes,No,No,Month-to-month,No,Mailed check,50.05,288.35,0,0-12,1,2,1,48.05833333333334,2
2634-HCZGT,Male,1,Yes,No,53,Yes,Yes,DSL,Yes,No,No,Yes,No,No,One year,Yes,Electronic check,60.05,3229.65,1,48-60,0,4,1,60.93679245283019,1
7503-QQRVF,Male,1,Yes,No,16,Yes,No,Fiber optic,No,Yes,No,No,No,No,Month-to-month,Yes,Credit card (automatic),74.3,1178.25,1,12-24,0,2,1,73.640625,2
4860-YZGZM,Male,0,No,No,10,Yes,No,No,No,No,No,No,No,No,Month-to-month,No,Electronic check,20.0,185.4,0,0-12,0,1,0,18.54,2
6599-GZWCM,Female,0,No,No,13,Yes,No,Fiber optic,No,Yes,No,No,No,No,One year,Yes,Mailed check,74.65,966.25,0,12-24,0,2,1,74.32692307692308,1
2691-NZETQ,Male,0,No,No,9,Yes,Yes,Fiber optic,No,No,No,No,Yes,No,Month-to-month,Yes,Electronic check,85.35,758.6,1,0-12,0,3,1,84.28888888888889,2
4404-HIBDJ,Female,0,No,No,25,Yes,No,DSL,Yes,Yes,Yes,Yes,Yes,No,One year,No,Mailed check,74.3,1863.8,1,24-36,0,6,1,74.55199999999999,1
5533-NHFRF,Male,1,No,No,7,No,No,DSL,No,Yes,No,Yes,No,Yes,Month-to-month,Yes,Electronic check,44.4,265.8,0,0-12,0,3,0,37.971428571428575,2
7037-MTYVW,Male,0,Yes,Yes,38,Yes,Yes,DSL,Yes,No,Yes,Yes,Yes,Yes,Two year,Yes,Bank transfer (automatic),85.4,3297.0,0,36-48,0,7,1,86.76315789473684,0
4760-THGOT,Female,0,Yes,No,43,Yes,Yes,Fiber optic,Yes,Yes,No,No,No,Yes,Month-to-month,Yes,Electronic check,94.1,4107.3,0,36-48,0,5,1,95.51860465116279,2
7295-JOMMD,Female,0,No,Yes,4,Yes,No,Fiber optic,No,No,Yes,Yes,Yes,Yes,Month-to-month,Yes,Bank transfer (automatic),98.1,396.3,1,0-12,1,5,1,99.075,2
4016-BJKTZ,Female,0,No,No,25,Yes,Yes,Fiber optic,No,Yes,Yes,Yes,Yes,Yes,Two year,No,Electronic check,108.9,2809.05,0,24-36,0,7,1,112.36200000000001,0
6584-VQMYT,Male,0,No,Yes,27,Yes,No,DSL,Yes,Yes,No,No,No,No,One year,No,Mailed check,56.2,1567.55,0,24-36,0,3,1,58.0574074074074,1
9838-BFCQT,Male,0,Yes,Yes,72,Yes,Yes,No,No,No,No,No,No,No,Two year,No,Mailed check,26.1,1851.45,0,60-72,0,2,0,25.714583333333334,0
2790-XUYMV,Male,0,No,Yes,71,Yes,Yes,Fiber optic,Yes,Yes,No,No,No,No,One year,Yes,Credit card (automatic),85.45,6028.95,0,60-72,0,4,1,84.91478873239437,1
0581-MDMPW,Female,0,No,No,24,Yes,Yes,Fiber optic,No,No,Yes,No,Yes,No,Month-to-month,Yes,Credit card (automatic),88.95,2072.75,0,12-24,0,4,1,86.36458333333333,2
5013-SBUIH,Female,0,No,No,50,Yes,Yes,Fiber optic,Yes,Yes,No,Yes,Yes,Yes,Two year,Yes,Electronic check,109.65,5551.15,1,48-60,0,7,1,111.023,0
1023-BQXZE,Male,0,No,No,57,Yes,No,DSL,Yes,No,Yes,No,Yes,Yes,Two year,Yes,Bank transfer (automatic),74.35,4317.35,0,48-60,0,5,1,75.74298245614035,0
9163-GHAYE,Female,0,No,No,15,Yes,No,DSL,No,Yes,No,No,No,No,Month-to-month,No,Electronic check,48.85,736.8,0,12-24,0,2,1,49.12,2
3904-UKFRE,Male,0,No,No,4,Yes,Yes,Fiber optic,Yes,No,No,No,No,No,Month-to-month,Yes,Electronic check,80.1,336.15,0,0-12,1,3,1,84.0375,2
5353-WILCI,Female,0,No,No,28,Yes,No,DSL,Yes,Yes,No,No,No,No,Month-to-month,No,Electronic check,56.05,1522.65,0,24-36,0,3,1,54.38035714285714,2
0709-TVGUR,Female,1,No,No,9,Yes,Yes,Fiber optic,No,No,No,No,No,No,Month-to-month,Yes,Electronic check,74.55,622.9,1,0-12,0,2,1,69.21111111111111,2
0058-EVZWM,Female,0,Yes,No,55,Yes,Yes,Fiber optic,Yes,No,No,No,Yes,No,Month-to-month,Yes,Bank transfer (automatic),89.8,4959.6,0,48-60,0,4,1,90.17454545454547,2
6023-YEBUP,Male,0,No,No,3,Yes,Yes,Fiber optic,No,No,Yes,No,Yes,Yes,Month-to-month,Yes,Electronic check,100.95,329.95,1,0-12,1,5,1,109.98333333333333,2
7209-JCUDS,Male,0,No,No,10,Yes,No,Fiber optic,No,No,Yes,No,Yes,Yes,Month-to-month,Yes,Electronic check,94.9,1048.85,1,0-12,0,4,1,104.88499999999999,2
7009-PCARS,Male,0,No,Yes,55,Yes,No,No,No,No,No,No,No,No,One year,No,Bank transfer (automatic),19.1,1001.5,0,48-60,0,1,0,18.20909090909091,1
0519-DRGTI,Female,0,Yes,Yes,20,Yes,No,No,No,No,No,No,No,No,Month-to-month,No,Mailed check,20.35,442.6,0,12-24,0,1,0,22.130000000000003,2
1017-FBQMM,Female,0,Yes,Yes,62,Yes,Yes,Fiber optic,No,Yes,No,Yes,Yes,Yes,One year,Yes,Credit card (automatic),106.05,6703.5,0,60-72,0,6,1,108.12096774193549,1
3001-CBHLQ,Male,1,Yes,No,32,Yes,Yes,Fiber optic,No,No,Yes,Yes,Yes,Yes,Month-to-month,Yes,Electronic check,104.9,3351.55,1,24-36,0,6,1,104.7359375,2
1985-MBRYP,Female,0,No,No,43,Yes,No,No,No,No,No,No,No,No,Two year,Yes,Bank transfer (automatic),19.65,779.25,0,36-48,0,1,0,18.122093023255815,0
6158-DWPZT,Male,0,Yes,No,9,No,No,DSL,No,No,No,No,No,No,One year,No,Bank transfer (automatic),24.1,259.8,1,0-12,0,0,0,28.866666666666667,1
9372-TXXPS,Female,0,Yes,No,60,Yes,No,DSL,Yes,Yes,No,Yes,No,No,Two year,No,Bank transfer (automatic),59.85,3483.45,0,48-60,0,4,1,58.0575,0
3259-QMXUN,Male,0,Yes,No,58,Yes,Yes,DSL,Yes,Yes,Yes,No,Yes,Yes,Two year,Yes,Electronic check,86.1,4890.5,0,48-60,0,7,1,84.31896551724138,0
1015-JPFYW,Male,0,No,Yes,7,Yes,No,No,No,No,No,No,No,No,One year,No,Mailed check,19.45,136.75,0,0-12,0,1,0,19.535714285714285,1
6645-MXQJT,Male,0,Yes,Yes,2,Yes,No,Fiber optic,Yes,No,No,No,Yes,Yes,Month-to-month,No,Electronic check,97.1,184.15,0,0-12,1,4,1,92.075,2
4360-QRAVE,Male,1,No,No,37,No,No,DSL,No,Yes,Yes,No,No,No,Month-to-month,No,Electronic check,36.65,1315.0,0,36-48,0,2,0,35.54054054054054,2
8433-WPJTV,Female,1,Yes,Yes,65,Yes,Yes,Fiber optic,No,No,Yes,Yes,Yes,Yes,One year,Yes,Bank transfer (automatic),103.9,6767.1,0,60-72,0,6,1,104.10923076923078,1
5804-JMYIO,Female,0,Yes,Yes,39,Yes,No,No,No,No,No,No,No,No,Two year,No,Mailed check,19.75,757.95,0,36-48,0,1,0,19.434615384615388,0
3763-GCZHZ,Male,0,Yes,No,66,Yes,Yes,Fiber optic,No,Yes,No,Yes,Yes,Yes,One year,Yes,Electronic check,104.05,6890.0,1,60-72,0,6,1,104.39393939393939,1
6484-LATFU,Male,0,No,No,68,Yes,Yes,No,No,No,No,No,No,No,Two year,No,Mailed check,24.55,1657.4,0,60-72,0,2,0,24.373529411764707,0
7599-NTMDP,Female,0,Yes,Yes,62,No,No,DSL,Yes,Yes,No,Yes,Yes,No,Two year,No,Bank transfer (automatic),48.7,3008.55,0,60-72,0,4,0,48.525000000000006,0
0772-GYEQQ,Male,0,No,No,3,Yes,No,Fiber optic,No,No,Yes,Yes,Yes,No,Month-to-month,Yes,Mailed check,88.35,262.05,1,0-12,1,4,1,87.35000000000001,2
0536-ACXIP,Female,0,Yes,No,72,Yes,Yes,Fiber optic,Yes,Yes,Yes,No,Yes,Yes,Two year,Yes,Electronic check,109.55,8165.1,0,60-72,0,7,1,113.40416666666667,0
0936-NQLJU,Female,0,Yes,No,41,Yes,No,No,No,No,No,No,No,No,Two year,No,Credit card (automatic),20.65,875.55,0,36-48,0,1,0,21.35487804878049,0
4831-EOBFE,Male,0,Yes,Yes,29,Yes,No,Fiber optic,Yes,No,No,No,Yes,Yes,Month-to-month,No,Credit card (automatic),94.65,2649.15,1,24-36,0,4,1,91.35000000000001,2
1575-KRZZE,Female,0,No,No,4,Yes,No,DSL,Yes,Yes,No,No,No,No,Month-to-month,No,Electronic check,55.2,220.65,0,0-12,1,3,1,55.1625,2
3251-YMVWZ,Male,0,No,No,53,Yes,Yes,No,No,No,No,No,No,No,One year,No,Bank transfer (automatic),24.05,1301.9,0,48-60,0,2,0,24.56415094339623,1
4102-OQUPX,Male,1,Yes,No,1,Yes,Yes,Fiber optic,No,No,No,No,No,No,Month-to-month,Yes,Electronic check,74.4,74.4,1,0-12,1,2,1,74.4,2
9170-GYZJC,Female,0,Yes,Yes,41,Yes,Yes,DSL,Yes,Yes,Yes,Yes,No,Yes,Month-to-month,No,Credit card (automatic),79.9,3326.2,1,36-48,0,7,1,81.12682926829268,2
4884-LEVMQ,Male,0,Yes,No,39,Yes,No,No,No,No,No,No,No,No,Two year,Yes,Bank transfer (automatic),20.45,790.0,0,36-48,0,1,0,20.256410256410255,0
8857-CUPFQ,Male,0,Yes,No,63,Yes,No,No,No,No,No,No,No,No,Two year,No,Mailed check,19.25,1237.65,0,60-72,0,1,0,19.645238095238096,0
7610-TVOPG,Male,0,No,No,15,Yes,Yes,No,No,No,No,No,No,No,Month-to-month,Yes,Electronic check,26.35,378.6,0,12-24,0,2,0,25.240000000000002,2
3638-DIMPH,Female,0,Yes,No,13,Yes,No,DSL,No,No,No,No,No,No,One year,No,Electronic check,43.8,592.65,0,12-24,0,1,1,45.58846153846154,1
1845-ZLLIG,Male,0,No,No,1,Yes,No,DSL,No,Yes,No,No,No,No,Month-to-month,Yes,Mailed check,50.15,50.15,0,0-12,1,2,1,50.15,2
8559-WNQZS,Male,0,No,No,1,Yes,No,No,No,No,No,No,No,No,Two year,No,Mailed check,20.45,20.45,0,0-12,1,1,0,20.45,0
3999-QGRJH,Male,1,No,No,8,Yes,No,Fiber optic,No,No,No,No,No,No,Month-to-month,Yes,Electronic check,69.7,560.85,1,0-12,0,1,1,70.10625,2
1699-UOTXU,Male,0,No,No,60,Yes,No,DSL,Yes,Yes,Yes,No,No,No,Two year,No,Electronic check,61.4,3638.25,0,48-60,0,4,1,60.6375,0
2454-RPBRZ,Female,1,Yes,No,12,Yes,Yes,Fiber optic,No,Yes,Yes,No,Yes,No,Month-to-month,Yes,Electronic check,98.1,1060.2,1,0-12,0,5,1,88.35000000000001,2
0635-WKOLD,Male,0,Yes,No,40,Yes,Yes,DSL,No,Yes,No,Yes,Yes,No,One year,No,Credit card (automatic),70.75,2921.75,0,36-48,0,5,1,73.04375,1
5993-JSUWV,Female,0,No,No,66,Yes,No,DSL,Yes,Yes,Yes,No,No,No,Two year,Yes,Bank transfer (automatic),61.15,4017.45,0,60-72,0,4,1,60.87045454545454,0
4518-FZBSX,Male,0,Yes,Yes,42,Yes,No,No,No,No,No,No,No,No,One year,No,Mailed check,20.25,854.9,0,36-48,0,1,0,20.354761904761904,1
5387-ASZNZ,Female,1,No,No,66,Yes,Yes,DSL,Yes,Yes,No,Yes,No,No,One year,Yes,Credit card (automatic),63.85,4174.35,0,60-72,0,5,1,63.247727272727275,1
6988-CJEYV,Male,0,No,No,49,Yes,Yes,Fiber optic,No,Yes,No,No,Yes,Yes,Month-to-month,No,Electronic check,98.7,4920.55,0,48-60,0,5,1,100.41938775510205,2
2002-MZHWP,Female,0,No,No,1,Yes,No,No,No,No,No,No,No,No,Month-to-month,No,Mailed check,20.5,20.5,1,0-12,1,1,0,20.5,2
3097-FQTVJ,Female,0,No,No,41,Yes,No,No,No,No,No,No,No,No,Two year,No,Mailed check,20.0,810.3,0,36-48,0,1,0,19.76341463414634,0
5465-BUBFA,Female,0,Yes,Yes,41,Yes,No,No,No,No,No,No,No,No,Two year,No,Bank transfer (automatic),19.3,772.4,0,36-48,0,1,0,18.839024390243903,0
7299-GNVPL,Female,0,Yes,Yes,23,Yes,No,Fiber optic,Yes,Yes,No,Yes,No,No,Month-to-month,No,Mailed check,84.4,1936.85,0,12-24,0,4,1,84.2108695652174,2
9743-DQKQW,Male,0,No,No,3,No,No,DSL,No,No,No,No,No,No,Month-to-month,No,Electronic check,25.1,79.8,0,0-12,1,0,0,26.599999999999998,2
1215-VFYVK,Female,0,No,No,4,No,No,DSL,Yes,No,Yes,Yes,No,Yes,Month-to-month,No,Mailed check,48.25,202.25,0,0-12,1,4,0,50.5625,2
9371-BITHB,Female,0,Yes,Yes,52,Yes,No,No,No,No,No,No,No,No,Two year,No,Mailed check,19.85,1070.5,0,48-60,0,1,0,20.58653846153846,0
2265-CYWIV,Female,1,Yes,No,4,Yes,Yes,Fiber optic,Yes,No,No,No,Yes,Yes,Month-to-month,Yes,Electronic check,99.6,347.65,1,0-12,1,5,1,86.9125,2
9093-FPDLG,Female,0,No,No,11,Yes,No,Fiber optic,No,Yes,Yes,Yes,No,Yes,Month-to-month,Yes,Electronic check,94.2,999.9,0,0-12,0,5,1,90.89999999999999,2
0541-FITGH,Female,0,Yes,No,2,Yes,No,DSL,Yes,No,No,No,No,Yes,Month-to-month,Yes,Mailed check,62.15,113.1,0,0-12,1,3,1,56.55,2
6985-HAYWX,Female,0,Yes,No,26,Yes,Yes,Fiber optic,No,Yes,No,No,No,No,Month-to-month,No,Bank transfer (automatic),79.3,2015.8,0,24-36,0,3,1,77.53076923076922,2
7508-KBIMB,Male,0,Yes,Yes,24,Yes,No,DSL,Yes,No,Yes,No,No,No,One year,Yes,Credit card (automatic),56.25,1454.25,0,12-24,0,3,1,60.59375,1
6838-HVLXG,Female,0,No,No,12,Yes,No,No,No,No,No,No,No,No,Month-to-month,No,Mailed check,20.3,246.7,0,0-12,0,1,0,20.558333333333334,2
2277-DJJDL,Male,1,Yes,No,60,Yes,Yes,Fiber optic,No,No,No,Yes,Yes,Yes,Month-to-month,Yes,Electronic check,99.0,6017.9,0,48-60,0,5,1,100.29833333333333,2
1897-OKVMW,Female,0,Yes,Yes,64,Yes,Yes,DSL,Yes,Yes,Yes,Yes,Yes,Yes,Two year,Yes,Mailed check,90.6,5817.45,0,60-72,0,8,1,90.89765625,0
5485-ITNPC,Male,0,Yes,No,66,Yes,No,DSL,Yes,Yes,Yes,Yes,Yes,Yes,Two year,Yes,Bank transfer (automatic),85.9,5595.3,0,60-72,0,7,1,84.77727272727273,0
0233-FTHAV,Female,0,No,No,60,Yes,Yes,Fiber optic,No,No,Yes,No,No,No,One year,Yes,Bank transfer (automatic),79.2,4765.0,0,48-60,0,3,1,79.41666666666667,1
4644-PIZRT,Male,0,Yes,Yes,17,Yes,Yes,DSL,Yes,No,Yes,No,Yes,No,One year,Yes,Bank transfer (automatic),70.35,1201.65,0,12-24,0,5,1,70.68529411764706,1
8922-NPKBJ,Male,0,Yes,Yes,42,Yes,No,No,No,No,No,No,No,No,Two year,No,Mailed check,19.35,867.3,0,36-48,0,1,0,20.65,0
2740-TVLFN,Male,0,No,No,1,Yes,Yes,DSL,No,No,No,No,No,No,Month-to-month,Yes,Electronic check,50.15,50.15,0,0-12,1,2,1,50.15,2
7771-CFQRQ,Female,0,Yes,Yes,47,Yes,No,DSL,No,Yes,No,Yes,No,Yes,Two year,No,Bank transfer (automatic),63.8,3007.25,0,36-48,0,4,1,63.984042553191486,0
9512-PHSMG,Female,0,Yes,No,10,Yes,No,No,No,No,No,No,No,No,Month-to-month,Yes,Mailed check,20.55,252.75,0,0-12,0,1,0,25.275,2
6963-EZQEE,Male,1,Yes,No,70,Yes,Yes,DSL,Yes,Yes,Yes,Yes,Yes,Yes,Two year,Yes,Credit card (automatic),88.55,6306.5,0,60-72,0,8,1,90.09285714285714,0
2452-KDRRH,Male,1,No,No,67,Yes,Yes,Fiber optic,No,No,Yes,No,Yes,Yes,Month-to-month,Yes,Credit card (automatic),101.4,6841.05,0,60-72,0,5,1,102.10522388059702,2
2004-OCQXK,Female,0,No,No,1,Yes,No,Fiber optic,No,No,No,No,No,Yes,Month-to-month,Yes,Electronic check,81.95,81.95,1,0-12,1,2,1,81.95,2
5027-QPKTE,Male,0,Yes,No,7,Yes,No,Fiber optic,No,No,No,No,No,No,Month-to-month,Yes,Electronic check,69.35,451.1,1,0-12,0,1,1,64.44285714285715,2
4146-SVFUD,Male,0,No,No,1,Yes,No,DSL,No,No,No,No,No,No,Month-to-month,No,Mailed check,44.6,44.6,0,0-12,1,1,1,44.6,2
1564-HJUVY,Male,0,No,No,4,Yes,No,DSL,No,Yes,No,Yes,Yes,No,Month-to-month,Yes,Bank transfer (automatic),63.75,226.2,0,0-12,1,4,1,56.55,2
3617-XLSGQ,Female,0,Yes,Yes,66,Yes,Yes,Fiber optic,Yes,Yes,Yes,No,Yes,Yes,Two year,No,Bank transfer (automatic),109.25,7082.5,0,60-72,0,7,1,107.31060606060606,0
7517-LDMPS,Female,0,No,No,12,Yes,No,Fiber optic,No,Yes,No,No,No,Yes,Month-to-month,Yes,Electronic check,84.6,1017.35,0,0-12,0,3,1,84.77916666666667,2
7244-KXYZN,Female,0,No,No,24,Yes,No,No,No,No,No,No,No,No,One year,No,Credit card (automatic),20.45,527.35,0,12-24,0,1,0,21.972916666666666,1
5226-NOZFC,Male,0,No,No,26,Yes,No,Fiber optic,No,Yes,No,No,Yes,No,Month-to-month,Yes,Electronic check,85.75,2146.5,0,24-36,0,3,1,82.5576923076923,2
2672-HUYVI,Female,0,No,No,6,Yes,No,Fiber optic,No,No,No,No,Yes,Yes,Month-to-month,Yes,Electronic check,91.1,455.3,1,0-12,1,3,1,75.88333333333334,2
1400-WIVLL,Male,0,Yes,No,57,Yes,Yes,Fiber optic,No,No,Yes,Yes,Yes,Yes,Two year,No,Electronic check,107.95,5969.85,0,48-60,0,6,1,104.73421052631579,0
7508-MYBOG,Male,0,Yes,No,14,Yes,Yes,Fiber optic,No,No,No,No,Yes,No,Month-to-month,Yes,Electronic check,86.1,1235.55,1,12-24,0,3,1,88.25357142857142,2
8148-NLEGT,Female,0,Yes,Yes,42,Yes,Yes,No,No,No,No,No,No,No,Two year,No,Electronic check,22.95,1014.25,0,36-48,0,2,0,24.148809523809526,0
0148-DCDOS,Male,0,No,No,25,Yes,Yes,Fiber optic,No,No,No,No,Yes,Yes,Month-to-month,Yes,Bank transfer (automatic),94.7,2362.1,1,24-36,0,4,1,94.484,2
8347-GDTMP,Female,0,Yes,No,64,Yes,No,No,No,No,No,No,No,No,Two year,No,Credit card (automatic),19.45,1225.65,0,60-72,0,1,0,19.15078125,0
9992-RRAMN,Male,0,Yes,No,22,Yes,Yes,Fiber optic,No,No,No,No,No,Yes,Month-to-month,Yes,Electronic check,85.1,1873.7,1,12-24,0,3,1,85.16818181818182,2
6746-WAUWT,Male,0,No,No,19,Yes,No,No,No,No,No,No,No,No,One year,Yes,Credit card (automatic),19.7,386.5,0,12-24,0,1,0,20.342105263157894,1
0310-MVLET,Female,0,Yes,Yes,61,Yes,Yes,Fiber optic,No,Yes,No,No,Yes,Yes,Month-to-month,Yes,Electronic check,99.15,6010.05,1,60-72,0,5,1,98.52540983606558,2
0428-IKYCP,Male,0,Yes,No,22,Yes,No,Fiber optic,No,No,Yes,No,Yes,No,Month-to-month,Yes,Bank transfer (automatic),87.0,1850.65,0,12-24,0,3,1,84.12045454545455,2
4550-VBOFE,Male,1,Yes,No,70,Yes,Yes,Fiber optic,No,Yes,Yes,No,Yes,Yes,Month-to-month,Yes,Electronic check,102.95,7101.5,1,60-72,0,6,1,101.45,2
2187-PKZAY,Male,0,No,No,12,Yes,No,Fiber optic,No,No,No,No,No,Yes,Month-to-month,Yes,Bank transfer (automatic),79.95,1043.4,0,0-12,0,2,1,86.95,2
4003-OCTMP,Female,0,Yes,No,31,Yes,No,DSL,Yes,No,No,Yes,No,Yes,One year,Yes,Electronic check,64.0,1910.75,0,24-36,0,4,1,61.63709677419355,1
6652-YFFJO,Female,0,No,No,11,Yes,No,DSL,No,No,No,No,Yes,Yes,Month-to-month,Yes,Electronic check,64.9,716.1,0,0-12,0,3,1,65.10000000000001,2
7225-IILWY,Male,0,Yes,Yes,68,Yes,Yes,No,No,No,No,No,No,No,Two year,No,Mailed check,25.75,1686.15,0,60-72,0,2,0,24.796323529411765,0
5248-RPYWW,Female,1,Yes,Yes,72,Yes,Yes,DSL,Yes,Yes,Yes,Yes,Yes,Yes,Two year,Yes,Bank transfer (automatic),90.15,6716.45,0,60-72,0,8,1,93.28402777777778,0
7923-IYJWY,Male,1,No,No,67,Yes,Yes,Fiber optic,Yes,Yes,Yes,Yes,Yes,Yes,Two year,Yes,Credit card (automatic),116.1,7839.85,0,60-72,0,8,1,117.01268656716418,0
3170-GWYKC,Female,0,No,No,60,Yes,No,Fiber optic,Yes,No,Yes,Yes,Yes,Yes,Month-to-month,Yes,Bank transfer (automatic),104.95,6236.75,0,48-60,0,6,1,103.94583333333334,2
5696-QURRL,Male,0,No,No,1,Yes,No,DSL,No,No,No,No,No,No,Month-to-month,Yes,Mailed check,45.05,45.05,1,0-12,1,1,1,45.05,2
7409-KIUTL,Female,1,No,Yes,1,Yes,No,Fiber optic,No,No,No,No,No,No,Month-to-month,Yes,Electronic check,71.0,71.0,1,0-12,1,1,1,71.0,2
9830-ECLEN,Male,0,Yes,Yes,58,No,No,DSL,Yes,Yes,Yes,No,Yes,No,One year,No,Mailed check,50.0,2919.85,0,48-60,0,4,0,50.342241379310344,1
1732-VHUBQ,Female,1,Yes,Yes,47,Yes,No,Fiber optic,No,No,No,No,No,No,Month-to-month,No,Bank transfer (automatic),70.55,3309.25,1,36-48,0,1,1,70.40957446808511,2
0495-RVCBF,Female,0,No,No,1,Yes,No,Fiber optic,No,No,No,No,No,Yes,Month-to-month,Yes,Electronic check,79.7,79.7,1,0-12,1,2,1,79.7,2
2668-TZSPS,Male,0,No,No,1,Yes,No,No,No,No,No,No,No,No,Month-to-month,No,Mailed check,20.45,20.45,0,0-12,1,1,0,20.45,2
7854-EDSSA,Male,0,No,No,22,Yes,Yes,DSL,Yes,Yes,No,No,No,No,Month-to-month,No,Electronic check,59.0,1254.7,1,12-24,0,4,1,57.03181818181818,2
8869-TORSS,Female,0,No,No,48,Yes,No,DSL,Yes,No,Yes,Yes,No,No,One year,Yes,Credit card (automatic),60.35,2896.4,1,36-48,0,4,1,60.34166666666667,1
7446-SFAOA,Female,0,Yes,No,37,Yes,No,No,No,No,No,No,No,No,One year,Yes,Bank transfer (automatic),19.85,717.5,0,36-48,0,1,0,19.39189189189189,1
9522-ZSINC,Male,0,No,No,13,Yes,No,No,No,No,No,No,No,No,One year,Yes,Electronic check,19.95,253.8,0,12-24,0,1,0,19.523076923076925,1
8234-GSZYK,Male,0,No,No,43,Yes,Yes,No,No,No,No,No,No,No,Two year,No,Bank transfer (automatic),26.45,1110.05,0,36-48,0,2,0,25.815116279069766,0
6505-OZNPG,Female,0,No,No,6,No,No,DSL,Yes,Yes,Yes,Yes,Yes,Yes,Two year,Yes,Mailed check,63.4,348.8,0,0-12,1,6,0,58.13333333333333,0
6164-HAQTX,Male,0,No,No,71,No,No,DSL,Yes,Yes,Yes,Yes,Yes,No,Two year,No,Bank transfer (automatic),53.95,3888.65,0,60-72,0,5,0,54.76971830985916,0
0679-IDSTG,Female,1,Yes,Yes,1,Yes,No,Fiber optic,No,No,No,No,No,No,Month-to-month,Yes,Electronic check,69.25,69.25,1,0-12,1,1,1,69.25,2
7765-LWVVH,Female,0,Yes,Yes,72,Yes,Yes,Fiber optic,Yes,Yes,No,No,Yes,No,Two year,Yes,Electronic check,95.1,6843.15,0,60-72,0,5,1,95.04374999999999,0
1658-TJVOA,Female,1,No,No,6,Yes,No,Fiber optic,Yes,No,No,No,No,No,Month-to-month,Yes,Electronic check,74.1,450.9,0,0-12,1,2,1,75.14999999999999,2
0953-LGOVU,Male,0,Yes,Yes,12,No,No,DSL,No,Yes,No,Yes,No,No,Month-to-month,No,Mailed check,35.5,432.25,0,0-12,0,2,0,36.020833333333336,2
2115-BFTIW,Male,0,No,No,25,Yes,No,Fiber optic,No,No,No,No,No,No,Month-to-month,No,Mailed check,70.95,1767.35,1,24-36,0,1,1,70.694,2
4692-NNQRU,Female,0,Yes,No,21,Yes,No,Fiber optic,No,No,Yes,Yes,No,No,One year,No,Electronic check,79.2,1742.45,0,12-24,0,3,1,82.97380952380952,1
7742-MYPGI,Female,0,Yes,Yes,6,Yes,No,DSL,No,No,No,Yes,No,No,Month-to-month,Yes,Mailed check,48.8,297.35,0,0-12,1,2,1,49.55833333333334,2
0611-DFXKO,Male,0,Yes,No,20,Yes,No,Fiber optic,No,No,No,No,Yes,Yes,Month-to-month,Yes,Mailed check,89.0,1820.45,1,12-24,0,3,1,91.02250000000001,2
7780-OTDSO,Male,0,Yes,No,18,Yes,Yes,Fiber optic,Yes,No,No,No,Yes,Yes,Month-to-month,Yes,Electronic check,99.4,1742.95,1,12-24,0,5,1,96.83055555555556,2
9619-GSATL,Female,0,No,No,43,Yes,No,DSL,No,Yes,No,Yes,No,No,One year,No,Electronic check,55.45,2444.25,0,36-48,0,3,1,56.843023255813954,1
5622-UEJFI,Female,0,Yes,Yes,35,Yes,Yes,No,No,No,No,No,No,No,Two year,Yes,Credit card (automatic),25.4,949.8,0,24-36,0,2,0,27.137142857142855,0
9747-DDZOS,Female,0,No,No,1,Yes,No,Fiber optic,No,No,Yes,No,No,No,Month-to-month,No,Bank transfer (automatic),73.5,73.5,1,0-12,1,2,1,73.5,2
0674-DGMAQ,Male,1,Yes,No,32,Yes,Yes,Fiber optic,No,Yes,Yes,No,No,Yes,Month-to-month,Yes,Electronic check,93.5,2970.8,0,24-36,0,5,1,92.8375,2
6203-HBZPA,Male,0,No,No,52,No,No,DSL,Yes,Yes,Yes,Yes,Yes,Yes,Two year,No,Credit card (automatic),63.9,3334.95,0,48-60,0,6,0,64.13365384615385,0
0484-FFVBJ,Male,0,No,No,32,Yes,No,DSL,No,No,No,No,Yes,Yes,One year,Yes,Bank transfer (automatic),64.85,2010.95,0,24-36,0,3,1,62.8421875,1
0301-FIDRB,Female,0,Yes,Yes,72,No,No,DSL,Yes,Yes,Yes,Yes,Yes,Yes,Two year,Yes,Bank transfer (automatic),63.8,4684.3,0,60-72,0,6,0,65.05972222222222,0
4139-JPIAM,Male,0,No,No,51,No,No,DSL,Yes,No,No,Yes,No,Yes,Month-to-month,Yes,Credit card (automatic),44.45,2181.55,0,48-60,0,3,0,42.77549019607844,2
2181-TIDSV,Male,0,Yes,Yes,68,Yes,No,No,No,No,No,No,No,No,Two year,Yes,Bank transfer (automatic),19.95,1303.25,0,60-72,0,1,0,19.165441176470587,0
2761-XECQW,Male,1,Yes,No,8,No,No,DSL,No,Yes,Yes,No,No,Yes,Month-to-month,Yes,Mailed check,43.35,371.4,0,0-12,0,3,0,46.425,2
1936-CZAKF,Male,0,Yes,No,49,No,No,DSL,No,Yes,No,No,Yes,Yes,Two year,No,Credit card (automatic),49.65,2409.9,0,48-60,0,3,0,49.18163265306123,0
9453-PATOS,Female,0,Yes,No,72,Yes,No,DSL,Yes,Yes,Yes,Yes,Yes,Yes,Two year,No,Mailed check,85.1,6155.4,0,60-72,0,7,1,85.49166666666666,0
0564-JJHGS,Male,0,No,No,9,Yes,Yes,Fiber optic,No,No,No,No,Yes,Yes,Month-to-month,Yes,Electronic check,95.5,829.1,1,0-12,0,4,1,92.12222222222222,2
3348-CFRNX,Female,0,Yes,No,28,Yes,No,Fiber optic,Yes,No,No,No,Yes,Yes,Month-to-month,Yes,Mailed check,92.35,2602.9,1,24-36,0,4,1,92.96071428571429,2
4402-FTBXC,Male,0,No,No,54,Yes,No,Fiber optic,Yes,No,Yes,No,Yes,No,Month-to-month,No,Mailed check,89.8,4667.0,0,48-60,0,4,1,86.42592592592592,2
1428-GTBJJ,Male,0,No,No,11,Yes,No,Fiber optic,No,Yes,No,No,No,No,Month-to-month,Yes,Electronic check,74.55,824.75,1,0-12,0,2,1,74.97727272727273,2
2931-XIQBR,Female,0,Yes,Yes,50,Yes,No,Fiber optic,No,No,Yes,Yes,Yes,Yes,One year,No,Mailed check,103.05,5153.5,0,48-60,0,5,1,103.07,1
0106-UGRDO,Female,0,Yes,No,69,Yes,Yes,Fiber optic,Yes,Yes,Yes,Yes,Yes,Yes,Two year,Yes,Electronic check,116.0,8182.85,0,60-72,0,8,1,118.59202898550726,0
5542-TBBWB,Male,0,No,No,1,Yes,No,Fiber optic,No,No,No,No,No,No,Month-to-month,Yes,Electronic check,69.9,69.9,0,0-12,1,1,1,69.9,2
1930-QPBVZ,Male,0,Yes,Yes,68,Yes,No,Fiber optic,Yes,Yes,No,Yes,No,Yes,Two year,No,Bank transfer (automatic),95.1,6683.4,0,60-72,0,5,1,98.28529411764706,0
2606-PKWJB,Male,0,No,Yes,40,No,No,DSL,Yes,Yes,No,Yes,No,No,One year,No,Mailed check,40.25,1564.05,0,36-48,0,3,0,39.10125,1
5322-ZSMZY,Male,0,Yes,Yes,31,Yes,Yes,No,No,No,No,No,No,No,Two year,No,Mailed check,25.75,755.6,0,24-36,0,2,0,24.374193548387098,0
8059-UDZFY,Female,1,No,Yes,33,Yes,Yes,Fiber optic,No,Yes,Yes,No,Yes,Yes,Month-to-month,Yes,Bank transfer (automatic),105.35,3465.05,0,24-36,0,6,1,105.00151515151515,2
7740-BTPUX,Male,1,Yes,No,55,Yes,Yes,Fiber optic,No,Yes,Yes,Yes,Yes,Yes,Two year,Yes,Electronic check,113.6,6292.7,0,48-60,0,7,1,114.41272727272727,0
5220-AGAAX,Male,0,Yes,Yes,68,Yes,Yes,No,No,No,No,No,No,No,Two year,Yes,Bank transfer (automatic),24.0,1664.3,0,60-72,0,2,0,24.474999999999998,0
0208-BPQEJ,Female,0,Yes,Yes,12,Yes,No,No,No,No,No,No,No,No,Month-to-month,No,Bank transfer (automatic),19.4,198.1,0,0-12,0,1,0,16.508333333333333,2
9435-JMLSX,Male,0,Yes,No,71,Yes,No,DSL,Yes,Yes,Yes,Yes,Yes,Yes,Two year,Yes,Bank transfer (automatic),86.1,6045.9,0,60-72,0,7,1,85.15352112676055,0
3352-ALMCK,Male,0,No,No,40,Yes,Yes,Fiber optic,No,Yes,Yes,No,Yes,Yes,Month-to-month,Yes,Mailed check,102.65,4108.15,0,36-48,0,6,1,102.70374999999999,2
5312-IRCFR,Female,0,Yes,Yes,64,Yes,Yes,Fiber optic,No,Yes,Yes,No,No,Yes,One year,Yes,Electronic check,92.85,5980.75,0,60-72,0,5,1,93.44921875,1
5294-IMHHT,Male,0,Yes,No,53,Yes,Yes,Fiber optic,No,Yes,No,Yes,No,Yes,One year,No,Bank transfer (automatic),97.75,5043.2,0,48-60,0,5,1,95.15471698113207,1
8802-UNOJF,Male,1,No,No,12,Yes,No,Fiber optic,No,Yes,Yes,Yes,No,No,Month-to-month,Yes,Mailed check,83.8,1029.75,1,0-12,0,4,1,85.8125,2
6313-GIDIT,Male,1,No,No,53,No,No,DSL,No,Yes,Yes,No,Yes,Yes,Month-to-month,Yes,Electronic check,54.45,2854.55,1,48-60,0,4,0,53.859433962264156,2
6176-YJWAS,Male,0,Yes,No,72,Yes,Yes,Fiber optic,Yes,Yes,Yes,No,Yes,No,Two year,Yes,Credit card (automatic),97.95,7114.25,0,60-72,0,6,1,98.80902777777777,0
5310-NOOVA,Male,0,No,No,46,Yes,No,No,No,No,No,No,No,No,Two year,No,Electronic check,19.95,907.05,0,36-48,0,1,0,19.718478260869563,0
4526-EXKKN,Male,0,No,No,40,Yes,Yes,No,No,No,No,No,No,No,Two year,Yes,Mailed check,24.6,973.95,0,36-48,0,2,0,24.348750000000003,0
5311-IHLEI,Male,0,No,No,12,No,No,DSL,Yes,Yes,No,Yes,Yes,No,Month-to-month,Yes,Bank transfer (automatic),50.95,605.75,0,0-12,0,4,0,50.479166666666664,2
3987-KQDDU,Male,0,No,No,9,Yes,No,Fiber optic,Yes,No,No,No,No,No,Month-to-month,No,Electronic check,75.6,661.55,0,0-12,0,2,1,73.50555555555555,2
3404-JNXAX,Female,0,Yes,Yes,51,Yes,Yes,Fiber optic,No,No,No,Yes,No,No,Month-to-month,Yes,Electronic check,80.75,4116.9,0,48-60,0,3,1,80.7235294117647,2
5131-PONJI,Male,0,Yes,Yes,49,Yes,No,Fiber optic,No,Yes,Yes,No,Yes,No,Month-to-month,Yes,Credit card (automatic),90.4,4494.65,0,48-60,0,4,1,91.72755102040816,2
2845-AFFTX,Male,1,Yes,No,41,Yes,Yes,Fiber optic,No,No,Yes,No,Yes,Yes,Month-to-month,Yes,Electronic check,99.8,4259.3,1,36-48,0,5,1,103.88536585365854,2
3489-VSFRD,Female,0,No,No,56,Yes,No,DSL,Yes,No,Yes,Yes,No,No,One year,Yes,Credit card (automatic),60.25,3282.75,0,48-60,0,4,1,58.620535714285715,1
3345-JHUEO,Male,0,No,No,4,Yes,No,No,No,No,No,No,No,No,Month-to-month,Yes,Electronic check,20.2,55.7,0,0-12,1,1,0,13.925,2
5815-HGGHV,Male,0,Yes,No,20,Yes,No,DSL,Yes,No,No,Yes,No,Yes,One year,Yes,Mailed check,64.15,1274.45,0,12-24,0,4,1,63.722500000000004,1
5260-UMPWX,Female,0,Yes,Yes,26,Yes,No,No,No,No,No,No,No,No,Month-to-month,Yes,Credit card (automatic),20.25,493.95,0,24-36,0,1,0,18.998076923076923,2
2249-YPRNG,Female,0,Yes,Yes,20,Yes,Yes,Fiber optic,No,Yes,Yes,No,Yes,Yes,Month-to-month,Yes,Bank transfer (automatic),105.85,2239.65,1,12-24,0,6,1,111.9825,2
7410-YTJIK,Female,0,No,No,7,Yes,Yes,Fiber optic,No,No,No,No,No,No,Month-to-month,No,Mailed check,75.45,480.75,1,0-12,0,2,1,68.67857142857143,2
4626-GYCZP,Male,0,No,No,7,Yes,Yes,Fiber optic,No,No,No,No,Yes,Yes,Month-to-month,Yes,Electronic check,93.85,635.6,1,0-12,0,4,1,90.8,2
5649-RXQTV,Male,0,No,No,51,Yes,No,Fiber optic,No,Yes,Yes,No,Yes,Yes,Month-to-month,Yes,Electronic check,99.0,5038.15,0,48-60,0,5,1,98.78725490196078,2
2674-MIAHT,Female,0,No,No,4,Yes,Yes,Fiber optic,No,Yes,No,No,No,No,Month-to-month,Yes,Mailed check,80.3,324.2,0,0-12,1,3,1,81.05,2
2576-HXMPA,Female,0,No,No,1,Yes,No,No,No,No,No,No,No,No,Month-to-month,No,Credit card (automatic),19.55,19.55,0,0-12,1,1,0,19.55,2
7587-AOVVU,Male,0,Yes,Yes,27,Yes,Yes,Fiber optic,Yes,Yes,No,Yes,Yes,No,Month-to-month,No,Electronic check,100.75,2793.55,0,24-36,0,6,1,103.46481481481482,2
5590-BYNII,Male,0,No,No,22,Yes,Yes,Fiber optic,Yes,No,No,No,Yes,Yes,Month-to-month,Yes,Electronic check,100.75,2095.0,1,12-24,0,5,1,95.22727272727273,2
6898-MDLZW,Male,0,No,No,12,Yes,No,DSL,No,Yes,No,Yes,No,No,Month-to-month,Yes,Mailed check,53.75,648.65,0,0-12,0,3,1,54.05416666666667,2
3237-AJGEH,Female,0,Yes,Yes,3,No,No,DSL,No,No,No,Yes,No,No,Month-to-month,Yes,Mailed check,31.0,95.05,1,0-12,1,1,0,31.683333333333334,2
4707-YNOQA,Female,0,Yes,Yes,34,Yes,Yes,No,No,No,No,No,No,No,One year,Yes,Credit card (automatic),25.6,917.15,0,24-36,0,2,0,26.974999999999998,1
9357-UJRUN,Male,0,Yes,No,24,Yes,Yes,DSL,Yes,No,No,Yes,No,No,One year,Yes,Electronic check,58.35,1346.9,0,12-24,0,4,1,56.12083333333334,1
1591-NFNLQ,Male,0,No,No,51,Yes,Yes,Fiber optic,No,No,Yes,No,No,No,Month-to-month,No,Credit card (automatic),80.0,4242.35,1,48-60,0,3,1,83.18333333333334,2
8648-PFRMP,Female,1,No,No,14,No,No,DSL,No,No,No,No,Yes,Yes,Month-to-month,Yes,Electronic check,46.35,672.7,0,12-24,0,2,0,48.050000000000004,2
7663-CUXZB,Male,0,Yes,No,59,Yes,Yes,Fiber optic,Yes,Yes,Yes,Yes,Yes,Yes,Two year,No,Electronic check,113.75,6561.25,0,48-60,0,8,1,111.20762711864407,0
0258-NOKBL,Male,0,No,No,3,Yes,No,Fiber optic,No,Yes,Yes,No,No,Yes,Month-to-month,No,Electronic check,90.4,268.45,0,0-12,1,4,1,89.48333333333333,2
1163-VIPRI,Female,0,Yes,Yes,65,Yes,Yes,Fiber optic,Yes,No,Yes,Yes,Yes,Yes,Two year,No,Electronic check,109.3,7337.55,0,60-72,0,7,1,112.88538461538462,0
2815-CPTUL,Male,1,No,No,5,Yes,No,Fiber optic,No,No,No,No,No,No,Month-to-month,Yes,Mailed check,70.25,331.9,1,0-12,1,1,1,66.38,2
9348-ROUAI,Female,0,Yes,Yes,59,Yes,Yes,DSL,Yes,Yes,Yes,Yes,Yes,Yes,Two year,No,Credit card (automatic),90.3,5194.05,0,48-60,0,8,1,88.03474576271186,0
9443-JUBUO,Male,0,Yes,Yes,72,No,No,DSL,Yes,Yes,Yes,Yes,Yes,Yes,Two year,Yes,Credit card (automatic),65.25,4478.85,0,60-72,0,6,0,62.206250000000004,0
0596-BQCEQ,Female,0,Yes,Yes,62,Yes,No,Fiber optic,No,Yes,Yes,No,Yes,Yes,Month-to-month,Yes,Electronic check,100.15,6283.3,1,60-72,0,5,1,101.34354838709677,2
1481-ZUWZA,Male,0,No,No,28,Yes,Yes,Fiber optic,Yes,Yes,No,No,No,Yes,Month-to-month,Yes,Credit card (automatic),94.5,2659.4,1,24-36,0,5,1,94.97857142857143,2
3043-TYBNO,Male,0,No,No,3,Yes,No,DSL,No,No,No,Yes,No,Yes,Month-to-month,No,Mailed check,60.65,196.9,0,0-12,1,3,1,65.63333333333334,2
4830-FAXFM,Male,0,No,Yes,19,Yes,Yes,No,No,No,No,No,No,No,Month-to-month,Yes,Credit card (automatic),24.1,439.2,0,12-24,0,2,0,23.11578947368421,2
5906-BFOZT,Male,0,No,No,1,Yes,No,No,No,No,No,No,No,No,Month-to-month,Yes,Mailed check,19.5,19.5,0,0-12,1,1,0,19.5,2
2960-NKRSO,Male,0,No,No,24,Yes,No,Fiber optic,No,Yes,Yes,Yes,No,No,Month-to-month,Yes,Electronic check,85.95,2107.15,0,12-24,0,4,1,87.79791666666667,2
8996-ZROXE,Male,1,No,No,57,Yes,No,DSL,No,No,Yes,Yes,No,No,One year,Yes,Electronic check,53.5,3035.8,0,48-60,0,3,1,53.25964912280702,1
5598-IKHQQ,Female,0,No,No,72,Yes,Yes,No,No,No,No,No,No,No,Two year,No,Credit card (automatic),25.45,1866.45,0,60-72,0,2,0,25.922916666666666,0
0397-ZXWQF,Male,0,No,No,67,Yes,No,No,No,No,No,No,No,No,Two year,No,Bank transfer (automatic),20.5,1430.95,0,60-72,0,1,0,21.357462686567164,0
5266-PFRQK,Male,0,Yes,Yes,52,Yes,No,No,No,No,No,No,No,No,One year,Yes,Credit card (automatic),20.85,1071.6,0,48-60,0,1,0,20.607692307692307,1
4674-HGNUA,Male,0,Yes,Yes,71,Yes,Yes,DSL,Yes,Yes,Yes,Yes,Yes,Yes,Two year,No,Credit card (automatic),89.9,6457.15,0,60-72,0,8,1,90.94577464788732,0
6765-MBQNU,Female,0,Yes,No,26,Yes,Yes,No,No,No,No,No,No,No,One year,No,Mailed check,26.0,684.05,0,24-36,0,2,0,26.309615384615384,1
9786-IJYDL,Female,0,No,No,35,Yes,Yes,Fiber optic,Yes,Yes,Yes,Yes,Yes,Yes,Two year,Yes,Mailed check,113.2,3914.05,0,24-36,0,8,1,111.83,0
1303-SRDOK,Female,0,Yes,Yes,55,Yes,No,Fiber optic,No,No,No,No,No,No,Two year,Yes,Credit card (automatic),69.05,3842.6,0,48-60,0,1,1,69.86545454545454,0
3769-MHZNV,Female,0,Yes,Yes,33,Yes,No,No,No,No,No,No,No,No,Two year,No,Mailed check,20.1,670.35,0,24-36,0,1,0,20.313636363636363,0
6295-OSINB,Male,0,Yes,No,72,Yes,Yes,Fiber optic,Yes,Yes,Yes,No,Yes,Yes,Two year,Yes,Electronic check,109.65,7880.25,0,60-72,0,7,1,109.44791666666667,0
3308-MHOOC,Male,0,No,Yes,1,Yes,No,No,No,No,No,No,No,No,Month-to-month,Yes,Mailed check,19.2,19.2,0,0-12,1,1,0,19.2,2
2309-OSFEU,Male,0,No,No,10,No,No,DSL,No,No,No,No,No,Yes,Month-to-month,Yes,Mailed check,33.9,298.45,1,0-12,0,1,0,29.845,2
2207-QPJED,Female,1,Yes,No,37,Yes,No,Fiber optic,No,No,Yes,Yes,Yes,No,Month-to-month,No,Electronic check,90.0,3371.75,0,36-48,0,4,1,91.12837837837837,2
4177-JPDFU,Male,0,No,No,12,No,No,DSL,No,Yes,No,Yes,No,No,Month-to-month,No,Mailed check,34.0,442.45,0,0-12,0,2,0,36.87083333333333,2
2239-CFOUJ,Male,0,Yes,Yes,1,Yes,No,No,No,No,No,No,No,No,One year,No,Mailed check,20.4,20.4,0,0-12,1,1,0,20.4,1
8046-DNVTL,Male,0,Yes,No,62,No,No,DSL,Yes,Yes,No,Yes,No,No,Two year,Yes,Credit card (automatic),38.6,2345.55,0,60-72,0,3,0,37.83145161290323,0
2209-XADXF,Female,0,No,No,1,No,No,DSL,No,No,No,No,No,No,Month-to-month,No,Bank transfer (automatic),25.25,25.25,0,0-12,1,0,0,25.25,2
6620-JDYNW,Female,0,No,No,18,Yes,Yes,DSL,Yes,No,Yes,No,No,No,Month-to-month,Yes,Mailed check,60.6,1156.35,0,12-24,0,4,1,64.24166666666666,2
1891-FZYSA,Male,1,Yes,No,69,Yes,Yes,Fiber optic,No,Yes,No,No,Yes,No,Month-to-month,Yes,Electronic check,89.95,6143.15,1,60-72,0,4,1,89.03115942028985,2
4770-UEZOX,Male,0,No,No,2,Yes,No,Fiber optic,No,Yes,No,No,No,No,Month-to-month,Yes,Electronic check,74.75,144.8,0,0-12,1,2,1,72.4,2
1038-RQOST,Male,0,Yes,Yes,19,Yes,No,No,No,No,No,No,No,No,Month-to-month,No,Mailed check,20.6,414.95,0,12-24,0,1,0,21.839473684210525,2
7613-LLQFO,Male,0,No,No,12,Yes,Yes,Fiber optic,No,No,No,No,Yes,No,Month-to-month,Yes,Electronic check,84.45,1059.55,1,0-12,0,3,1,88.29583333333333,2
4568-TTZRT,Male,0,No,No,9,Yes,No,No,No,No,No,No,No,No,Month-to-month,No,Mailed check,20.4,181.8,0,0-12,0,1,0,20.200000000000003,2
9513-DXHDA,Male,0,No,No,27,Yes,No,DSL,Yes,No,Yes,Yes,Yes,Yes,One year,No,Electronic check,81.7,2212.55,0,24-36,0,6,1,81.9462962962963,1
2640-PMGFL,Male,0,No,Yes,27,Yes,Yes,Fiber optic,No,No,No,Yes,No,No,Month-to-month,Yes,Electronic check,79.5,2180.55,1,24-36,0,3,1,80.76111111111112,2
3801-HMYNL,Male,0,Yes,Yes,1,Yes,No,Fiber optic,No,No,No,No,Yes,Yes,Month-to-month,No,Mailed check,89.15,89.15,1,0-12,1,3,1,89.15,2
0516-QREYC,Female,1,No,No,24,Yes,No,No,No,No,No,No,No,No,Month-to-month,Yes,Mailed check,20.3,459.95,0,12-24,0,1,0,19.164583333333333,2
9685-WKZGT,Male,1,No,No,14,Yes,Yes,Fiber optic,No,No,No,No,No,No,Month-to-month,Yes,Electronic check,74.95,1036.75,1,12-24,0,2,1,74.05357142857143,2
6022-UGGSO,Female,1,No,No,32,Yes,No,Fiber optic,No,Yes,No,No,No,No,Month-to-month,Yes,Electronic check,74.4,2276.95,1,24-36,0,2,1,71.1546875,2
8084-OIVBS,Female,0,No,No,11,Yes,No,No,No,No,No,No,No,No,One year,No,Mailed check,20.0,211.95,0,0-12,0,1,0,19.268181818181816,1
8896-BQTTI,Male,0,No,No,1,Yes,Yes,No,No,No,No,No,No,No,Month-to-month,Yes,Mailed check,25.0,25.0,0,0-12,1,2,0,25.0,2
3865-QBWSJ,Male,1,No,Yes,38,Yes,Yes,Fiber optic,Yes,No,No,No,No,No,Month-to-month,Yes,Mailed check,80.45,3162.65,0,36-48,0,3,1,83.22763157894737,2
3352-RICWQ,Female,0,Yes,Yes,9,Yes,No,No,No,No,No,No,No,No,Two year,No,Mailed check,19.75,210.65,0,0-12,0,1,0,23.405555555555555,0
2160-GPFXD,Male,0,Yes,Yes,54,Yes,Yes,DSL,Yes,Yes,No,Yes,No,No,Two year,Yes,Credit card (automatic),65.65,3566.7,0,48-60,0,5,1,66.05,0
2065-MMKGR,Female,0,No,No,29,Yes,Yes,DSL,No,No,No,No,Yes,Yes,One year,Yes,Credit card (automatic),71.0,2080.1,0,24-36,0,4,1,71.72758620689655,1
5857-TYBCJ,Male,1,Yes,No,44,Yes,Yes,Fiber optic,No,No,Yes,No,Yes,No,Month-to-month,Yes,Electronic check,89.2,4040.2,0,36-48,0,4,1,91.82272727272726,2
1498-NHTLT,Male,0,Yes,Yes,59,Yes,No,DSL,Yes,Yes,Yes,Yes,Yes,Yes,Two year,Yes,Electronic check,86.75,5186.0,0,48-60,0,7,1,87.89830508474576,0
4484-CGXFK,Female,0,No,No,3,Yes,No,DSL,No,No,No,No,No,Yes,Month-to-month,Yes,Electronic check,55.3,196.15,1,0-12,1,2,1,65.38333333333334,2
1402-PTHGN,Female,0,Yes,Yes,18,Yes,No,DSL,Yes,Yes,No,Yes,No,No,One year,Yes,Mailed check,61.5,1087.45,0,12-24,0,4,1,60.41388888888889,1
4176-RELJR,Male,1,No,No,67,Yes,Yes,No,No,No,No,No,No,No,Two year,No,Credit card (automatic),25.1,1672.15,0,60-72,0,2,0,24.957462686567165,0
6214-EDAKZ,Female,0,Yes,Yes,22,Yes,No,DSL,No,Yes,No,Yes,No,No,Month-to-month,No,Electronic check,55.15,1206.05,1,12-24,0,3,1,54.820454545454545,2
5199-FPUSP,Male,0,No,Yes,33,No,No,DSL,Yes,No,No,Yes,No,No,One year,No,Credit card (automatic),34.05,1113.95,0,24-36,0,2,0,33.75606060606061,1
6377-KSLXC,Male,0,No,No,5,Yes,No,No,No,No,No,No,No,No,Month-to-month,No,Mailed check,19.95,107.05,0,0-12,1,1,0,21.41,2
1796-JANOW,Female,0,No,No,2,Yes,No,No,No,No,No,No,No,No,Month-to-month,No,Mailed check,19.95,38.15,0,0-12,1,1,0,19.075,2
0238-WHBIQ,Male,0,Yes,Yes,72,Yes,Yes,DSL,Yes,Yes,Yes,Yes,Yes,Yes,Two year,No,Credit card (automatic),89.7,6339.3,0,60-72,0,8,1,88.04583333333333,0
8735-NBLWT,Male,0,No,Yes,9,Yes,No,No,No,No,No,No,No,No,Month-to-month,No,Mailed check,20.4,184.1,0,0-12,0,1,0,20.455555555555556,2
6651-RLGGM,Male,0,Yes,Yes,67,Yes,Yes,No,No,No,No,No,No,No,Two year,No,Mailed check,26.3,1688.9,0,60-72,0,2,0,25.207462686567165,0
6127-ISGTU,Female,0,Yes,No,16,Yes,Yes,Fiber optic,No,No,No,No,Yes,No,Month-to-month,Yes,Electronic check,84.95,1378.25,1,12-24,0,3,1,86.140625,2
1614-JBEBI,Female,0,No,No,8,Yes,No,No,No,No,No,No,No,No,Month-to-month,Yes,Mailed check,20.7,137.6,0,0-12,0,1,0,17.2,2
8740-XLHDR,Male,0,No,No,5,No,No,DSL,Yes,Yes,Yes,Yes,No,No,Month-to-month,Yes,Mailed check,43.25,219.0,1,0-12,1,4,0,43.8,2
1208-DNHLN,Male,0,Yes,Yes,23,Yes,Yes,DSL,No,No,No,No,No,No,One year,Yes,Credit card (automatic),48.35,1067.15,1,12-24,0,2,1,46.39782608695653,1
1761-AEZZR,Male,0,No,No,1,Yes,No,Fiber optic,No,No,No,No,Yes,No,Month-to-month,Yes,Electronic check,79.55,79.55,1,0-12,1,2,1,79.55,2
3923-CSIHK,Female,1,Yes,No,50,Yes,No,Fiber optic,No,No,No,No,No,No,Month-to-month,Yes,Electronic check,71.05,3444.85,1,48-60,0,1,1,68.89699999999999,2
5696-EXCYS,Male,0,No,No,17,Yes,No,No,No,No,No,No,No,No,Two year,No,Credit card (automatic),19.45,369.05,0,12-24,0,1,0,21.708823529411767,0
5795-KTGUD,Female,0,Yes,No,68,Yes,Yes,Fiber optic,Yes,Yes,Yes,No,Yes,Yes,Two year,Yes,Bank transfer (automatic),110.8,7553.6,0,60-72,0,7,1,111.08235294117648,0
7120-RFMVS,Male,0,No,No,1,Yes,Yes,Fiber optic,No,No,No,No,Yes,No,Month-to-month,No,Electronic check,84.5,84.5,1,0-12,1,3,1,84.5,2
7924-GJZFI,Female,1,Yes,No,25,Yes,No,Fiber optic,No,No,No,No,No,No,Month-to-month,Yes,Electronic check,69.3,1813.1,0,24-36,0,1,1,72.524,2
4702-HDRKD,Male,0,No,No,67,No,No,DSL,Yes,No,Yes,Yes,Yes,No,One year,Yes,Bank transfer (automatic),49.35,3321.35,0,60-72,0,4,0,49.57238805970149,1
8512-WIWYV,Male,0,No,No,32,Yes,No,No,No,No,No,No,No,No,One year,No,Credit card (automatic),20.35,707.5,0,24-36,0,1,0,22.109375,1
5897-ZYEKH,Female,1,Yes,No,67,Yes,Yes,Fiber optic,Yes,Yes,No,No,Yes,Yes,One year,Yes,Electronic check,105.6,7112.15,0,60-72,0,6,1,106.15149253731343,1
5456-ITGIC,Male,1,Yes,No,72,No,No,DSL,Yes,Yes,Yes,Yes,Yes,Yes,Two year,Yes,Credit card (automatic),64.45,4641.1,0,60-72,0,6,0,64.45972222222223,0
7317-GGVPB,Male,0,Yes,No,71,Yes,Yes,Fiber optic,No,Yes,Yes,Yes,Yes,Yes,Two year,Yes,Credit card (automatic),108.6,7690.9,1,60-72,0,7,1,108.3225352112676,0
1406-PUQVY,Male,0,No,Yes,1,Yes,No,DSL,No,Yes,No,No,No,No,Month-to-month,Yes,Electronic check,49.9,49.9,0,0-12,1,2,1,49.9,2
1322-AGOQM,Male,0,No,No,46,No,No,DSL,No,Yes,No,No,No,No,Month-to-month,No,Bank transfer (automatic),30.3,1380.1,1,36-48,0,1,0,30.002173913043475,2
3677-IYRBF,Female,1,No,No,2,No,No,DSL,No,No,Yes,No,No,No,Month-to-month,Yes,Electronic check,30.4,78.65,1,0-12,1,1,0,39.325,2
5692-FPTAH,Female,0,No,No,1,Yes,No,DSL,No,No,No,No,No,No,Month-to-month,Yes,Mailed check,45.4,45.4,1,0-12,1,1,1,45.4,2
9114-AAFQH,Female,0,Yes,No,48,Yes,No,DSL,No,Yes,Yes,No,No,Yes,One year,Yes,Electronic check,65.65,3094.65,0,36-48,0,4,1,64.471875,1
8715-KKTFG,Female,0,Yes,No,61,Yes,Yes,Fiber optic,No,No,Yes,Yes,Yes,Yes,One year,Yes,Bank transfer (automatic),103.3,6518.35,0,60-72,0,6,1,106.85819672131149,1
1550-LOAHA,Female,0,Yes,No,32,Yes,No,Fiber optic,No,Yes,No,No,No,Yes,Month-to-month,No,Bank transfer (automatic),84.15,2585.95,1,24-36,0,3,1,80.8109375,2
1728-BQDMA,Female,0,No,No,2,Yes,No,DSL,No,No,No,No,No,No,Month-to-month,No,Electronic check,44.45,82.7,0,0-12,1,1,1,41.35,2
0268-QKIWO,Female,0,No,No,3,Yes,No,No,No,No,No,No,No,No,Month-to-month,No,Electronic check,19.75,58.85,1,0-12,1,1,0,19.616666666666667,2
0876-WDUUZ,Female,0,No,No,5,Yes,No,Fiber optic,No,No,No,Yes,No,Yes,Month-to-month,Yes,Credit card (automatic),85.4,425.9,1,0-12,1,3,1,85.17999999999999,2
5117-ZSMHQ,Female,0,Yes,Yes,71,Yes,Yes,DSL,Yes,Yes,Yes,Yes,Yes,Yes,Two year,No,Bank transfer (automatic),89.9,6342.7,0,60-72,0,8,1,89.33380281690141,0
5151-HQRDG,Male,0,Yes,No,37,Yes,Yes,DSL,Yes,No,No,No,No,No,Month-to-month,Yes,Mailed check,55.05,2030.75,0,36-48,0,3,1,54.88513513513514,2
0960-HUWBM,Male,0,Yes,Yes,65,Yes,Yes,Fiber optic,No,No,Yes,Yes,Yes,Yes,Two year,Yes,Bank transfer (automatic),104.1,6700.05,0,60-72,0,6,1,103.07769230769232,0
6465-GSRCL,Female,0,No,Yes,67,Yes,Yes,Fiber optic,No,Yes,No,Yes,Yes,Yes,One year,Yes,Bank transfer (automatic),106.6,7244.7,0,60-72,0,6,1,108.12985074626866,1
0617-FHSGK,Male,0,No,Yes,49,Yes,Yes,Fiber optic,No,No,No,No,No,No,Month-to-month,No,Credit card (automatic),75.2,3678.3,1,48-60,0,2,1,75.06734693877551,2
0263-FJTQO,Male,0,Yes,Yes,50,Yes,Yes,DSL,Yes,No,No,Yes,Yes,No,Two year,Yes,Credit card (automatic),70.5,3486.65,0,48-60,0,5,1,69.733,0
7319-ZNRTR,Male,0,Yes,Yes,25,Yes,No,No,No,No,No,No,No,No,One year,No,Electronic check,19.6,411.15,0,24-36,0,1,0,16.445999999999998,1
2858-MOFSQ,Female,0,No,Yes,17,Yes,Yes,DSL,No,No,Yes,No,No,No,One year,Yes,Mailed check,55.85,937.5,1,12-24,0,3,1,55.14705882352941,1
7503-EPSZW,Female,0,Yes,Yes,64,Yes,Yes,No,No,No,No,No,No,No,Two year,Yes,Mailed check,24.05,1559.15,0,60-72,0,2,0,24.36171875,0
7089-XXAYG,Male,0,Yes,No,25,No,No,DSL,No,No,Yes,No,Yes,No,One year,Yes,Credit card (automatic),38.1,970.4,0,24-36,0,2,0,38.816,1
8118-LSUEL,Male,1,No,No,23,Yes,Yes,Fiber optic,No,Yes,Yes,No,Yes,Yes,Month-to-month,Yes,Electronic check,106.4,2483.5,1,12-24,0,6,1,107.97826086956522,2
8070-AAWZP,Male,1,Yes,No,24,No,No,DSL,No,No,Yes,Yes,No,No,Month-to-month,No,Mailed check,34.25,828.2,0,12-24,0,2,0,34.50833333333333,2
1666-JXLKU,Female,0,No,No,37,Yes,Yes,Fiber optic,No,No,Yes,No,Yes,Yes,Month-to-month,Yes,Electronic check,100.05,3810.55,0,36-48,0,5,1,102.98783783783784,2
7855-DIWPO,Female,0,No,No,21,Yes,No,Fiber optic,No,No,No,No,No,No,Month-to-month,Yes,Electronic check,68.65,1493.2,0,12-24,0,1,1,71.1047619047619,2
5133-POWUA,Male,0,No,No,1,Yes,No,DSL,No,No,No,No,No,No,Month-to-month,Yes,Mailed check,45.8,45.8,0,0-12,1,1,1,45.8,2
5652-MSDEY,Female,0,No,No,10,Yes,Yes,Fiber optic,No,No,No,No,No,No,Month-to-month,Yes,Mailed check,75.75,777.3,0,0-12,0,2,1,77.72999999999999,2
7005-CCBKV,Male,0,No,No,6,Yes,No,Fiber optic,No,Yes,No,No,No,Yes,Month-to-month,Yes,Electronic check,84.4,556.35,1,0-12,1,3,1,92.72500000000001,2
1810-BOHSY,Male,0,Yes,No,51,Yes,Yes,Fiber optic,Yes,Yes,No,No,No,Yes,One year,Yes,Credit card (automatic),96.4,4911.05,0,48-60,0,5,1,96.29509803921569,1
1784-BXEFA,Female,0,No,No,10,Yes,No,No,No,No,No,No,No,No,Month-to-month,Yes,Mailed check,20.55,187.35,0,0-12,0,1,0,18.735,2
7351-MHQVU,Female,0,No,No,6,No,No,DSL,Yes,Yes,No,Yes,No,Yes,Month-to-month,No,Credit card (automatic),50.95,307.6,0,0-12,1,4,0,51.26666666666667,2
9224-VTYID,Male,0,Yes,Yes,47,Yes,Yes,DSL,Yes,Yes,Yes,Yes,Yes,Yes,Two year,Yes,Mailed check,90.5,4318.35,0,36-48,0,8,1,91.87978723404257,0
9500-IWPXQ,Female,0,Yes,Yes,61,Yes,Yes,DSL,Yes,Yes,Yes,Yes,No,Yes,One year,Yes,Electronic check,79.4,4820.55,0,60-72,0,7,1,79.02540983606558,1
5762-TJXGK,Female,0,No,No,52,No,No,DSL,Yes,Yes,Yes,No,Yes,Yes,Two year,Yes,Bank transfer (automatic),58.75,3038.55,0,48-60,0,5,0,58.43365384615385,0
4504-YOULA,Female,0,Yes,Yes,35,Yes,Yes,DSL,Yes,Yes,No,No,No,No,Month-to-month,Yes,Credit card (automatic),59.45,2136.9,0,24-36,0,4,1,61.05428571428572,2
5569-IDSEY,Male,0,Yes,No,71,Yes,Yes,Fiber optic,No,Yes,Yes,No,Yes,Yes,One year,Yes,Bank transfer (automatic),105.7,7472.15,0,60-72,0,6,1,105.24154929577465,1
4250-FDVOU,Female,0,No,No,6,Yes,No,DSL,Yes,Yes,No,No,No,No,Month-to-month,No,Electronic check,56.25,389.1,1,0-12,1,3,1,64.85000000000001,2
7284-ZZLOH,Male,0,Yes,No,45,Yes,No,DSL,Yes,No,Yes,No,No,No,Two year,No,Credit card (automatic),53.3,2296.25,0,36-48,0,3,1,51.02777777777778,0
5277-ZLOOR,Female,1,No,No,2,Yes,Yes,Fiber optic,No,No,No,No,Yes,No,Month-to-month,Yes,Electronic check,85.55,187.45,1,0-12,1,3,1,93.725,2
2141-RRYGO,Female,0,No,No,4,Yes,No,DSL,No,Yes,No,No,Yes,Yes,Month-to-month,Yes,Bank transfer (automatic),68.65,261.25,1,0-12,1,4,1,65.3125,2
1777-JYQPJ,Male,0,No,No,2,No,No,DSL,No,No,No,No,No,No,Month-to-month,No,Mailed check,24.3,38.45,0,0-12,1,0,0,19.225,2
6376-GAHQE,Male,0,No,No,4,Yes,No,Fiber optic,No,No,No,No,Yes,No,Month-to-month,No,Electronic check,77.85,299.2,1,0-12,1,2,1,74.8,2
3401-URHDA,Male,0,No,No,51,Yes,Yes,DSL,Yes,No,No,Yes,No,No,One year,No,Credit card (automatic),59.9,3043.6,0,48-60,0,4,1,59.67843137254902,1
1599-EAHXY,Male,0,Yes,Yes,60,Yes,Yes,No,No,No,No,No,No,No,One year,No,Credit card (automatic),23.95,1506.4,0,48-60,0,2,0,25.10666666666667,1
8631-XVRZL,Male,0,No,No,9,Yes,No,No,No,No,No,No,No,No,One year,Yes,Mailed check,20.15,163.7,0,0-12,0,1,0,18.188888888888886,1
5052-PNLOS,Male,0,No,No,3,Yes,Yes,Fiber optic,No,Yes,Yes,No,Yes,Yes,Month-to-month,Yes,Bank transfer (automatic),105.35,323.25,1,0-12,1,6,1,107.75,2
3853-LYGAM,Male,0,No,No,17,Yes,Yes,Fiber optic,No,No,Yes,Yes,No,Yes,Month-to-month,Yes,Bank transfer (automatic),95.65,1640.0,0,12-24,0,5,1,96.47058823529412,2
6979-ZNSFF,Female,0,No,No,8,Yes,Yes,Fiber optic,No,No,No,No,Yes,No,Month-to-month,Yes,Electronic check,87.05,762.1,1,0-12,0,3,1,95.2625,2
5751-USDBL,Male,0,Yes,Yes,46,Yes,No,DSL,Yes,No,Yes,Yes,Yes,Yes,Two year,No,Mailed check,81.0,3846.35,0,36-48,0,6,1,83.61630434782609,0
5680-LQOGP,Female,0,No,No,68,Yes,No,DSL,Yes,Yes,Yes,Yes,Yes,Yes,Two year,Yes,Credit card (automatic),82.45,5646.6,0,60-72,0,7,1,83.03823529411765,0
2386-LAHRK,Male,0,No,No,1,Yes,No,DSL,No,No,No,No,Yes,No,Month-to-month,Yes,Mailed check,53.5,53.5,1,0-12,1,2,1,53.5,2
8189-DUKMV,Female,0,Yes,No,4,Yes,No,No,No,No,No,No,No,No,One year,No,Bank transfer (automatic),20.5,79.05,0,0-12,1,1,0,19.7625,1
6032-IGALN,Female,0,No,No,1,No,No,DSL,No,No,No,No,No,No,Month-to-month,Yes,Mailed check,25.1,25.1,1,0-12,1,0,0,25.1,2
9931-DCEZH,Male,0,No,Yes,28,Yes,No,DSL,No,Yes,No,Yes,No,No,One year,Yes,Credit card (automatic),54.4,1516.6,0,24-36,0,3,1,54.16428571428571,1
1898-JSNDC,Female,0,No,No,39,Yes,No,DSL,No,Yes,No,No,Yes,No,One year,Yes,Credit card (automatic),58.6,2224.5,0,36-48,0,3,1,57.03846153846154,1
0315-LVCRK,Male,0,No,No,11,Yes,No,Fiber optic,No,No,Yes,No,No,Yes,Month-to-month,No,Electronic check,84.8,888.75,0,0-12,0,3,1,80.79545454545455,2
3911-RSNHI,Female,0,Yes,No,71,No,No,DSL,No,Yes,Yes,Yes,Yes,Yes,Two year,Yes,Credit card (automatic),61.4,4310.35,0,60-72,0,5,0,60.70915492957747,0
2410-CIYFZ,Male,0,No,Yes,2,Yes,No,No,No,No,No,No,No,No,Month-to-month,No,Mailed check,20.4,42.9,0,0-12,1,1,0,21.45,2
4248-HCETZ,Male,1,Yes,No,30,Yes,No,Fiber optic,No,Yes,Yes,No,No,No,Month-to-month,Yes,Mailed check,79.65,2365.15,1,24-36,0,3,1,78.83833333333334,2
5505-OVWQW,Female,0,No,No,17,Yes,No,No,No,No,No,No,No,No,One year,No,Mailed check,20.15,353.65,0,12-24,0,1,0,20.802941176470586,1
7271-AJDTL,Female,0,Yes,No,55,Yes,Yes,Fiber optic,No,Yes,Yes,No,Yes,No,Month-to-month,Yes,Credit card (automatic),94.45,5073.1,0,48-60,0,5,1,92.23818181818183,2
1867-TJHTS,Female,0,No,No,58,Yes,Yes,Fiber optic,Yes,No,No,No,No,No,Month-to-month,Yes,Bank transfer (automatic),79.8,4526.85,0,48-60,0,3,1,78.0491379310345,2
0516-WJVXC,Female,0,No,No,5,Yes,No,DSL,Yes,No,No,Yes,No,No,Month-to-month,No,Electronic check,54.2,308.25,1,0-12,1,3,1,61.65,2
9174-FKWZE,Female,1,No,No,1,Yes,No,No,No,No,No,No,No,No,Month-to-month,Yes,Electronic check,19.45,19.45,1,0-12,1,1,0,19.45,2
6860-YRJZP,Male,1,No,No,9,Yes,Yes,Fiber optic,No,No,No,No,No,No,Month-to-month,Yes,Electronic check,74.05,678.45,0,0-12,0,2,1,75.38333333333334,2
4429-WYGFR,Male,0,No,No,26,Yes,No,DSL,No,No,No,Yes,No,No,Month-to-month,No,Bank transfer (automatic),49.15,1237.3,0,24-36,0,2,1,47.58846153846154,2
2817-LVCPP,Female,0,No,No,50,Yes,No,No,No,No,No,No,No,No,Two year,No,Credit card (automatic),19.4,1023.95,0,48-60,0,1,0,20.479,0
5038-ETMLM,Female,0,Yes,No,72,Yes,Yes,Fiber optic,Yes,Yes,Yes,Yes,Yes,Yes,Two year,Yes,Bank transfer (automatic),113.65,8182.75,0,60-72,0,8,1,113.64930555555556,0
5056-FIMPT,Female,0,No,Yes,43,Yes,No,Fiber optic,Yes,Yes,No,Yes,Yes,Yes,One year,Yes,Credit card (automatic),106.0,4532.3,0,36-48,0,6,1,105.40232558139536,1
4521-WFJAI,Male,0,No,No,56,Yes,Yes,No,No,No,No,No,No,No,Two year,Yes,Bank transfer (automatic),25.95,1444.05,0,48-60,0,2,0,25.786607142857143,0
6569-KTMDU,Female,0,No,No,1,Yes,No,No,No,No,No,No,No,No,Month-to-month,No,Mailed check,19.1,19.1,0,0-12,1,1,0,19.1,2
8809-RIHDD,Male,0,Yes,Yes,72,Yes,Yes,Fiber optic,No,Yes,Yes,No,Yes,Yes,Two year,Yes,Electronic check,103.4,7372.65,1,60-72,0,6,1,102.39791666666666,0
8809-XKHMD,Male,0,Yes,No,72,Yes,Yes,Fiber optic,Yes,Yes,No,Yes,No,Yes,Two year,Yes,Bank transfer (automatic),100.55,7325.1,0,60-72,0,6,1,101.73750000000001,0
0396-YCHWO,Male,0,Yes,No,36,Yes,Yes,Fiber optic,No,No,No,No,Yes,Yes,Month-to-month,Yes,Electronic check,95.4,3474.2,0,24-36,0,4,1,96.50555555555555,2
0867-LDTTC,Male,0,No,No,5,Yes,No,DSL,No,No,Yes,Yes,Yes,Yes,Month-to-month,No,Bank transfer (automatic),75.15,392.65,0,0-12,1,5,1,78.53,2
4822-NGOCH,Female,0,No,No,13,Yes,Yes,Fiber optic,No,Yes,Yes,No,No,No,Month-to-month,Yes,Electronic check,84.45,1058.6,1,12-24,0,4,1,81.43076923076923,2
9391-DXGGG,Female,1,No,No,44,Yes,No,Fiber optic,No,Yes,Yes,No,No,Yes,One year,No,Credit card (automatic),89.15,3990.75,0,36-48,0,4,1,90.69886363636364,1
9844-FELAJ,Female,1,Yes,Yes,70,Yes,Yes,Fiber optic,No,Yes,Yes,Yes,Yes,Yes,One year,Yes,Electronic check,107.9,7475.85,0,60-72,0,7,1,106.79785714285715,1
2122-SZZZD,Male,0,No,No,44,Yes,No,No,No,No,No,No,No,No,One year,No,Credit card (automatic),19.5,835.5,0,36-48,0,1,0,18.988636363636363,1
5307-DZCVC,Female,1,Yes,No,32,Yes,Yes,Fiber optic,No,No,No,No,Yes,No,Month-to-month,Yes,Credit card (automatic),85.95,2628.6,1,24-36,0,3,1,82.14375,2
3148-AOIQT,Female,0,Yes,No,69,Yes,Yes,No,No,No,No,No,No,No,Two year,Yes,Credit card (automatic),24.95,1718.35,0,60-72,0,2,0,24.903623188405795,0
8679-JOEVF,Female,1,No,No,16,Yes,No,DSL,No,No,No,Yes,Yes,No,Month-to-month,No,Electronic check,59.4,1023.9,1,12-24,0,3,1,63.99375,2
8395-ETZKQ,Male,1,Yes,Yes,68,Yes,No,No,No,No,No,No,No,No,One year,No,Bank transfer (automatic),19.5,1193.55,0,60-72,0,1,0,17.55220588235294,1
6692-YQHXC,Male,0,No,No,16,Yes,No,Fiber optic,No,No,No,No,No,No,Month-to-month,Yes,Credit card (automatic),69.95,1205.5,0,12-24,0,1,1,75.34375,2
3889-VWBID,Male,0,Yes,Yes,68,Yes,No,DSL,Yes,Yes,No,Yes,Yes,Yes,Two year,No,Bank transfer (automatic),82.85,5776.45,0,60-72,0,6,1,84.94779411764705,0
5222-JCXZT,Male,0,No,No,4,Yes,No,No,No,No,No,No,No,No,Month-to-month,No,Mailed check,19.0,78.9,0,0-12,1,1,0,19.725,2
9754-CLVZW,Female,0,Yes,Yes,26,No,No,DSL,Yes,Yes,No,Yes,No,No,Month-to-month,No,Credit card (automatic),38.85,1025.15,0,24-36,0,3,0,39.42884615384616,2
1432-FPAXX,Female,0,No,No,29,No,No,DSL,No,Yes,No,No,No,No,Month-to-month,Yes,Electronic check,30.6,856.35,1,24-36,0,1,0,29.529310344827586,2
2739-CCZMB,Male,0,No,Yes,5,Yes,No,No,No,No,No,No,No,No,Month-to-month,No,Credit card (automatic),20.35,122.0,0,0-12,1,1,0,24.4,2
7080-TNUWP,Male,0,Yes,No,70,Yes,Yes,Fiber optic,No,Yes,Yes,No,Yes,No,One year,Yes,Bank transfer (automatic),95.0,6602.9,0,60-72,0,5,1,94.32714285714285,1
0496-AHOOK,Male,0,Yes,No,24,Yes,No,DSL,Yes,No,No,Yes,Yes,Yes,One year,No,Bank transfer (automatic),74.4,1712.9,0,12-24,0,5,1,71.37083333333334,1
8336-TAVKX,Female,1,Yes,No,72,Yes,Yes,DSL,Yes,Yes,Yes,Yes,No,Yes,Two year,No,Bank transfer (automatic),78.45,5682.25,0,60-72,0,7,1,78.92013888888889,0
2468-SJFLM,Male,0,No,No,1,Yes,No,Fiber optic,No,No,No,Yes,No,No,Month-to-month,Yes,Mailed check,74.3,74.3,0,0-12,1,2,1,74.3,2
3181-VTHOE,Male,0,Yes,No,70,No,No,DSL,No,Yes,Yes,Yes,No,Yes,One year,Yes,Bank transfer (automatic),51.05,3635.15,0,60-72,0,4,0,51.93071428571429,1
7168-HDQHG,Female,0,Yes,Yes,36,Yes,No,No,No,No,No,No,No,No,Month-to-month,No,Bank transfer (automatic),19.2,702.9,0,24-36,0,1,0,19.525,2
4803-AXVYP,Female,1,No,No,38,Yes,Yes,Fiber optic,No,No,No,Yes,Yes,Yes,Month-to-month,Yes,Electronic check,99.55,3734.25,1,36-48,0,5,1,98.26973684210526,2
3884-HCSWG,Female,0,No,No,17,Yes,No,Fiber optic,No,No,No,No,No,No,Month-to-month,Yes,Electronic check,70.0,1144.5,1,12-24,0,1,1,67.32352941176471,2
4567-AKPIA,Female,0,Yes,Yes,41,Yes,Yes,Fiber optic,No,Yes,Yes,Yes,Yes,Yes,One year,Yes,Bank transfer (automatic),109.1,4454.25,0,36-48,0,7,1,108.64024390243902,1
5077-DXTCG,Female,0,No,No,1,Yes,No,DSL,No,No,No,No,No,No,Month-to-month,Yes,Electronic check,45.3,45.3,1,0-12,1,1,1,45.3,2
1142-WACZW,Male,0,No,No,2,No,No,DSL,No,No,No,Yes,No,No,Month-to-month,No,Bank transfer (automatic),29.85,75.6,1,0-12,1,1,0,37.8,2
7901-HXJVA,Male,0,No,No,14,Yes,No,Fiber optic,No,No,Yes,No,No,No,Month-to-month,No,Electronic check,76.45,1117.55,0,12-24,0,2,1,79.825,2
5649-ANRML,Male,1,No,No,2,Yes,No,Fiber optic,No,Yes,Yes,Yes,No,Yes,Month-to-month,Yes,Credit card (automatic),95.1,180.25,1,0-12,1,5,1,90.125,2
4892-VLANZ,Male,0,No,No,1,Yes,No,No,No,No,No,No,No,No,Month-to-month,No,Mailed check,19.8,19.8,1,0-12,1,1,0,19.8,2
5924-IFQTT,Male,0,Yes,Yes,13,Yes,Yes,DSL,No,Yes,Yes,Yes,Yes,No,Month-to-month,Yes,Electronic check,72.8,930.05,0,12-24,0,6,1,71.54230769230769,2
7968-QUXNS,Male,0,No,No,6,Yes,No,No,No,No,No,No,No,No,Month-to-month,No,Mailed check,18.95,110.15,0,0-12,1,1,0,18.358333333333334,2
2919-HBCJO,Female,0,No,No,4,Yes,No,Fiber optic,No,Yes,No,No,No,No,Month-to-month,Yes,Bank transfer (automatic),76.65,333.6,1,0-12,1,2,1,83.4,2
4236-XPXAV,Female,0,Yes,Yes,5,Yes,No,Fiber optic,No,Yes,No,Yes,Yes,Yes,Month-to-month,Yes,Mailed check,99.15,465.05,1,0-12,1,5,1,93.01,2
8903-WMRNW,Female,0,Yes,No,15,Yes,No,Fiber optic,Yes,No,Yes,No,Yes,Yes,Month-to-month,No,Electronic check,101.75,1669.4,0,12-24,0,5,1,111.29333333333334,2
2452-SNHFZ,Female,0,No,No,47,Yes,No,Fiber optic,Yes,No,No,No,No,No,Month-to-month,No,Credit card (automatic),75.45,3545.1,0,36-48,0,2,1,75.42765957446808,2
3629-WEAAM,Female,0,No,No,8,Yes,No,DSL,No,No,Yes,Yes,No,Yes,Month-to-month,No,Mailed check,64.1,504.05,0,0-12,0,4,1,63.00625,2
6029-CSMJE,Male,0,No,No,17,No,No,DSL,No,No,No,No,No,No,Month-to-month,Yes,Mailed check,25.65,440.2,0,12-24,0,0,0,25.894117647058824,2
7993-NQLJE,Male,0,Yes,Yes,15,Yes,No,Fiber optic,Yes,No,No,No,No,No,Month-to-month,No,Mailed check,75.1,1151.55,0,12-24,0,2,1,76.77,2
9909-DFRJA,Female,0,No,No,26,Yes,No,Fiber optic,Yes,No,Yes,Yes,No,Yes,One year,Yes,Bank transfer (automatic),95.85,2475.35,0,24-36,0,5,1,95.20576923076922,1
9099-FTUHS,Female,0,No,No,23,Yes,Yes,DSL,Yes,No,No,No,No,No,Month-to-month,No,Electronic check,54.4,1249.25,0,12-24,0,3,1,54.31521739130435,2
0581-BXBUB,Female,1,No,No,4,Yes,No,Fiber optic,No,Yes,No,No,No,No,Month-to-month,No,Electronic check,72.75,317.75,0,0-12,1,2,1,79.4375,2
4962-CHQPW,Male,0,No,Yes,29,Yes,No,No,No,No,No,No,No,No,One year,No,Mailed check,19.85,535.05,0,24-36,0,1,0,18.45,1
9467-ROOLM,Female,0,No,No,25,Yes,No,No,No,No,No,No,No,No,Month-to-month,No,Mailed check,19.05,461.3,0,24-36,0,1,0,18.452,2
3030-YZADT,Male,0,No,No,9,Yes,No,DSL,No,No,No,No,No,No,Month-to-month,No,Mailed check,44.95,431.0,1,0-12,0,1,1,47.888888888888886,2
7410-KTVFV,Male,0,Yes,No,18,Yes,No,DSL,No,No,Yes,No,No,No,Month-to-month,Yes,Mailed check,49.55,878.35,1,12-24,0,2,1,48.797222222222224,2
5150-ITWWB,Male,1,No,No,3,Yes,Yes,Fiber optic,No,No,No,No,Yes,Yes,Month-to-month,Yes,Electronic check,94.85,335.75,0,0-12,1,4,1,111.91666666666667,2
2253-KPMNB,Female,0,Yes,Yes,69,No,No,DSL,Yes,Yes,Yes,Yes,No,No,Two year,No,Bank transfer (automatic),46.25,3121.4,0,60-72,0,4,0,45.23768115942029,0
1345-ZUKID,Male,0,No,No,14,Yes,No,No,No,No,No,No,No,No,One year,No,Mailed check,19.35,324.8,0,12-24,0,1,0,23.2,1
6429-SHBCB,Male,0,No,No,19,Yes,Yes,DSL,No,No,No,No,Yes,Yes,Month-to-month,No,Mailed check,69.6,1394.55,0,12-24,0,4,1,73.39736842105263,2
9281-OFDMF,Male,1,No,No,39,Yes,Yes,Fiber optic,No,Yes,No,No,No,Yes,Month-to-month,No,Electronic check,90.7,3413.25,0,36-48,0,4,1,87.51923076923077,2
2603-HVKCG,Male,0,No,No,31,Yes,No,Fiber optic,No,Yes,Yes,No,Yes,Yes,Month-to-month,Yes,Electronic check,101.4,3143.65,0,24-36,0,5,1,101.40806451612903,2
1834-WULEG,Male,0,Yes,Yes,24,Yes,No,No,No,No,No,No,No,No,One year,No,Mailed check,20.25,439.75,0,12-24,0,1,0,18.322916666666668,1
9097-ZUBYC,Male,0,Yes,No,14,Yes,No,DSL,No,No,No,Yes,No,No,Month-to-month,No,Bank transfer (automatic),48.8,664.4,0,12-24,0,2,1,47.457142857142856,2
5148-ORICT,Female,0,Yes,No,64,Yes,No,DSL,Yes,Yes,Yes,Yes,No,Yes,Two year,Yes,Mailed check,74.35,4759.55,0,60-72,0,6,1,74.36796875,0
4893-GYUJU,Female,0,No,No,50,Yes,No,No,No,No,No,No,No,No,One year,Yes,Mailed check,19.35,1033.0,0,48-60,0,1,0,20.66,1
4578-PHJYZ,Male,0,Yes,Yes,52,Yes,No,DSL,No,Yes,Yes,Yes,Yes,No,One year,Yes,Electronic check,68.75,3482.85,0,48-60,0,5,1,66.97788461538461,1
7272-QDCKA,Male,0,No,No,28,Yes,Yes,Fiber optic,No,Yes,No,No,Yes,Yes,One year,No,Electronic check,100.2,2688.45,0,24-36,0,5,1,96.01607142857142,1
8908-SLFCJ,Female,0,No,No,21,Yes,No,No,No,No,No,No,No,No,Two year,Yes,Credit card (automatic),20.85,435.25,0,12-24,0,1,0,20.726190476190474,0
8393-DLHGA,Male,0,No,Yes,25,Yes,No,Fiber optic,No,Yes,No,No,Yes,Yes,Month-to-month,Yes,Electronic check,95.9,2448.75,1,24-36,0,4,1,97.95,2
9766-HGEDE,Female,0,Yes,No,17,Yes,No,No,No,No,No,No,No,No,One year,No,Mailed check,19.35,307.0,0,12-24,0,1,0,18.058823529411764,1
6968-MHOMU,Male,0,Yes,No,58,No,No,DSL,No,No,No,No,Yes,Yes,One year,Yes,Credit card (automatic),45.0,2689.35,0,48-60,0,2,0,46.36810344827586,1
7395-IGJOS,Male,1,Yes,No,17,Yes,No,Fiber optic,No,No,No,No,No,Yes,Month-to-month,No,Bank transfer (automatic),81.5,1329.2,1,12-24,0,2,1,78.18823529411765,2
5044-XDPYX,Female,0,Yes,No,51,Yes,Yes,No,No,No,No,No,No,No,Two year,No,Mailed check,25.5,1281.25,0,48-60,0,2,0,25.122549019607842,0
1814-WFGVS,Male,0,Yes,Yes,72,No,No,DSL,Yes,No,Yes,Yes,Yes,No,Two year,No,Mailed check,48.9,3527.0,0,60-72,0,4,0,48.986111111111114,0
2834-SPCJV,Male,0,Yes,No,52,Yes,No,Fiber optic,Yes,No,No,No,Yes,No,Month-to-month,No,Electronic check,84.1,4348.65,1,48-60,0,3,1,83.6278846153846,2
3721-WKIIL,Female,0,No,No,27,Yes,No,No,No,No,No,No,No,No,Two year,Yes,Mailed check,19.6,561.15,0,24-36,0,1,0,20.78333333333333,0
6734-CKRSM,Female,0,No,No,3,Yes,No,No,No,No,No,No,No,No,Month-to-month,No,Mailed check,20.0,63.6,0,0-12,1,1,0,21.2,2
1265-ZFOSD,Female,0,Yes,No,64,Yes,Yes,DSL,Yes,Yes,Yes,Yes,No,Yes,Two year,Yes,Mailed check,81.3,5129.3,0,60-72,0,7,1,80.1453125,0
6568-POCUI,Female,0,Yes,No,45,Yes,No,Fiber optic,No,No,No,Yes,Yes,Yes,Two year,Yes,Credit card (automatic),95.2,4285.8,0,36-48,0,4,1,95.24000000000001,0
7890-VYYWG,Male,1,Yes,No,3,No,No,DSL,No,No,No,No,Yes,No,Month-to-month,Yes,Mailed check,36.45,93.7,1,0-12,1,1,0,31.233333333333334,2
5197-LQXXH,Female,0,Yes,No,71,Yes,Yes,DSL,No,Yes,Yes,Yes,Yes,Yes,Two year,Yes,Credit card (automatic),83.3,5894.5,0,60-72,0,7,1,83.02112676056338,0
9907-SWKKF,Female,1,No,No,1,No,No,DSL,No,No,No,No,No,No,Month-to-month,No,Mailed check,25.05,25.05,1,0-12,1,0,0,25.05,2
3457-PQBYH,Female,0,Yes,Yes,58,Yes,No,No,No,No,No,No,No,No,Two year,No,Credit card (automatic),20.3,1160.75,0,48-60,0,1,0,20.012931034482758,0
7682-AZNDK,Male,0,Yes,Yes,34,Yes,No,Fiber optic,No,Yes,Yes,No,Yes,No,Month-to-month,Yes,Electronic check,89.85,3091.75,0,24-36,0,4,1,90.93382352941177,2
0587-DMGBH,Female,0,No,No,8,Yes,No,DSL,Yes,No,No,No,No,No,Month-to-month,Yes,Electronic check,49.85,365.55,1,0-12,0,2,1,45.69375,2
5384-ZTTWP,Female,0,Yes,Yes,15,Yes,No,No,No,No,No,No,No,No,Month-to-month,No,Mailed check,19.8,272.95,0,12-24,0,1,0,18.196666666666665,2
3745-HRPHI,Male,0,Yes,Yes,66,No,No,DSL,No,No,Yes,Yes,Yes,Yes,Two year,No,Bank transfer (automatic),54.65,3632.0,0,60-72,0,4,0,55.03030303030303,0
7636-OWBPG,Male,1,No,No,12,No,No,DSL,No,Yes,No,No,No,No,Month-to-month,Yes,Credit card (automatic),29.35,381.2,0,0-12,0,1,0,31.766666666666666,2
1231-YNDEK,Male,0,No,No,58,Yes,No,No,No,No,No,No,No,No,Two year,Yes,Bank transfer (automatic),19.15,1035.5,0,48-60,0,1,0,17.853448275862068,0
1407-DIGZV,Female,0,Yes,Yes,3,Yes,No,No,No,No,No,No,No,No,Two year,No,Mailed check,19.1,52.0,0,0-12,1,1,0,17.333333333333332,0
6397-JNZZG,Female,1,Yes,No,43,No,No,DSL,No,Yes,Yes,No,Yes,Yes,Month-to-month,No,Credit card (automatic),55.55,2342.2,1,36-48,0,4,0,54.46976744186046,2
0570-BFQHT,Female,0,No,No,9,Yes,No,Fiber optic,No,Yes,Yes,No,No,No,Month-to-month,No,Electronic check,80.55,653.9,0,0-12,0,3,1,72.65555555555555,2
4393-OBCRR,Female,0,No,No,3,Yes,No,No,No,No,No,No,No,No,One year,No,Mailed check,20.25,71.2,0,0-12,1,1,0,23.733333333333334,1
3523-QRQLL,Female,0,Yes,Yes,22,Yes,No,DSL,No,Yes,No,No,Yes,Yes,One year,Yes,Bank transfer (automatic),69.5,1498.2,1,12-24,0,4,1,68.10000000000001,1
8564-LDKFL,Male,0,Yes,No,40,Yes,Yes,Fiber optic,No,Yes,Yes,No,Yes,Yes,One year,Yes,Bank transfer (automatic),106.0,4178.65,0,36-48,0,6,1,104.46624999999999,1
3696-DFHHB,Female,0,No,No,68,Yes,Yes,No,No,No,No,No,No,No,Two year,No,Bank transfer (automatic),25.5,1821.8,0,60-72,0,2,0,26.791176470588233,0
0895-DQHEW,Male,0,Yes,No,54,Yes,Yes,Fiber optic,No,Yes,Yes,No,Yes,Yes,Month-to-month,Yes,Electronic check,104.3,5278.15,1,48-60,0,6,1,97.74351851851851,2
4717-GHADL,Female,0,No,No,50,Yes,Yes,DSL,No,Yes,No,Yes,Yes,Yes,Two year,Yes,Mailed check,79.6,4024.2,0,48-60,0,6,1,80.484,0
5501-TVMGM,Male,0,No,No,1,Yes,No,DSL,No,No,No,No,No,Yes,Month-to-month,Yes,Electronic check,55.25,55.25,0,0-12,1,2,1,55.25,2
5879-HMFFH,Female,0,Yes,No,72,Yes,Yes,DSL,Yes,Yes,Yes,Yes,Yes,Yes,Two year,No,Bank transfer (automatic),88.05,6520.8,0,60-72,0,8,1,90.56666666666666,0
6772-WFQRD,Male,0,No,Yes,40,Yes,No,No,No,No,No,No,No,No,One year,Yes,Bank transfer (automatic),20.4,854.9,0,36-48,0,1,0,21.3725,1
3810-DVDQQ,Female,0,Yes,Yes,72,Yes,Yes,Fiber optic,Yes,Yes,Yes,Yes,Yes,Yes,Two year,Yes,Bank transfer (automatic),117.6,8308.9,0,60-72,0,8,1,115.40138888888889,0
6972-SNKKW,Female,0,No,No,6,Yes,No,No,No,No,No,No,No,No,Month-to-month,No,Mailed check,20.0,109.2,0,0-12,1,1,0,18.2,2
3694-GLTJM,Female,0,No,No,5,Yes,No,No,No,No,No,No,No,No,Month-to-month,Yes,Credit card (automatic),19.65,92.05,0,0-12,1,1,0,18.41,2
8550-XSXUQ,Male,0,Yes,No,48,Yes,Yes,DSL,No,Yes,Yes,No,No,Yes,One year,Yes,Credit card (automatic),70.55,3420.5,0,36-48,0,5,1,71.26041666666667,1
8149-RSOUN,Female,0,No,No,1,Yes,Yes,Fiber optic,No,No,No,No,Yes,Yes,Month-to-month,Yes,Electronic check,93.85,93.85,1,0-12,1,4,1,93.85,2
9055-MOJJJ,Female,0,Yes,Yes,64,Yes,No,DSL,Yes,No,No,Yes,Yes,No,One year,No,Mailed check,65.8,4068.0,0,60-72,0,4,1,63.5625,1
4359-INNWN,Female,0,No,No,17,Yes,No,No,No,No,No,No,No,No,One year,No,Credit card (automatic),20.05,337.9,0,12-24,0,1,0,19.876470588235293,1
0585-EGDDA,Male,0,Yes,No,40,Yes,No,Fiber optic,No,Yes,Yes,No,No,No,Month-to-month,Yes,Electronic check,80.0,3168.75,0,36-48,0,3,1,79.21875,2
4032-RMHCI,Female,0,Yes,Yes,41,No,No,DSL,Yes,No,Yes,No,No,No,One year,No,Credit card (automatic),35.4,1412.4,0,36-48,0,2,0,34.44878048780488,1
0549-CYCQN,Male,1,No,No,51,Yes,Yes,Fiber optic,No,Yes,No,No,No,No,One year,Yes,Bank transfer (automatic),79.6,3974.7,0,48-60,0,3,1,77.93529411764706,1
3481-JHUZH,Male,0,Yes,No,41,Yes,Yes,Fiber optic,No,Yes,No,No,No,No,Month-to-month,Yes,Electronic check,80.25,3439.0,0,36-48,0,3,1,83.8780487804878,2
7250-EQKIY,Female,0,Yes,Yes,1,Yes,No,DSL,No,No,Yes,No,No,No,Month-to-month,No,Mailed check,50.45,50.45,1,0-12,1,2,1,50.45,2
3594-IVHJZ,Female,0,No,No,2,Yes,No,No,No,No,No,No,No,No,Month-to-month,Yes,Mailed check,20.45,42.45,0,0-12,1,1,0,21.225,2
6869-FGJJC,Male,0,No,No,68,Yes,No,Fiber optic,No,Yes,Yes,No,No,No,One year,No,Credit card (automatic),79.6,5461.45,0,60-72,0,3,1,80.31544117647059,1
3896-ZVNET,Female,0,Yes,Yes,24,Yes,Yes,No,No,No,No,No,No,No,Two year,No,Mailed check,24.7,571.75,0,12-24,0,2,0,23.822916666666668,0
8205-VSLRB,Male,0,Yes,No,70,Yes,Yes,DSL,Yes,No,Yes,Yes,No,Yes,Two year,No,Credit card (automatic),77.3,5498.2,0,60-72,0,6,1,78.54571428571428,0
5960-MVTUK,Male,0,No,No,3,No,No,DSL,No,No,No,Yes,No,No,Month-to-month,Yes,Electronic check,29.75,96.85,0,0-12,1,1,0,32.28333333333333,2
6817-WTYHE,Male,0,No,No,2,Yes,No,DSL,No,No,No,No,No,No,Month-to-month,No,Bank transfer (automatic),44.9,111.05,0,0-12,1,1,1,55.525,2
3082-VQXNH,Male,0,Yes,No,3,No,No,DSL,No,Yes,No,No,No,No,Month-to-month,No,Credit card (automatic),29.8,94.4,0,0-12,1,1,0,31.46666666666667,2
4013-UBXWQ,Female,0,No,No,7,Yes,Yes,DSL,No,No,No,Yes,Yes,Yes,Month-to-month,Yes,Electronic check,74.65,521.1,1,0-12,0,5,1,74.44285714285715,2
4931-TRZWN,Female,0,No,No,13,Yes,No,DSL,Yes,No,No,No,Yes,Yes,Month-to-month,Yes,Electronic check,71.95,923.85,0,12-24,0,4,1,71.06538461538462,2
0750-EKNGL,Male,0,No,No,7,Yes,No,No,No,No,No,No,No,No,Month-to-month,No,Mailed check,20.75,141.1,0,0-12,0,1,0,20.157142857142855,2
7669-LCRSD,Male,0,Yes,Yes,12,Yes,No,DSL,No,No,No,No,Yes,No,Month-to-month,Yes,Mailed check,56.3,628.65,0,0-12,0,2,1,52.387499999999996,2
3567-PQTSO,Male,0,Yes,Yes,53,Yes,Yes,Fiber optic,No,Yes,Yes,No,Yes,Yes,One year,Yes,Electronic check,105.25,5576.3,0,48-60,0,6,1,105.21320754716982,1
5519-NPHVG,Female,0,No,No,12,Yes,Yes,Fiber optic,No,No,No,No,Yes,Yes,Month-to-month,Yes,Electronic check,94.2,1046.1,1,0-12,0,4,1,87.175,2
8043-PNYSD,Male,0,Yes,Yes,63,Yes,No,No,No,No,No,No,No,No,Two year,No,Mailed check,19.55,1245.6,0,60-72,0,1,0,19.77142857142857,0
9938-EKRGF,Female,0,No,No,15,Yes,No,DSL,Yes,Yes,Yes,Yes,Yes,Yes,Month-to-month,No,Mailed check,84.45,1287.85,0,12-24,0,7,1,85.85666666666665,2
2703-AMTUL,Male,0,Yes,Yes,36,Yes,No,DSL,Yes,Yes,No,No,No,No,One year,No,Mailed check,53.65,1939.35,0,24-36,0,3,1,53.87083333333333,1
0928-JMXNP,Male,1,Yes,No,4,No,No,DSL,No,No,Yes,No,No,No,Month-to-month,Yes,Electronic check,29.9,118.25,0,0-12,1,1,0,29.5625,2
8173-RXAYP,Female,0,Yes,Yes,24,Yes,No,No,No,No,No,No,No,No,Two year,No,Mailed check,19.7,452.55,0,12-24,0,1,0,18.85625,0
4825-XJGDM,Female,0,No,No,61,No,No,DSL,Yes,Yes,Yes,Yes,No,No,One year,No,Credit card (automatic),43.7,2696.55,0,60-72,0,4,0,44.205737704918036,1
5402-HTOTQ,Male,0,No,No,16,Yes,Yes,DSL,No,Yes,No,No,No,No,Month-to-month,No,Electronic check,55.3,875.35,0,12-24,0,3,1,54.709375,2
6734-JDTTV,Male,0,Yes,Yes,65,Yes,No,No,No,No,No,No,No,No,Two year,Yes,Credit card (automatic),19.85,1267.05,0,60-72,0,1,0,19.493076923076924,0
7850-THJMU,Female,0,Yes,Yes,26,Yes,No,No,No,No,No,No,No,No,Two year,No,Credit card (automatic),19.65,494.9,0,24-36,0,1,0,19.034615384615385,0
3890-RTCMS,Male,0,No,No,16,Yes,No,DSL,No,No,No,Yes,No,No,Month-to-month,Yes,Mailed check,49.45,799.0,0,12-24,0,2,1,49.9375,2
8849-GYOKR,Female,0,Yes,No,54,Yes,Yes,Fiber optic,Yes,Yes,No,No,Yes,Yes,One year,No,Bank transfer (automatic),106.55,5763.3,1,48-60,0,6,1,106.72777777777777,1
3148-BLQJT,Male,0,No,No,1,Yes,No,No,No,No,No,No,No,No,Month-to-month,No,Mailed check,20.1,20.1,1,0-12,1,1,0,20.1,2
3717-FDJFU,Male,0,No,Yes,5,Yes,No,No,No,No,No,No,No,No,Two year,No,Mailed check,20.45,106.9,0,0-12,1,1,0,21.380000000000003,0
3665-JATSN,Female,0,No,No,19,No,No,DSL,No,Yes,No,No,No,Yes,Month-to-month,Yes,Electronic check,39.7,710.05,0,12-24,0,2,0,37.37105263157895,2
7966-YOTQW,Male,0,No,No,10,Yes,Yes,DSL,Yes,No,No,No,No,No,Month-to-month,Yes,Credit card (automatic),54.5,568.2,0,0-12,0,3,1,56.82000000000001,2
0461-CVKMU,Female,0,Yes,Yes,23,Yes,No,Fiber optic,No,Yes,Yes,Yes,No,No,Month-to-month,No,Electronic check,83.8,1900.25,1,12-24,0,4,1,82.6195652173913,2
8806-EAGWC,Male,0,No,No,3,Yes,No,DSL,No,No,No,No,Yes,No,Month-to-month,No,Mailed check,55.15,159.15,1,0-12,1,2,1,53.050000000000004,2
8853-TZDGH,Female,0,No,No,72,Yes,Yes,Fiber optic,No,Yes,Yes,Yes,Yes,Yes,Two year,Yes,Bank transfer (automatic),111.6,8012.75,0,60-72,0,7,1,111.28819444444444,0
7779-LGOVN,Male,1,Yes,No,10,Yes,Yes,Fiber optic,No,No,No,No,No,Yes,Month-to-month,Yes,Electronic check,86.65,856.65,1,0-12,0,3,1,85.66499999999999,2
4324-BZCKL,Female,0,Yes,Yes,10,Yes,No,DSL,No,Yes,Yes,No,No,No,Month-to-month,Yes,Mailed check,55.55,551.3,0,0-12,0,3,1,55.129999999999995,2
6924-TDGMT,Male,0,Yes,No,11,Yes,No,No,No,No,No,No,No,No,One year,Yes,Mailed check,20.55,184.95,0,0-12,0,1,0,16.813636363636363,1
9710-ZUSHQ,Female,1,No,No,37,Yes,Yes,Fiber optic,Yes,Yes,No,No,Yes,Yes,Month-to-month,Yes,Bank transfer (automatic),106.75,4056.75,1,36-48,0,6,1,109.64189189189189,2
1536-YHDOE,Male,0,Yes,Yes,17,Yes,Yes,DSL,Yes,No,No,Yes,No,No,One year,Yes,Mailed check,62.1,1096.65,0,12-24,0,4,1,64.50882352941177,1
8123-QBNAZ,Female,0,Yes,Yes,36,Yes,Yes,Fiber optic,Yes,No,Yes,No,Yes,Yes,Month-to-month,Yes,Credit card (automatic),104.5,3684.95,0,24-36,0,6,1,102.35972222222222,2
3629-ZNKXA,Male,1,No,No,17,Yes,No,Fiber optic,No,Yes,Yes,No,Yes,Yes,Month-to-month,Yes,Electronic check,101.8,1752.45,0,12-24,0,5,1,103.08529411764707,2
4827-LTQRJ,Female,1,Yes,Yes,66,Yes,Yes,Fiber optic,Yes,Yes,No,Yes,Yes,Yes,One year,Yes,Credit card (automatic),110.6,7210.85,0,60-72,0,7,1,109.25530303030304,1
7711-YIJWC,Male,0,Yes,Yes,61,Yes,No,DSL,Yes,Yes,Yes,Yes,Yes,Yes,One year,No,Bank transfer (automatic),84.9,5264.5,0,60-72,0,7,1,86.30327868852459,1
5482-VXSXJ,Male,0,No,No,22,Yes,No,Fiber optic,No,Yes,No,No,Yes,Yes,Month-to-month,Yes,Mailed check,93.2,2157.3,0,12-24,0,4,1,98.05909090909091,2
7365-BVCJH,Male,0,No,No,1,No,No,DSL,No,No,No,No,No,No,Month-to-month,Yes,Electronic check,24.4,24.4,0,0-12,1,0,0,24.4,2
9620-ENEJV,Female,0,No,No,6,Yes,No,Fiber optic,No,No,No,No,No,No,Month-to-month,No,Credit card (automatic),70.55,433.95,0,0-12,1,1,1,72.325,2
4183-WCSEP,Male,0,No,No,31,Yes,No,Fiber optic,No,Yes,No,Yes,No,No,Month-to-month,Yes,Electronic check,78.45,2435.15,1,24-36,0,3,1,78.55322580645162,2
2378-YIZKA,Female,0,Yes,Yes,68,Yes,No,DSL,Yes,Yes,Yes,Yes,Yes,Yes,Two year,Yes,Credit card (automatic),85.0,5607.75,0,60-72,0,7,1,82.46691176470588,0
5498-TXHLF,Female,0,Yes,Yes,34,Yes,Yes,Fiber optic,No,No,Yes,No,Yes,No,Month-to-month,No,Electronic check,87.45,2874.15,1,24-36,0,4,1,84.53382352941176,2
0689-DSXGL,Female,0,Yes,Yes,52,Yes,No,Fiber optic,No,Yes,Yes,Yes,No,No,Month-to-month,No,Bank transfer (automatic),85.8,4433.3,0,48-60,0,4,1,85.25576923076923,2
6818-DJXAA,Female,0,No,Yes,10,Yes,No,Fiber optic,No,No,Yes,Yes,Yes,No,Month-to-month,Yes,Electronic check,91.1,964.35,0,0-12,0,4,1,96.435,2
9722-UJOJR,Male,0,Yes,Yes,29,Yes,No,Fiber optic,No,No,No,No,No,No,Month-to-month,Yes,Electronic check,70.75,1974.8,1,24-36,0,1,1,68.09655172413792,2
0464-WJTKO,Female,0,Yes,Yes,72,Yes,No,No,No,No,No,No,No,No,Two year,No,Bank transfer (automatic),20.1,1460.85,0,60-72,0,1,0,20.289583333333333,0
8902-ZEOVF,Male,0,Yes,Yes,47,Yes,No,No,No,No,No,No,No,No,One year,No,Mailed check,20.05,951.55,0,36-48,0,1,0,20.245744680851065,1
6778-EICRF,Male,0,Yes,Yes,24,Yes,Yes,DSL,Yes,No,No,No,Yes,Yes,One year,No,Mailed check,74.8,1821.2,0,12-24,0,5,1,75.88333333333334,1
2662-NNTDK,Male,0,No,No,65,Yes,Yes,No,No,No,No,No,No,No,One year,No,Credit card (automatic),24.8,1600.95,0,60-72,0,2,0,24.63,1
4132-KALRO,Female,0,No,No,4,Yes,Yes,Fiber optic,No,No,No,Yes,Yes,Yes,Month-to-month,Yes,Mailed check,100.85,399.25,0,0-12,1,5,1,99.8125,2
3902-FOIGH,Male,1,Yes,No,12,Yes,Yes,Fiber optic,No,Yes,No,No,Yes,Yes,Month-to-month,Yes,Electronic check,101.35,1218.55,1,0-12,0,5,1,101.54583333333333,2
6772-KSATR,Male,0,No,No,1,Yes,Yes,Fiber optic,Yes,No,No,No,No,No,Month-to-month,Yes,Electronic check,81.7,81.7,1,0-12,1,3,1,81.7,2
7112-OPOTK,Male,0,No,No,33,Yes,No,Fiber optic,No,No,No,No,No,No,Month-to-month,No,Electronic check,68.25,2171.15,1,24-36,0,1,1,65.79242424242425,2
2874-YXVVA,Female,0,No,No,34,Yes,No,Fiber optic,No,Yes,Yes,Yes,Yes,Yes,Month-to-month,Yes,Electronic check,105.1,3634.8,0,24-36,0,6,1,106.90588235294118,2
1245-HARPS,Female,0,Yes,No,14,Yes,No,No,No,No,No,No,No,No,Two year,No,Mailed check,20.4,292.4,0,12-24,0,1,0,20.885714285714283,0
4210-QFJMF,Female,0,No,No,4,Yes,No,Fiber optic,No,No,No,No,No,Yes,Month-to-month,Yes,Electronic check,79.15,317.25,1,0-12,1,2,1,79.3125,2
4323-ELYYB,Male,0,Yes,Yes,13,Yes,No,No,No,No,No,No,No,No,One year,No,Mailed check,20.0,218.55,0,12-24,0,1,0,16.81153846153846,1
4293-ETKAP,Female,0,Yes,Yes,65,Yes,Yes,DSL,No,Yes,No,Yes,Yes,Yes,Two year,Yes,Bank transfer (automatic),79.4,5071.9,0,60-72,0,6,1,78.02923076923076,0
6064-PUPMC,Male,0,Yes,Yes,23,Yes,No,DSL,Yes,No,No,Yes,No,No,One year,No,Credit card (automatic),57.2,1423.35,0,12-24,0,3,1,61.88478260869565,1
6504-VBLFL,Male,0,Yes,No,55,Yes,No,DSL,Yes,Yes,Yes,No,No,No,Two year,No,Electronic check,58.6,3068.6,0,48-60,0,4,1,55.79272727272727,0
6322-PJJDJ,Male,0,Yes,No,49,Yes,No,Fiber optic,No,Yes,No,No,Yes,Yes,Two year,Yes,Electronic check,94.8,4690.65,0,48-60,0,4,1,95.72755102040816,0
0330-BGYZE,Male,0,Yes,No,60,Yes,Yes,Fiber optic,No,Yes,Yes,No,Yes,Yes,One year,No,Bank transfer (automatic),102.5,6157.6,0,48-60,0,6,1,102.62666666666668,1
1085-LDWAM,Female,0,Yes,Yes,69,Yes,No,No,No,No,No,No,No,No,One year,Yes,Credit card (automatic),20.35,1442.65,0,60-72,0,1,0,20.907971014492755,1
7586-ZATGZ,Male,0,No,No,40,Yes,Yes,Fiber optic,No,No,No,No,Yes,No,Month-to-month,Yes,Electronic check,84.9,3369.05,0,36-48,0,3,1,84.22625000000001,2
7197-VOJMM,Male,0,Yes,No,67,Yes,No,DSL,Yes,Yes,No,Yes,No,Yes,Two year,Yes,Credit card (automatic),69.2,4671.65,0,60-72,0,5,1,69.72611940298506,0
3318-OSATS,Male,1,No,No,35,Yes,Yes,Fiber optic,No,No,No,No,Yes,Yes,Month-to-month,Yes,Electronic check,95.45,3474.05,1,24-36,0,4,1,99.25857142857143,2
5828-AVIPD,Male,0,Yes,Yes,19,Yes,Yes,Fiber optic,No,No,No,Yes,Yes,Yes,One year,Yes,Electronic check,100.95,1875.55,1,12-24,0,5,1,98.71315789473684,1
1843-TLSGD,Female,0,Yes,Yes,13,Yes,No,No,No,No,No,No,No,No,Two year,No,Mailed check,20.85,272.35,0,12-24,0,1,0,20.950000000000003,0
9626-VFRGG,Female,0,No,Yes,41,Yes,Yes,Fiber optic,No,Yes,No,No,Yes,No,Month-to-month,Yes,Bank transfer (automatic),88.5,3645.05,0,36-48,0,4,1,88.90365853658537,2
7075-BNDVQ,Female,0,No,No,4,No,No,DSL,Yes,No,Yes,No,No,No,Month-to-month,No,Mailed check,35.0,135.75,0,0-12,1,2,0,33.9375,2
9143-CANJF,Female,0,Yes,Yes,24,Yes,No,DSL,Yes,No,No,Yes,No,No,Month-to-month,No,Electronic check,55.15,1319.85,0,12-24,0,3,1,54.99375,2
7284-BUYEC,Female,0,No,No,5,No,No,DSL,No,Yes,No,No,Yes,Yes,Month-to-month,Yes,Credit card (automatic),50.95,229.4,0,0-12,1,3,0,45.88,2
2041-JIJCI,Female,0,No,No,5,Yes,Yes,DSL,No,Yes,No,No,No,Yes,Month-to-month,Yes,Electronic check,64.0,370.25,0,0-12,1,4,1,74.05,2
1086-LXKFY,Female,0,Yes,Yes,1,Yes,No,Fiber optic,No,No,No,No,No,No,Month-to-month,Yes,Mailed check,69.1,69.1,1,0-12,1,1,1,69.1,2
4900-MSOMT,Female,0,Yes,Yes,72,Yes,Yes,DSL,Yes,Yes,Yes,Yes,Yes,No,Two year,No,Bank transfer (automatic),80.2,5714.2,0,60-72,0,7,1,79.36388888888888,0
2229-VWQJH,Female,0,No,No,24,Yes,No,DSL,No,No,Yes,No,No,No,Month-to-month,Yes,Credit card (automatic),49.3,1233.25,0,12-24,0,2,1,51.385416666666664,2
9194-GFVOI,Female,0,Yes,No,42,Yes,Yes,DSL,Yes,No,Yes,Yes,Yes,Yes,Two year,No,Credit card (automatic),84.35,3571.6,0,36-48,0,7,1,85.03809523809524,0
1336-EZFZY,Female,0,No,No,4,Yes,No,No,No,No,No,No,No,No,Month-to-month,No,Mailed check,20.05,83.3,0,0-12,1,1,0,20.825,2
4282-MSACW,Male,0,No,No,68,Yes,Yes,Fiber optic,Yes,Yes,Yes,Yes,Yes,Yes,One year,Yes,Credit card (automatic),117.2,8035.95,0,60-72,0,8,1,118.17573529411764,1
1403-LKLIK,Female,0,Yes,Yes,33,Yes,No,No,No,No,No,No,No,No,One year,No,Mailed check,20.1,579.4,0,24-36,0,1,0,17.55757575757576,1
2636-ALXXZ,Female,1,No,No,1,Yes,No,Fiber optic,No,No,No,No,No,No,Month-to-month,Yes,Electronic check,69.6,69.6,1,0-12,1,1,1,69.6,2
7774-OJSXI,Male,0,No,No,31,Yes,Yes,Fiber optic,No,Yes,Yes,No,Yes,Yes,One year,Yes,Electronic check,103.45,3066.45,1,24-36,0,6,1,98.91774193548386,1
7786-WBJYI,Female,0,No,No,4,Yes,Yes,Fiber optic,No,Yes,No,No,No,No,Month-to-month,No,Bank transfer (automatic),77.95,305.55,1,0-12,1,3,1,76.3875,2
0136-IFMYD,Male,1,Yes,No,69,Yes,Yes,Fiber optic,No,Yes,Yes,Yes,Yes,Yes,Two year,Yes,Electronic check,109.95,7634.25,0,60-72,0,7,1,110.6413043478261,0
5144-TVGLP,Male,1,No,No,38,Yes,Yes,Fiber optic,No,No,No,No,Yes,Yes,Month-to-month,No,Electronic check,94.75,3653.0,0,36-48,0,4,1,96.13157894736842,2
9643-AVVWI,Female,0,Yes,Yes,3,Yes,No,Fiber optic,No,Yes,No,Yes,No,No,Month-to-month,Yes,Electronic check,80.0,241.3,0,0-12,1,3,1,80.43333333333334,2
0253-ZTEOB,Female,0,Yes,Yes,48,Yes,Yes,DSL,No,Yes,No,Yes,Yes,Yes,Two year,No,Electronic check,79.65,3870.3,0,36-48,0,6,1,80.63125000000001,0
2706-QZIHY,Female,0,Yes,No,15,Yes,Yes,No,No,No,No,No,No,No,Two year,No,Mailed check,25.2,387.9,0,12-24,0,2,0,25.86,0
6061-PQHMK,Female,0,No,No,25,Yes,No,No,No,No,No,No,No,No,One year,No,Credit card (automatic),19.9,527.5,0,24-36,0,1,0,21.1,1
9885-CSMWE,Female,1,No,No,1,Yes,No,Fiber optic,No,No,No,No,Yes,No,Month-to-month,No,Electronic check,78.45,78.45,1,0-12,1,2,1,78.45,2
6137-MFAJN,Female,0,No,No,48,No,No,DSL,Yes,Yes,No,No,Yes,No,Month-to-month,Yes,Electronic check,44.8,2104.55,0,36-48,0,3,0,43.84479166666667,2
9122-UMROB,Male,0,No,No,1,Yes,No,No,No,No,No,No,No,No,Month-to-month,No,Mailed check,20.3,20.3,0,0-12,1,1,0,20.3,2
4232-JGKIY,Male,0,No,No,1,Yes,No,No,No,No,No,No,No,No,Month-to-month,No,Electronic check,19.2,19.2,0,0-12,1,1,0,19.2,2
2402-TAIRZ,Female,0,No,No,37,Yes,No,Fiber optic,No,Yes,Yes,No,No,No,One year,No,Electronic check,80.05,3019.1,0,36-48,0,3,1,81.59729729729729,1
9659-ZTWSM,Male,1,Yes,No,66,Yes,Yes,Fiber optic,No,Yes,Yes,Yes,Yes,Yes,One year,Yes,Bank transfer (automatic),107.35,7051.95,0,60-72,0,7,1,106.84772727272727,1
9139-TWBAS,Female,0,Yes,No,26,No,No,DSL,Yes,Yes,Yes,No,Yes,No,One year,No,Bank transfer (automatic),47.85,1190.5,0,24-36,0,4,0,45.78846153846154,1
6685-GBWJZ,Male,0,Yes,No,63,Yes,No,DSL,Yes,Yes,No,Yes,Yes,No,One year,No,Credit card (automatic),70.8,4448.8,0,60-72,0,5,1,70.61587301587302,1
5016-ETTFF,Male,0,No,No,10,No,No,DSL,No,No,Yes,No,No,No,Month-to-month,No,Mailed check,29.5,255.25,1,0-12,0,1,0,25.525,2
3866-MDTUB,Female,0,No,No,2,Yes,No,DSL,Yes,No,No,No,Yes,Yes,Month-to-month,Yes,Electronic check,70.75,146.9,1,0-12,1,4,1,73.45,2
2195-VVRJF,Male,1,Yes,No,18,Yes,No,DSL,Yes,No,No,No,No,Yes,Month-to-month,Yes,Credit card (automatic),59.1,1011.05,0,12-24,0,3,1,56.169444444444444,2
3913-RDSJZ,Female,0,Yes,No,64,Yes,Yes,No,No,No,No,No,No,No,Two year,No,Mailed check,25.55,1714.95,0,60-72,0,2,0,26.79609375,0
8058-JMEQO,Female,1,No,No,9,Yes,Yes,Fiber optic,No,No,No,No,No,Yes,Month-to-month,Yes,Electronic check,84.45,762.5,1,0-12,0,3,1,84.72222222222223,2
4203-QGNZA,Female,0,No,Yes,28,Yes,No,No,No,No,No,No,No,No,Month-to-month,No,Mailed check,20.25,535.35,0,24-36,0,1,0,19.119642857142857,2
5043-TRZWM,Female,0,No,No,1,Yes,No,Fiber optic,No,No,Yes,No,No,No,Month-to-month,No,Electronic check,75.55,75.55,0,0-12,1,2,1,75.55,2
0697-ZMSWS,Male,0,No,No,4,Yes,Yes,Fiber optic,No,No,No,No,No,Yes,Month-to-month,Yes,Electronic check,85.65,338.9,1,0-12,1,3,1,84.725,2
7657-DYEPJ,Male,1,No,No,38,Yes,No,DSL,No,Yes,Yes,Yes,Yes,No,One year,Yes,Credit card (automatic),70.15,2497.35,1,36-48,0,5,1,65.71973684210526,1
9494-BDNNC,Male,0,Yes,No,66,Yes,Yes,Fiber optic,No,Yes,Yes,No,No,Yes,One year,No,Electronic check,95.3,6273.4,0,60-72,0,5,1,95.05151515151515,1
1640-PLFMP,Female,0,No,No,1,Yes,No,Fiber optic,No,No,No,No,No,No,Month-to-month,Yes,Electronic check,70.25,70.25,0,0-12,1,1,1,70.25,2
5366-OBVMR,Female,0,Yes,No,18,Yes,No,DSL,No,No,No,Yes,No,No,Month-to-month,Yes,Mailed check,50.3,908.75,0,12-24,0,2,1,50.486111111111114,2
8276-MQBYC,Male,1,No,No,51,Yes,Yes,Fiber optic,No,No,Yes,No,Yes,Yes,Month-to-month,Yes,Electronic check,97.8,4913.3,1,48-60,0,5,1,96.33921568627451,2
7644-OMVMY,Male,0,Yes,Yes,0,Yes,No,No,No,No,No,No,No,No,Two year,No,Mailed check,19.85,0.0,0,0-12,1,1,0,19.85,0
7593-XFKDI,Male,0,No,No,1,Yes,No,DSL,No,No,No,No,No,No,Month-to-month,No,Mailed check,46.3,46.3,1,0-12,1,1,1,46.3,2
4573-JKNAE,Male,0,No,Yes,12,Yes,No,No,No,No,No,No,No,No,Two year,No,Bank transfer (automatic),19.35,212.3,0,0-12,0,1,0,17.691666666666666,0
0337-CNPZE,Female,0,No,No,41,Yes,Yes,Fiber optic,No,Yes,Yes,No,Yes,Yes,Month-to-month,Yes,Electronic check,106.3,4443.45,1,36-48,0,6,1,108.37682926829268,2
9817-APLHW,Male,0,No,No,12,Yes,Yes,No,No,No,No,No,No,No,Month-to-month,No,Electronic check,25.0,316.2,0,0-12,0,2,0,26.349999999999998,2
8380-MQINP,Female,0,Yes,Yes,55,Yes,No,No,No,No,No,No,No,No,Two year,No,Mailed check,20.3,1079.05,0,48-60,0,1,0,19.619090909090907,0
0840-DFEZH,Female,0,No,No,7,Yes,Yes,Fiber optic,No,No,No,No,No,No,Month-to-month,Yes,Electronic check,75.35,564.65,0,0-12,0,2,1,80.66428571428571,2
1513-XNPPH,Female,0,No,No,12,Yes,No,Fiber optic,No,No,Yes,Yes,No,Yes,Month-to-month,Yes,Electronic check,89.4,1095.65,1,0-12,0,4,1,91.30416666666667,2
8690-ZVLCL,Female,0,Yes,Yes,68,Yes,Yes,DSL,Yes,Yes,Yes,Yes,Yes,Yes,Two year,No,Credit card (automatic),88.0,6161.9,0,60-72,0,8,1,90.61617647058823,0
6015-VVHHE,Female,1,No,No,5,Yes,Yes,Fiber optic,No,No,No,No,Yes,No,Month-to-month,Yes,Credit card (automatic),83.15,446.05,1,0-12,1,3,1,89.21000000000001,2
1125-SNVCK,Female,1,No,No,49,Yes,No,DSL,No,No,No,No,No,No,Month-to-month,No,Mailed check,43.8,2106.05,0,48-60,0,1,1,42.98061224489796,2
0384-LPITE,Male,0,No,No,40,No,No,DSL,Yes,Yes,Yes,No,Yes,Yes,One year,No,Credit card (automatic),62.05,2511.55,0,36-48,0,5,0,62.78875000000001,1
4616-EWBNJ,Female,0,No,No,16,Yes,No,No,No,No,No,No,No,No,One year,No,Bank transfer (automatic),20.1,318.6,0,12-24,0,1,0,19.9125,1
6347-DCUIK,Male,0,No,No,10,Yes,Yes,Fiber optic,No,No,No,No,No,No,Month-to-month,Yes,Mailed check,74.15,811.8,1,0-12,0,2,1,81.17999999999999,2
1335-HQMKX,Female,0,Yes,No,72,Yes,Yes,Fiber optic,No,Yes,Yes,No,Yes,Yes,One year,Yes,Electronic check,101.35,7323.15,0,60-72,0,6,1,101.71041666666666,1
2545-EBUPK,Female,1,No,No,2,Yes,Yes,Fiber optic,No,No,No,No,No,Yes,Month-to-month,Yes,Electronic check,84.05,186.05,0,0-12,1,3,1,93.025,2
6923-AQONU,Male,0,Yes,Yes,23,Yes,No,No,No,No,No,No,No,No,Two year,No,Mailed check,20.9,454.0,0,12-24,0,1,0,19.73913043478261,0
2172-EJXVF,Female,1,No,No,71,Yes,Yes,Fiber optic,No,Yes,Yes,No,Yes,Yes,One year,Yes,Electronic check,105.9,7521.95,0,60-72,0,6,1,105.94295774647887,1
0897-FEGMU,Female,0,Yes,No,11,Yes,Yes,Fiber optic,No,No,Yes,No,Yes,Yes,Month-to-month,Yes,Electronic check,99.5,1056.95,1,0-12,0,5,1,96.08636363636364,2
7663-RGWBC,Male,0,No,No,1,Yes,No,DSL,No,No,No,No,No,No,Month-to-month,Yes,Mailed check,44.15,44.15,1,0-12,1,1,1,44.15,2
1120-BMWUB,Female,0,No,No,16,Yes,No,DSL,No,Yes,No,Yes,No,No,Month-to-month,Yes,Mailed check,53.9,834.15,1,12-24,0,3,1,52.134375,2
9124-LHCJQ,Female,0,No,No,1,Yes,Yes,Fiber optic,No,No,No,No,No,Yes,Month-to-month,Yes,Mailed check,85.45,85.45,1,0-12,1,3,1,85.45,2
4536-PLEQY,Male,0,Yes,No,12,Yes,No,Fiber optic,No,Yes,No,No,No,Yes,Month-to-month,Yes,Credit card (automatic),85.05,999.8,0,0-12,0,3,1,83.31666666666666,2
7029-IJEJK,Female,0,No,No,54,No,No,DSL,Yes,No,No,Yes,No,Yes,One year,No,Bank transfer (automatic),44.1,2369.7,0,48-60,0,3,0,43.88333333333333,1
8871-JLMHM,Female,0,Yes,No,68,Yes,Yes,Fiber optic,No,Yes,Yes,Yes,No,No,Two year,No,Credit card (automatic),90.2,6297.65,0,60-72,0,5,1,92.6125,0
2235-ZGKPT,Female,0,Yes,Yes,4,Yes,Yes,DSL,No,No,No,No,No,No,Month-to-month,No,Mailed check,50.85,239.55,1,0-12,1,2,1,59.8875,2
3891-PUQOD,Female,0,No,Yes,1,Yes,No,DSL,No,No,Yes,No,No,Yes,Month-to-month,No,Electronic check,59.2,59.2,1,0-12,1,3,1,59.2,2
5447-VYTKW,Male,0,No,No,27,Yes,No,DSL,Yes,No,No,Yes,No,No,Month-to-month,No,Mailed check,53.45,1461.45,0,24-36,0,3,1,54.12777777777778,2
3623-FQBOX,Male,0,No,No,21,Yes,No,No,No,No,No,No,No,No,Month-to-month,Yes,Mailed check,19.95,416.4,0,12-24,0,1,0,19.82857142857143,2
0689-NKYLF,Male,0,No,No,13,Yes,No,Fiber optic,No,No,Yes,No,Yes,No,Month-to-month,Yes,Electronic check,83.2,1060.6,1,12-24,0,3,1,81.58461538461538,2
8659-HDIYE,Female,1,No,No,64,Yes,Yes,DSL,No,Yes,Yes,Yes,No,Yes,Month-to-month,No,Credit card (automatic),74.65,4869.35,0,60-72,0,6,1,76.08359375,2
3658-KIBGF,Female,0,No,No,1,Yes,No,DSL,Yes,Yes,No,No,No,No,Month-to-month,Yes,Electronic check,54.9,54.9,1,0-12,1,3,1,54.9,2
3474-BAFSJ,Male,0,Yes,No,57,No,No,DSL,No,Yes,Yes,Yes,Yes,Yes,Two year,Yes,Bank transfer (automatic),57.5,3265.95,0,48-60,0,5,0,57.29736842105263,0
5519-YLDGW,Female,0,Yes,No,21,Yes,Yes,Fiber optic,Yes,No,Yes,No,Yes,Yes,Month-to-month,Yes,Electronic check,103.9,2254.2,1,12-24,0,6,1,107.34285714285713,2
3865-ZFZIB,Male,0,No,No,19,Yes,No,No,No,No,No,No,No,No,Two year,No,Mailed check,19.65,358.15,0,12-24,0,1,0,18.849999999999998,0
1855-AGAWH,Male,0,Yes,No,31,Yes,No,Fiber optic,No,No,Yes,No,Yes,Yes,One year,Yes,Electronic check,93.8,2939.8,0,24-36,0,4,1,94.83225806451614,1
7109-CQYUZ,Male,0,No,No,52,Yes,Yes,DSL,Yes,Yes,Yes,Yes,Yes,Yes,Two year,Yes,Mailed check,89.25,4652.4,0,48-60,0,8,1,89.46923076923076,0
1370-GGAWX,Female,0,No,No,46,Yes,Yes,Fiber optic,No,Yes,Yes,No,No,Yes,One year,Yes,Electronic check,94.15,4408.45,0,36-48,0,5,1,95.8358695652174,1
4680-KUTAJ,Female,1,No,No,11,Yes,Yes,DSL,Yes,No,No,No,No,No,Month-to-month,Yes,Electronic check,55.6,580.8,0,0-12,0,3,1,52.8,2
5307-UVGNB,Female,0,Yes,Yes,53,No,No,DSL,Yes,Yes,Yes,No,No,Yes,Month-to-month,Yes,Bank transfer (automatic),48.7,2495.2,0,48-60,0,4,0,47.079245283018864,2
4946-EDSEW,Female,0,Yes,Yes,11,Yes,No,No,No,No,No,No,No,No,Month-to-month,Yes,Mailed check,19.25,180.3,1,0-12,0,1,0,16.39090909090909,2
2883-ILGWO,Male,1,No,No,57,Yes,Yes,Fiber optic,No,Yes,No,Yes,Yes,Yes,Month-to-month,Yes,Bank transfer (automatic),104.9,5913.95,0,48-60,0,6,1,103.75350877192982,2
2516-VQRRV,Female,1,No,No,2,Yes,Yes,Fiber optic,No,No,No,No,No,No,Month-to-month,Yes,Mailed check,75.45,158.4,1,0-12,1,2,1,79.2,2
7580-UGXNC,Female,1,No,No,2,Yes,No,DSL,Yes,Yes,No,No,No,No,Month-to-month,No,Mailed check,54.85,104.2,1,0-12,1,3,1,52.1,2
3642-BYHDO,Female,0,Yes,Yes,71,Yes,No,No,No,No,No,No,No,No,Two year,No,Bank transfer (automatic),19.9,1389.35,0,60-72,0,1,0,19.56830985915493,0
9629-NHXFW,Female,0,Yes,Yes,1,Yes,No,No,No,No,No,No,No,No,Month-to-month,Yes,Mailed check,19.4,19.4,0,0-12,1,1,0,19.4,2
2696-RZVZW,Male,0,Yes,No,68,Yes,Yes,No,No,No,No,No,No,No,Two year,No,Credit card (automatic),25.05,1629.2,0,60-72,0,2,0,23.958823529411767,0
5766-FTRTS,Male,0,Yes,No,72,Yes,No,DSL,Yes,Yes,Yes,Yes,Yes,Yes,Two year,No,Mailed check,84.45,6033.1,0,60-72,0,7,1,83.79305555555555,0
0396-HUJBP,Female,0,No,No,2,Yes,No,No,No,No,No,No,No,No,Month-to-month,No,Mailed check,19.3,44.4,0,0-12,1,1,0,22.2,2
5178-LMXOP,Male,1,Yes,No,1,Yes,Yes,Fiber optic,No,No,No,No,Yes,Yes,Month-to-month,Yes,Electronic check,95.1,95.1,1,0-12,1,4,1,95.1,2
8879-ZKJOF,Female,0,No,No,41,Yes,No,DSL,Yes,No,Yes,Yes,Yes,Yes,One year,Yes,Bank transfer (automatic),79.85,3320.75,0,36-48,0,6,1,80.9939024390244,1
6285-FTQBF,Male,0,Yes,Yes,72,Yes,Yes,No,No,No,No,No,No,No,Two year,No,Credit card (automatic),25.55,1867.7,0,60-72,0,2,0,25.94027777777778,0
8185-UPYBR,Male,0,Yes,No,6,Yes,Yes,Fiber optic,No,No,No,No,No,No,Month-to-month,Yes,Electronic check,75.5,438.0,1,0-12,1,2,1,73.0,2
4585-HETAI,Female,0,Yes,Yes,4,Yes,No,Fiber optic,No,No,Yes,No,No,No,Month-to-month,Yes,Electronic check,73.75,325.45,1,0-12,1,2,1,81.3625,2
7526-BEZQB,Male,0,No,No,12,Yes,Yes,Fiber optic,No,No,No,No,Yes,Yes,Month-to-month,Yes,Electronic check,96.05,1148.1,1,0-12,0,4,1,95.675,2
1474-JUWSM,Female,0,Yes,No,58,Yes,Yes,DSL,Yes,No,No,Yes,No,Yes,One year,Yes,Electronic check,68.4,3972.25,0,48-60,0,5,1,68.48706896551724,1
3530-CRZSB,Female,0,No,No,7,Yes,No,No,No,No,No,No,No,No,Month-to-month,No,Mailed check,20.65,155.9,0,0-12,0,1,0,22.271428571428572,2
8498-XXGWA,Female,0,Yes,No,65,Yes,No,DSL,Yes,No,Yes,No,No,No,Month-to-month,Yes,Mailed check,55.15,3673.15,0,60-72,0,3,1,56.51,2
9617-INGJY,Male,0,No,No,1,Yes,No,Fiber optic,No,No,No,No,No,No,Month-to-month,Yes,Mailed check,70.6,70.6,0,0-12,1,1,1,70.6,2
0621-TSSMU,Male,0,Yes,No,56,Yes,No,No,No,No,No,No,No,No,One year,No,Credit card (automatic),19.95,1126.75,0,48-60,0,1,0,20.120535714285715,1
7234-KMNRQ,Male,0,No,No,4,Yes,No,No,No,No,No,No,No,No,Month-to-month,No,Mailed check,19.0,73.45,0,0-12,1,1,0,18.3625,2
7636-PEPNS,Female,0,Yes,Yes,58,Yes,No,DSL,No,No,No,No,No,No,One year,Yes,Mailed check,44.1,2413.05,0,48-60,0,1,1,41.60431034482759,1
4683-WYDOU,Male,0,Yes,No,62,Yes,Yes,Fiber optic,No,No,Yes,Yes,Yes,Yes,Two year,Yes,Bank transfer (automatic),107.6,6912.7,0,60-72,0,6,1,111.49516129032257,0
9052-DHNKM,Male,0,No,No,26,Yes,Yes,DSL,Yes,Yes,No,No,No,No,One year,No,Electronic check,61.55,1581.95,0,24-36,0,4,1,60.84423076923077,1
6794-HKIAJ,Male,0,No,No,62,Yes,Yes,Fiber optic,Yes,Yes,Yes,No,No,No,Month-to-month,No,Bank transfer (automatic),90.7,5586.45,0,60-72,0,5,1,90.1040322580645,2
5578-NKCXI,Female,0,Yes,Yes,58,Yes,No,Fiber optic,Yes,Yes,No,No,Yes,Yes,One year,No,Credit card (automatic),99.25,5846.65,0,48-60,0,5,1,100.80431034482758,1
1642-HMARX,Female,0,Yes,No,68,Yes,Yes,DSL,Yes,Yes,Yes,Yes,Yes,Yes,Two year,Yes,Electronic check,91.7,6424.7,0,60-72,0,8,1,94.48088235294118,0
3096-WPXBT,Female,0,Yes,Yes,61,Yes,Yes,Fiber optic,Yes,Yes,Yes,No,No,Yes,One year,Yes,Credit card (automatic),100.7,6018.65,0,60-72,0,6,1,98.66639344262295,1
8434-PNQZX,Female,0,No,No,42,Yes,Yes,DSL,No,No,Yes,Yes,Yes,Yes,Two year,Yes,Credit card (automatic),78.45,3373.4,0,36-48,0,6,1,80.31904761904762,0
5950-AAAGJ,Male,0,No,No,18,Yes,Yes,Fiber optic,No,No,No,No,Yes,No,Month-to-month,No,Bank transfer (automatic),84.3,1537.9,0,12-24,0,3,1,85.4388888888889,2
4299-OPXEJ,Female,0,No,No,56,Yes,No,No,No,No,No,No,No,No,Two year,Yes,Bank transfer (automatic),19.55,1080.55,0,48-60,0,1,0,19.295535714285712,0
4951-UKAAQ,Female,0,No,No,4,Yes,Yes,Fiber optic,No,Yes,No,No,No,Yes,Month-to-month,Yes,Electronic check,88.95,355.2,1,0-12,1,4,1,88.8,2
9618-LFJRU,Female,0,No,No,4,Yes,No,No,No,No,No,No,No,No,Month-to-month,No,Credit card (automatic),20.45,82.85,0,0-12,1,1,0,20.7125,2
6693-DJWTY,Female,0,No,Yes,35,Yes,No,DSL,Yes,Yes,No,No,No,No,One year,No,Credit card (automatic),55.6,2016.45,0,24-36,0,3,1,57.612857142857145,1
0744-GKNGE,Female,0,Yes,Yes,64,Yes,Yes,Fiber optic,Yes,No,No,Yes,No,No,Month-to-month,Yes,Bank transfer (automatic),86.8,5327.25,0,60-72,0,4,1,83.23828125,2
6447-EGDIV,Female,0,No,No,31,Yes,No,No,No,No,No,No,No,No,One year,No,Mailed check,20.95,683.25,0,24-36,0,1,0,22.04032258064516,1
1167-OYZJF,Female,1,Yes,No,67,Yes,No,No,No,No,No,No,No,No,Two year,Yes,Bank transfer (automatic),20.05,1263.05,0,60-72,0,1,0,18.851492537313433,0
2108-YKQTY,Female,0,No,No,4,Yes,No,DSL,No,Yes,No,No,No,No,Month-to-month,No,Credit card (automatic),50.7,151.3,1,0-12,1,2,1,37.825,2
4806-DXQCE,Female,1,Yes,No,70,Yes,Yes,Fiber optic,Yes,Yes,Yes,Yes,Yes,Yes,Two year,Yes,Electronic check,113.65,7714.65,0,60-72,0,8,1,110.20928571428571,0
4918-QLLIW,Male,0,No,No,3,Yes,No,DSL,No,No,No,No,Yes,No,Month-to-month,No,Credit card (automatic),53.4,188.7,1,0-12,1,2,1,62.9,2
7056-IMHCC,Male,1,Yes,No,53,Yes,Yes,Fiber optic,No,Yes,No,No,Yes,Yes,Month-to-month,Yes,Electronic check,101.9,5549.4,1,48-60,0,5,1,104.70566037735848,2
4854-SSLTN,Male,0,Yes,Yes,2,Yes,No,DSL,Yes,Yes,No,Yes,No,No,Two year,No,Mailed check,59.5,130.5,0,0-12,1,4,1,65.25,0
5294-DMSFH,Female,0,Yes,Yes,29,Yes,No,Fiber optic,No,No,No,No,Yes,Yes,Month-to-month,Yes,Credit card (automatic),87.8,2621.75,0,24-36,0,3,1,90.40517241379311,2
4837-PZTIC,Female,0,No,No,47,No,No,DSL,Yes,No,Yes,Yes,No,No,Two year,No,Mailed check,41.9,1875.25,0,36-48,0,3,0,39.898936170212764,0
1625-JAIIY,Female,0,Yes,Yes,68,Yes,Yes,Fiber optic,No,No,No,No,Yes,No,One year,Yes,Electronic check,83.0,5685.8,1,60-72,0,3,1,83.61470588235295,1
0603-OLQDC,Male,0,No,Yes,12,Yes,No,DSL,Yes,No,No,No,Yes,Yes,Month-to-month,Yes,Mailed check,69.85,837.5,0,0-12,0,4,1,69.79166666666667,2
3272-VUHPV,Female,0,Yes,Yes,8,Yes,No,DSL,No,Yes,No,Yes,No,No,Month-to-month,No,Bank transfer (automatic),56.3,401.5,0,0-12,0,3,1,50.1875,2
4176-FXYBO,Male,0,Yes,No,54,Yes,Yes,Fiber optic,Yes,Yes,Yes,No,Yes,Yes,Month-to-month,No,Electronic check,109.55,6118.95,0,48-60,0,7,1,113.31388888888888,2
1063-DHQJF,Male,0,Yes,Yes,69,Yes,No,Fiber optic,No,Yes,No,Yes,Yes,No,Two year,Yes,Mailed check,92.15,6480.9,0,60-72,0,4,1,93.92608695652173,0
8663-UPDGF,Female,0,No,No,26,Yes,Yes,DSL,Yes,Yes,No,No,Yes,No,Month-to-month,Yes,Bank transfer (automatic),69.5,1800.05,0,24-36,0,5,1,69.2326923076923,2
6719-FGEDO,Female,0,Yes,No,72,Yes,Yes,Fiber optic,Yes,Yes,Yes,Yes,No,No,Two year,Yes,Bank transfer (automatic),97.0,7104.2,0,60-72,0,6,1,98.66944444444444,0
1837-YQUCE,Female,0,No,No,70,No,No,DSL,Yes,No,Yes,Yes,Yes,Yes,Two year,Yes,Bank transfer (automatic),58.35,4214.25,0,60-72,0,5,0,60.20357142857143,0
2947-DOMLJ,Male,0,No,Yes,1,Yes,No,DSL,Yes,No,No,No,No,No,Month-to-month,No,Mailed check,50.6,50.6,1,0-12,1,2,1,50.6,2
4112-LUEIZ,Male,0,No,No,10,Yes,No,Fiber optic,No,No,No,No,Yes,Yes,Month-to-month,Yes,Electronic check,89.5,863.1,1,0-12,0,3,1,86.31,2
0369-ZGOVK,Female,0,Yes,Yes,28,Yes,No,Fiber optic,No,No,No,No,No,No,One year,Yes,Bank transfer (automatic),70.4,1992.2,0,24-36,0,1,1,71.15,1
4510-HIMLV,Male,0,No,No,1,Yes,No,Fiber optic,No,No,No,No,No,No,Month-to-month,Yes,Electronic check,69.8,69.8,1,0-12,1,1,1,69.8,2
9919-KNPOO,Female,0,Yes,No,21,Yes,Yes,Fiber optic,No,No,No,No,Yes,Yes,Month-to-month,Yes,Electronic check,94.3,1948.35,0,12-24,0,4,1,92.77857142857142,2
8749-JMNKX,Male,1,Yes,No,51,Yes,Yes,Fiber optic,Yes,No,Yes,No,Yes,No,Month-to-month,Yes,Bank transfer (automatic),93.8,4750.95,1,48-60,0,5,1,93.15588235294118,2
7872-BAAZR,Female,0,Yes,Yes,53,Yes,No,No,No,No,No,No,No,No,One year,No,Bank transfer (automatic),19.55,1007.9,0,48-60,0,1,0,19.016981132075472,1
9391-LMANN,Male,0,No,Yes,53,Yes,No,Fiber optic,Yes,Yes,Yes,No,No,Yes,One year,No,Electronic check,95.95,5036.9,0,48-60,0,5,1,95.03584905660377,1
2430-USGXP,Male,0,Yes,No,24,Yes,Yes,Fiber optic,No,No,Yes,No,Yes,Yes,Month-to-month,Yes,Electronic check,101.05,2391.8,1,12-24,0,5,1,99.65833333333335,2
8174-TBVCF,Female,0,Yes,No,70,Yes,Yes,DSL,Yes,Yes,Yes,Yes,Yes,Yes,Two year,Yes,Credit card (automatic),94.8,6859.05,0,60-72,0,8,1,97.98642857142858,0
1698-XFZCI,Male,0,No,No,61,Yes,Yes,Fiber optic,Yes,Yes,Yes,No,Yes,Yes,One year,Yes,Electronic check,107.75,6521.9,0,60-72,0,7,1,106.91639344262295,1
1877-HKBQX,Female,0,No,No,11,Yes,No,DSL,Yes,No,No,Yes,No,No,One year,Yes,Mailed check,54.6,617.85,0,0-12,0,3,1,56.16818181818182,1
4450-DLLMH,Male,0,No,No,2,Yes,No,Fiber optic,No,No,No,No,No,No,Month-to-month,Yes,Credit card (automatic),71.3,157.75,0,0-12,1,1,1,78.875,2
0428-AXXLJ,Male,0,No,No,25,Yes,No,No,No,No,No,No,No,No,One year,Yes,Bank transfer (automatic),19.5,516.3,0,24-36,0,1,0,20.651999999999997,1
2746-DIJLO,Female,0,No,No,41,Yes,Yes,DSL,No,Yes,No,No,No,No,One year,Yes,Credit card (automatic),56.3,2364.0,0,36-48,0,3,1,57.65853658536585,1
5955-ERIHD,Male,0,Yes,No,18,Yes,Yes,Fiber optic,No,No,No,No,Yes,Yes,Month-to-month,Yes,Electronic check,94.7,1687.95,1,12-24,0,4,1,93.775,2
0917-EZOLA,Male,1,Yes,No,72,Yes,Yes,Fiber optic,No,Yes,Yes,No,Yes,Yes,Two year,Yes,Bank transfer (automatic),104.15,7689.95,1,60-72,0,6,1,106.80486111111111,0
3508-VLHCZ,Female,0,Yes,Yes,71,Yes,Yes,DSL,Yes,Yes,Yes,Yes,Yes,Yes,Two year,Yes,Credit card (automatic),90.55,6239.05,0,60-72,0,8,1,87.87394366197184,0
4086-ATNFV,Female,0,Yes,Yes,34,Yes,No,DSL,Yes,Yes,Yes,No,No,No,One year,Yes,Mailed check,60.8,2042.05,0,24-36,0,4,1,60.06029411764706,1
0468-YRPXN,Male,0,No,No,29,Yes,No,Fiber optic,No,No,Yes,Yes,Yes,Yes,Month-to-month,Yes,Credit card (automatic),98.8,2807.1,0,24-36,0,5,1,96.79655172413793,2
5996-NRVXR,Male,1,Yes,No,40,Yes,No,Fiber optic,Yes,Yes,Yes,Yes,Yes,No,One year,Yes,Credit card (automatic),98.15,4116.8,0,36-48,0,6,1,102.92,1
3739-YBWAB,Male,0,Yes,No,36,No,No,DSL,Yes,No,Yes,No,No,No,One year,No,Mailed check,35.35,1317.95,0,24-36,0,2,0,36.609722222222224,1
7047-FWEYA,Female,0,Yes,No,46,Yes,Yes,Fiber optic,No,Yes,No,Yes,Yes,Yes,One year,Yes,Electronic check,103.15,4594.65,0,36-48,0,6,1,99.8836956521739,1
2000-MPKCA,Female,0,No,No,58,Yes,Yes,Fiber optic,Yes,Yes,Yes,No,Yes,Yes,One year,Yes,Electronic check,107.75,6332.75,0,48-60,0,7,1,109.1853448275862,1
9762-YAQAA,Male,0,No,No,39,Yes,Yes,Fiber optic,No,Yes,No,No,No,No,One year,No,Credit card (automatic),81.4,3213.75,0,36-48,0,3,1,82.40384615384616,1
5949-EBSQK,Male,0,Yes,Yes,4,Yes,No,DSL,No,No,No,Yes,No,Yes,Month-to-month,No,Credit card (automatic),61.45,229.55,1,0-12,1,3,1,57.3875,2
5473-KHBPS,Female,0,Yes,Yes,52,Yes,Yes,Fiber optic,No,Yes,Yes,No,Yes,No,One year,Yes,Credit card (automatic),95.7,4976.15,0,48-60,0,5,1,95.6951923076923,1
0100-DUVFC,Male,1,Yes,No,70,Yes,Yes,Fiber optic,No,Yes,Yes,No,Yes,Yes,One year,Yes,Electronic check,104.8,7308.95,0,60-72,0,6,1,104.41357142857143,1
5397-TUPSH,Male,1,Yes,No,65,Yes,No,Fiber optic,No,No,No,No,No,No,One year,Yes,Bank transfer (automatic),70.95,4555.2,0,60-72,0,1,1,70.08,1
8950-MTZNV,Male,0,No,No,1,Yes,No,DSL,No,No,No,No,No,No,Month-to-month,Yes,Mailed check,44.95,44.95,0,0-12,1,1,1,44.95,2
0326-VDYXE,Female,0,Yes,No,70,Yes,Yes,Fiber optic,No,No,Yes,No,Yes,Yes,One year,Yes,Electronic check,97.65,6982.5,0,60-72,0,5,1,99.75,1
6773-LQTVT,Female,1,Yes,Yes,29,No,No,DSL,No,Yes,Yes,No,No,No,Month-to-month,Yes,Mailed check,35.65,1025.15,0,24-36,0,2,0,35.35,2
7274-RTAPZ,Male,0,No,No,1,Yes,No,Fiber optic,No,No,No,No,Yes,Yes,Month-to-month,Yes,Electronic check,90.55,90.55,1,0-12,1,3,1,90.55,2
0436-TWFFZ,Female,0,No,No,67,Yes,Yes,DSL,Yes,No,Yes,Yes,Yes,Yes,Two year,Yes,Mailed check,85.25,5714.2,0,60-72,0,7,1,85.2865671641791,0
8566-YPRGL,Female,0,No,No,1,Yes,No,No,No,No,No,No,No,No,Month-to-month,Yes,Mailed check,19.5,19.5,0,0-12,1,1,0,19.5,2
0311-UNPFF,Female,0,No,No,26,Yes,No,Fiber optic,No,No,No,No,Yes,Yes,Month-to-month,Yes,Bank transfer (automatic),88.8,2274.35,1,24-36,0,3,1,87.475,2
6609-MXJHJ,Female,0,Yes,Yes,30,Yes,Yes,No,No,No,No,No,No,No,Two year,Yes,Mailed check,25.1,789.55,0,24-36,0,2,0,26.31833333333333,0
2669-OIDSD,Female,0,Yes,No,48,Yes,No,Fiber optic,No,No,Yes,Yes,Yes,Yes,Month-to-month,Yes,Credit card (automatic),100.05,4834.0,0,36-48,0,5,1,100.70833333333333,2
8400-WZICQ,Female,0,Yes,Yes,55,Yes,No,DSL,Yes,Yes,No,No,No,No,Month-to-month,No,Electronic check,55.7,3131.8,0,48-60,0,3,1,56.941818181818185,2
3834-XUIFC,Male,0,No,No,7,Yes,Yes,Fiber optic,No,No,No,No,No,Yes,Month-to-month,Yes,Mailed check,85.2,602.55,1,0-12,0,3,1,86.07857142857142,2
9576-SYUHJ,Male,0,No,No,37,Yes,Yes,Fiber optic,Yes,No,No,No,Yes,No,Month-to-month,Yes,Electronic check,91.15,3369.25,0,36-48,0,4,1,91.0608108108108,2
0410-IPFTY,Female,0,Yes,No,31,Yes,No,Fiber optic,No,Yes,No,No,No,Yes,Month-to-month,Yes,Bank transfer (automatic),83.85,2674.15,0,24-36,0,3,1,86.26290322580645,2
2831-EBWRN,Male,0,No,No,4,Yes,No,DSL,No,No,No,No,No,No,Month-to-month,Yes,Electronic check,45.9,199.75,0,0-12,1,1,1,49.9375,2
9430-NKQLY,Male,0,Yes,Yes,72,Yes,Yes,No,No,No,No,No,No,No,Two year,Yes,Credit card (automatic),25.1,1790.8,0,60-72,0,2,0,24.87222222222222,0
8414-MYSHR,Male,1,No,No,5,Yes,No,Fiber optic,No,No,No,No,Yes,Yes,Month-to-month,Yes,Electronic check,91.4,449.75,1,0-12,1,3,1,89.95,2
0247-SLUJI,Male,0,Yes,Yes,1,Yes,No,No,No,No,No,No,No,No,Month-to-month,No,Mailed check,19.7,19.7,0,0-12,1,1,0,19.7,2
9402-ORRAH,Female,1,No,No,15,Yes,No,Fiber optic,No,No,No,No,Yes,Yes,Month-to-month,Yes,Electronic check,91.5,1400.3,0,12-24,0,3,1,93.35333333333332,2
6483-OATDN,Male,0,Yes,Yes,8,Yes,No,DSL,Yes,No,No,No,No,No,Month-to-month,Yes,Credit card (automatic),51.3,411.6,0,0-12,0,2,1,51.45,2
1293-HHSHJ,Female,0,No,No,35,Yes,No,No,No,No,No,No,No,No,One year,No,Mailed check,21.1,741.0,0,24-36,0,1,0,21.17142857142857,1
4840-ORQXB,Female,1,No,No,56,Yes,Yes,Fiber optic,No,Yes,Yes,No,Yes,Yes,Month-to-month,No,Electronic check,104.75,5841.35,0,48-60,0,6,1,104.30982142857144,2
7599-FKVXZ,Male,0,Yes,No,42,Yes,Yes,Fiber optic,No,No,Yes,Yes,Yes,Yes,Month-to-month,Yes,Bank transfer (automatic),106.15,4512.7,1,36-48,0,6,1,107.4452380952381,2
3982-DQLUS,Male,1,Yes,Yes,65,Yes,Yes,Fiber optic,Yes,Yes,No,No,No,No,Month-to-month,Yes,Electronic check,85.75,5688.45,0,60-72,0,4,1,87.51461538461538,2
8610-ZIKJJ,Female,0,Yes,Yes,2,Yes,No,No,No,No,No,No,No,No,One year,No,Mailed check,20.3,31.9,0,0-12,1,1,0,15.95,1
3756-VNWDH,Male,1,Yes,No,65,Yes,Yes,Fiber optic,Yes,No,No,No,Yes,Yes,One year,Yes,Electronic check,100.75,6674.65,0,60-72,0,5,1,102.68692307692307,1
7801-KICAO,Female,0,No,No,18,Yes,Yes,Fiber optic,No,No,No,No,No,No,Month-to-month,Yes,Electronic check,74.15,1345.75,0,12-24,0,2,1,74.76388888888889,2
7673-LPRNY,Female,0,No,No,23,Yes,Yes,DSL,Yes,No,Yes,No,Yes,Yes,One year,Yes,Electronic check,78.55,1843.05,0,12-24,0,6,1,80.13260869565217,1
8229-TNIQA,Female,0,No,No,4,Yes,No,DSL,No,No,No,No,No,No,Month-to-month,Yes,Mailed check,45.3,196.95,1,0-12,1,1,1,49.2375,2
6060-QBMGV,Male,0,Yes,No,70,Yes,No,No,No,No,No,No,No,No,Two year,No,Credit card (automatic),19.85,1433.8,0,60-72,0,1,0,20.482857142857142,0
7339-POGZN,Female,0,No,No,4,Yes,Yes,DSL,No,No,No,No,No,No,Month-to-month,No,Electronic check,50.7,214.55,0,0-12,1,2,1,53.6375,2
2828-SLQPF,Male,0,No,No,19,Yes,No,DSL,No,No,No,No,No,No,Month-to-month,Yes,Bank transfer (automatic),45.0,865.85,0,12-24,0,1,1,45.57105263157895,2
4465-VDKIQ,Female,0,No,No,18,Yes,No,Fiber optic,No,Yes,Yes,No,No,No,Month-to-month,No,Electronic check,77.8,1358.6,0,12-24,0,3,1,75.47777777777777,2
2921-XWDJH,Female,1,Yes,No,38,Yes,No,Fiber optic,Yes,No,No,No,No,Yes,Month-to-month,Yes,Electronic check,83.45,3147.15,0,36-48,0,3,1,82.81973684210527,2
6221-AVQYL,Male,0,No,No,2,Yes,Yes,Fiber optic,No,No,No,No,No,No,Month-to-month,Yes,Credit card (automatic),73.25,131.05,1,0-12,1,2,1,65.525,2
2558-BUOZZ,Male,0,No,No,47,Yes,Yes,Fiber optic,Yes,Yes,No,No,Yes,No,One year,No,Bank transfer (automatic),94.8,4535.85,0,36-48,0,5,1,96.50744680851065,1
9257-AZMTZ,Female,0,Yes,Yes,52,Yes,No,No,No,No,No,No,No,No,Two year,No,Bank transfer (automatic),20.1,1078.75,0,48-60,0,1,0,20.745192307692307,0
0003-MKNFE,Male,0,No,No,9,Yes,Yes,DSL,No,No,No,No,No,Yes,Month-to-month,No,Mailed check,59.9,542.4,0,0-12,0,3,1,60.266666666666666,2
0975-UYDTX,Female,0,Yes,No,26,Yes,Yes,DSL,Yes,Yes,Yes,Yes,Yes,Yes,One year,Yes,Credit card (automatic),90.1,2312.55,0,24-36,0,8,1,88.94423076923077,1
7743-EXURX,Male,0,Yes,Yes,8,Yes,No,DSL,No,No,Yes,No,No,No,Month-to-month,Yes,Electronic check,51.05,415.05,1,0-12,0,2,1,51.88125,2
4682-BLBUC,Male,0,Yes,No,44,Yes,No,DSL,No,Yes,Yes,Yes,Yes,No,One year,Yes,Electronic check,70.95,3250.45,0,36-48,0,5,1,73.87386363636364,1
0975-VOOVL,Female,0,No,No,3,No,No,DSL,No,Yes,No,No,No,No,Month-to-month,No,Mailed check,29.2,98.5,0,0-12,1,1,0,32.833333333333336,2
5968-VXZLG,Male,0,No,No,2,Yes,No,DSL,No,No,No,No,No,No,Month-to-month,Yes,Bank transfer (automatic),46.6,87.9,0,0-12,1,1,1,43.95,2
5569-KGJHX,Female,0,Yes,Yes,9,Yes,Yes,Fiber optic,No,No,No,No,Yes,No,Month-to-month,Yes,Bank transfer (automatic),85.35,754.65,1,0-12,0,3,1,83.85,2
4988-IQIGL,Male,1,No,No,1,Yes,Yes,Fiber optic,No,No,No,No,No,No,Month-to-month,Yes,Electronic check,75.35,75.35,1,0-12,1,2,1,75.35,2
5201-FRKKS,Male,0,No,No,25,Yes,No,Fiber optic,Yes,No,No,No,No,No,Month-to-month,No,Bank transfer (automatic),74.3,1952.25,0,24-36,0,2,1,78.09,2
9799-CAYJJ,Female,1,Yes,No,2,Yes,No,Fiber optic,No,No,No,No,No,No,Month-to-month,Yes,Electronic check,69.3,153.8,0,0-12,1,1,1,76.9,2
7730-IUTDZ,Male,0,No,No,43,Yes,No,Fiber optic,Yes,No,No,No,No,No,Month-to-month,Yes,Electronic check,75.2,3198.6,1,36-48,0,2,1,74.38604651162791,2
0426-TIRNE,Female,0,No,No,1,Yes,No,No,No,No,No,No,No,No,Month-to-month,No,Mailed check,20.9,20.9,1,0-12,1,1,0,20.9,2
5443-SCMKX,Female,0,Yes,No,58,Yes,Yes,Fiber optic,No,Yes,Yes,No,No,Yes,One year,Yes,Electronic check,94.3,5610.15,0,48-60,0,5,1,96.72672413793103,1
8295-KMENE,Female,0,Yes,Yes,59,Yes,Yes,DSL,Yes,No,Yes,Yes,Yes,No,Two year,Yes,Mailed check,76.45,4519.5,0,48-60,0,6,1,76.60169491525424,0
6738-ISCBM,Male,0,No,No,44,No,No,DSL,Yes,No,Yes,No,Yes,Yes,One year,Yes,Electronic check,54.0,2440.25,0,36-48,0,4,0,55.46022727272727,1
9821-BESNZ,Male,0,No,No,66,Yes,Yes,Fiber optic,No,Yes,No,Yes,Yes,Yes,One year,Yes,Electronic check,104.25,6860.6,0,60-72,0,6,1,103.94848484848485,1
3678-MNGZX,Male,0,Yes,Yes,68,Yes,No,No,No,No,No,No,No,No,Two year,No,Bank transfer (automatic),19.95,1377.7,0,60-72,0,1,0,20.26029411764706,0
1335-NTIUC,Male,0,No,No,9,No,No,DSL,No,No,No,No,No,No,Month-to-month,Yes,Electronic check,24.95,190.25,0,0-12,0,0,0,21.13888888888889,2
2916-BQZLN,Male,0,No,No,19,Yes,Yes,Fiber optic,Yes,No,Yes,No,No,No,Month-to-month,Yes,Electronic check,84.75,1651.95,0,12-24,0,4,1,86.94473684210527,2
4558-CGYCZ,Male,0,No,No,4,Yes,No,No,No,No,No,No,No,No,Month-to-month,No,Mailed check,19.75,78.3,0,0-12,1,1,0,19.575,2
2368-GAKKQ,Female,0,No,No,70,Yes,Yes,Fiber optic,Yes,Yes,Yes,Yes,Yes,Yes,Two year,Yes,Bank transfer (automatic),113.65,7939.25,0,60-72,0,8,1,113.41785714285714,0
8710-YGLWG,Male,0,No,No,1,Yes,No,DSL,No,No,No,No,No,No,Month-to-month,Yes,Mailed check,44.9,44.9,0,0-12,1,1,1,44.9,2
3199-XGZCY,Female,0,No,No,8,Yes,Yes,Fiber optic,No,No,No,No,No,No,Month-to-month,Yes,Electronic check,75.25,576.7,0,0-12,0,2,1,72.0875,2
3785-KTYSH,Male,0,No,No,53,Yes,Yes,No,No,No,No,No,No,No,Two year,No,Mailed check,24.6,1279.0,0,48-60,0,2,0,24.132075471698112,0
6814-ZPWFQ,Male,1,No,No,51,Yes,Yes,No,No,No,No,No,No,No,One year,No,Bank transfer (automatic),25.0,1260.7,0,48-60,0,2,0,24.719607843137254,1
4063-EIKNQ,Male,0,Yes,Yes,11,Yes,No,No,No,No,No,No,No,No,Month-to-month,No,Bank transfer (automatic),20.95,267.35,0,0-12,0,1,0,24.30454545454546,2
6993-YCOBK,Male,0,Yes,Yes,60,Yes,Yes,Fiber optic,Yes,No,Yes,Yes,Yes,Yes,Two year,Yes,Electronic check,110.6,6586.85,0,48-60,0,7,1,109.78083333333333,0
5206-HPJKM,Male,0,No,No,17,Yes,No,DSL,Yes,Yes,No,No,No,No,Month-to-month,Yes,Credit card (automatic),55.5,934.15,0,12-24,0,3,1,54.949999999999996,2
7587-RZNME,Male,0,No,No,3,Yes,No,DSL,No,No,No,No,No,No,Month-to-month,Yes,Electronic check,43.3,123.65,1,0-12,1,1,1,41.21666666666667,2
0748-RDGGM,Male,0,Yes,No,70,Yes,No,Fiber optic,Yes,Yes,Yes,Yes,Yes,Yes,One year,Yes,Bank transfer (automatic),109.5,7534.65,1,60-72,0,7,1,107.63785714285714,1
8393-JMVMB,Male,0,No,No,1,Yes,No,No,No,No,No,No,No,No,Month-to-month,No,Mailed check,19.45,19.45,0,0-12,1,1,0,19.45,2
5019-GQVCR,Male,1,No,No,43,Yes,Yes,Fiber optic,No,No,No,No,Yes,No,Month-to-month,Yes,Electronic check,84.85,3645.6,0,36-48,0,3,1,84.78139534883721,2
6036-TTFYU,Female,0,Yes,No,16,Yes,No,No,No,No,No,No,No,No,Month-to-month,No,Mailed check,19.6,314.45,0,12-24,0,1,0,19.653125,2
2550-AEVRU,Female,0,Yes,Yes,57,Yes,No,DSL,Yes,Yes,No,No,No,No,One year,No,Electronic check,53.45,3053.0,0,48-60,0,3,1,53.56140350877193,1
0969-RGKCU,Male,0,Yes,Yes,37,Yes,No,No,No,No,No,No,No,No,One year,No,Credit card (automatic),19.8,677.05,0,36-48,0,1,0,18.298648648648648,1
0378-CJKPV,Female,0,Yes,No,72,Yes,Yes,Fiber optic,Yes,Yes,Yes,Yes,Yes,Yes,Two year,No,Credit card (automatic),112.1,7965.95,0,60-72,0,8,1,110.63819444444444,0
4706-AXVKM,Female,1,No,No,11,Yes,Yes,Fiber optic,No,No,No,No,No,Yes,Month-to-month,Yes,Credit card (automatic),84.8,906.85,1,0-12,0,3,1,82.44090909090909,2
5889-JTMUL,Female,1,Yes,No,50,Yes,Yes,Fiber optic,No,Yes,Yes,No,Yes,No,Month-to-month,Yes,Electronic check,95.05,4888.7,1,48-60,0,5,1,97.774,2
9026-RNUJS,Male,1,No,No,5,Yes,No,DSL,No,No,Yes,No,No,No,Month-to-month,No,Electronic check,50.35,237.25,1,0-12,1,2,1,47.45,2
3746-EUBYR,Male,0,Yes,No,1,Yes,Yes,Fiber optic,No,No,No,No,No,No,Month-to-month,Yes,Bank transfer (automatic),74.6,74.6,1,0-12,1,2,1,74.6,2
2332-EFBJY,Male,0,No,No,16,Yes,No,No,No,No,No,No,No,No,Month-to-month,Yes,Mailed check,19.7,342.4,1,12-24,0,1,0,21.4,2
2880-FPNAE,Male,1,Yes,No,2,Yes,No,Fiber optic,No,No,Yes,No,No,No,Month-to-month,Yes,Electronic check,74.2,140.1,0,0-12,1,2,1,70.05,2
1703-MGIAB,Female,0,No,No,17,Yes,Yes,DSL,No,No,Yes,Yes,Yes,No,Month-to-month,Yes,Mailed check,69.0,1108.0,0,12-24,0,5,1,65.17647058823529,2
4311-QTTAI,Female,0,No,No,16,Yes,No,No,No,No,No,No,No,No,One year,No,Credit card (automatic),19.35,295.55,0,12-24,0,1,0,18.471875,1
9474-PHLYD,Female,0,No,No,15,Yes,No,DSL,No,No,Yes,No,No,Yes,Month-to-month,Yes,Electronic check,59.45,892.65,1,12-24,0,3,1,59.51,2
4318-RAJVY,Female,0,No,No,10,Yes,No,No,No,No,No,No,No,No,One year,Yes,Mailed check,19.8,198.25,0,0-12,0,1,0,19.825,1
2165-VOEGB,Female,0,No,Yes,46,Yes,No,Fiber optic,Yes,Yes,No,Yes,Yes,Yes,One year,Yes,Bank transfer (automatic),105.2,4822.85,1,36-48,0,6,1,104.8445652173913,1
3612-YUNGG,Male,0,Yes,Yes,64,Yes,Yes,Fiber optic,No,Yes,Yes,Yes,Yes,Yes,Two year,Yes,Credit card (automatic),109.2,6741.15,0,60-72,0,7,1,105.33046875,0
2254-DLXRI,Female,0,No,No,1,Yes,Yes,Fiber optic,No,Yes,No,No,No,No,Month-to-month,Yes,Mailed check,79.15,79.15,0,0-12,1,3,1,79.15,2
5062-CJJKH,Male,0,Yes,Yes,25,Yes,No,DSL,No,Yes,Yes,No,No,No,One year,No,Mailed check,53.65,1355.45,0,24-36,0,3,1,54.218,1
9028-LIHRP,Male,0,Yes,Yes,71,Yes,No,Fiber optic,Yes,Yes,Yes,Yes,Yes,No,Two year,No,Credit card (automatic),100.2,7209.0,0,60-72,0,6,1,101.53521126760563,0
2219-MVUSO,Male,0,No,No,8,Yes,No,DSL,No,No,No,No,No,No,Month-to-month,Yes,Mailed check,45.15,438.4,1,0-12,0,1,1,54.8,2
1053-MXTTK,Female,0,Yes,Yes,72,Yes,No,Fiber optic,Yes,Yes,Yes,Yes,Yes,Yes,Two year,Yes,Bank transfer (automatic),108.65,7726.35,0,60-72,0,7,1,107.31041666666667,0
1530-ZTDOZ,Female,0,Yes,No,49,No,No,DSL,Yes,No,No,No,Yes,No,Month-to-month,No,Bank transfer (automatic),40.65,2070.75,0,48-60,0,2,0,42.26020408163265,2
1301-LOPVR,Male,0,Yes,Yes,29,No,No,DSL,Yes,Yes,Yes,Yes,No,Yes,One year,Yes,Credit card (automatic),55.35,1636.95,0,24-36,0,5,0,56.44655172413793,1
0853-TWRVK,Male,0,Yes,No,72,Yes,Yes,Fiber optic,Yes,Yes,Yes,Yes,No,Yes,Two year,No,Bank transfer (automatic),105.6,7581.5,0,60-72,0,7,1,105.29861111111111,0
8914-RBTSB,Male,0,Yes,No,31,Yes,Yes,Fiber optic,No,Yes,Yes,No,Yes,No,Month-to-month,No,Electronic check,93.8,3019.5,1,24-36,0,5,1,97.40322580645162,2
6212-ATMLK,Female,0,No,No,50,Yes,Yes,Fiber optic,No,No,No,No,Yes,Yes,Month-to-month,Yes,Electronic check,95.7,4729.75,0,48-60,0,4,1,94.595,2
8200-LGKSR,Male,0,Yes,No,71,Yes,Yes,DSL,Yes,No,Yes,Yes,Yes,Yes,Two year,No,Electronic check,83.2,6126.1,0,60-72,0,7,1,86.2830985915493,0
1568-BEKZM,Male,1,Yes,No,70,Yes,Yes,DSL,Yes,Yes,Yes,Yes,Yes,Yes,Two year,No,Credit card (automatic),90.05,6333.4,0,60-72,0,8,1,90.47714285714285,0
0670-ANMUU,Male,0,No,No,71,Yes,Yes,Fiber optic,Yes,No,No,Yes,No,Yes,One year,No,Credit card (automatic),97.65,6687.85,0,60-72,0,5,1,94.19507042253521,1
6897-RWMUB,Male,0,Yes,Yes,61,Yes,No,DSL,Yes,Yes,Yes,Yes,No,No,Two year,Yes,Bank transfer (automatic),68.05,4158.25,0,60-72,0,5,1,68.16803278688525,0
0963-ZBDRN,Male,0,No,No,32,Yes,No,Fiber optic,No,No,No,Yes,Yes,Yes,Month-to-month,Yes,Electronic check,96.2,3183.4,1,24-36,0,4,1,99.48125,2
7594-RQHXR,Female,0,No,Yes,1,Yes,No,Fiber optic,No,No,No,No,No,Yes,Month-to-month,Yes,Electronic check,79.6,79.6,1,0-12,1,2,1,79.6,2
6999-CHVCF,Male,0,No,No,68,Yes,Yes,Fiber optic,Yes,Yes,Yes,No,No,Yes,Two year,Yes,Bank transfer (automatic),102.1,7149.35,0,60-72,0,6,1,105.1375,0
6134-KWTBV,Male,0,No,No,62,Yes,Yes,No,No,No,No,No,No,No,Two year,No,Bank transfer (automatic),23.4,1429.65,0,60-72,0,2,0,23.058870967741935,0
1077-HUUJM,Female,0,No,Yes,7,Yes,No,Fiber optic,No,No,No,No,No,No,Month-to-month,Yes,Electronic check,71.05,472.65,0,0-12,0,1,1,67.52142857142857,2
6331-EWIEB,Male,0,No,No,20,Yes,Yes,Fiber optic,No,No,No,No,Yes,No,Month-to-month,Yes,Electronic check,85.25,1734.5,1,12-24,0,3,1,86.725,2
0895-LNKRC,Male,0,Yes,Yes,6,Yes,No,No,No,No,No,No,No,No,One year,No,Mailed check,19.45,113.5,0,0-12,1,1,0,18.916666666666668,1
2045-BMBTJ,Female,1,No,No,33,No,No,DSL,Yes,Yes,Yes,No,Yes,Yes,Month-to-month,Yes,Bank transfer (automatic),59.45,1884.65,0,24-36,0,5,0,57.11060606060607,2
8417-GSODA,Male,0,Yes,Yes,28,Yes,Yes,Fiber optic,No,No,No,No,Yes,Yes,One year,No,Bank transfer (automatic),92.2,2568.15,0,24-36,0,4,1,91.71964285714286,1
5171-EPLKN,Male,0,No,No,27,Yes,No,No,No,No,No,No,No,No,Two year,No,Credit card (automatic),19.85,470.0,0,24-36,0,1,0,17.40740740740741,0
4452-QIIEB,Male,0,No,No,7,Yes,No,DSL,No,No,No,No,No,No,Month-to-month,No,Mailed check,43.9,278.4,0,0-12,0,1,1,39.771428571428565,2
5998-VVEJY,Male,0,No,No,26,Yes,Yes,Fiber optic,No,No,No,Yes,No,No,Month-to-month,Yes,Electronic check,80.5,2088.8,1,24-36,0,3,1,80.33846153846154,2
1624-NALOJ,Male,1,No,No,5,Yes,Yes,Fiber optic,No,Yes,No,No,No,Yes,Month-to-month,Yes,Electronic check,89.8,502.6,1,0-12,1,4,1,100.52000000000001,2
6741-EGCBI,Male,1,No,No,30,Yes,Yes,Fiber optic,Yes,No,No,No,No,Yes,Month-to-month,Yes,Credit card (automatic),90.5,2595.85,0,24-36,0,4,1,86.52833333333334,2
7820-ZYGNY,Male,0,No,No,63,Yes,Yes,Fiber optic,No,Yes,No,No,No,Yes,One year,No,Credit card (automatic),90.45,5825.5,0,60-72,0,4,1,92.46825396825396,1
4317-VTEOA,Male,0,No,No,1,Yes,No,DSL,No,Yes,No,No,No,No,Month-to-month,Yes,Electronic check,50.75,50.75,1,0-12,1,2,1,50.75,2
9677-AVKED,Female,0,No,Yes,53,Yes,Yes,DSL,No,Yes,Yes,Yes,Yes,Yes,One year,Yes,Electronic check,84.6,4449.75,0,48-60,0,7,1,83.95754716981132,1
1670-SVOWZ,Female,0,Yes,Yes,14,Yes,No,Fiber optic,No,Yes,No,Yes,No,Yes,Month-to-month,Yes,Credit card (automatic),89.65,1208.35,1,12-24,0,4,1,86.31071428571428,2
2227-JRSJX,Female,0,No,No,21,Yes,No,Fiber optic,No,Yes,No,Yes,Yes,Yes,Month-to-month,Yes,Bank transfer (automatic),99.15,1956.4,0,12-24,0,5,1,93.16190476190476,2
9847-HNVGP,Male,0,No,No,17,Yes,No,No,No,No,No,No,No,No,One year,No,Mailed check,19.95,310.6,0,12-24,0,1,0,18.27058823529412,1
6696-YDAYZ,Male,0,Yes,Yes,16,Yes,No,No,No,No,No,No,No,No,Two year,No,Mailed check,20.5,290.55,0,12-24,0,1,0,18.159375,0
8980-WQFWL,Female,0,No,No,35,Yes,No,DSL,No,No,Yes,No,No,Yes,Month-to-month,Yes,Electronic check,62.1,2096.1,0,24-36,0,3,1,59.888571428571424,2
1730-ZMAME,Female,1,No,No,32,Yes,No,Fiber optic,No,No,No,No,No,Yes,Month-to-month,Yes,Electronic check,79.5,2665.0,0,24-36,0,2,1,83.28125,2
6506-EYCNH,Female,0,Yes,Yes,28,Yes,No,No,No,No,No,No,No,No,Month-to-month,Yes,Bank transfer (automatic),19.55,543.8,0,24-36,0,1,0,19.42142857142857,2
4634-JLRJT,Female,0,No,No,1,Yes,No,No,No,No,No,No,No,No,Month-to-month,Yes,Mailed check,20.35,20.35,0,0-12,1,1,0,20.35,2
9501-UKKNL,Male,0,No,No,59,No,No,DSL,No,No,No,Yes,Yes,Yes,Month-to-month,Yes,Electronic check,51.7,3005.8,0,48-60,0,3,0,50.94576271186441,2
2560-QTSBS,Female,0,Yes,Yes,72,Yes,Yes,No,No,No,No,No,No,No,One year,Yes,Bank transfer (automatic),23.3,1623.15,0,60-72,0,2,0,22.543750000000003,1
7541-YLXCL,Male,0,No,No,36,Yes,No,DSL,No,Yes,No,Yes,No,Yes,One year,Yes,Mailed check,65.4,2498.4,1,24-36,0,4,1,69.4,1
4795-WRNVT,Female,0,No,No,40,Yes,No,DSL,Yes,Yes,No,No,Yes,No,Month-to-month,No,Mailed check,65.1,2586.0,0,36-48,0,4,1,64.65,2
6080-TCMYC,Male,0,Yes,Yes,40,Yes,Yes,Fiber optic,No,No,Yes,No,No,No,Month-to-month,Yes,Electronic check,81.2,3292.3,0,36-48,0,3,1,82.3075,2
0260-ZDLGK,Female,0,No,Yes,9,Yes,No,DSL,No,No,Yes,Yes,Yes,Yes,Month-to-month,Yes,Mailed check,72.9,651.4,1,0-12,0,5,1,72.37777777777778,2
7860-UXCRM,Male,0,Yes,Yes,63,Yes,No,DSL,Yes,Yes,Yes,Yes,Yes,No,Two year,No,Credit card (automatic),74.5,4674.55,0,60-72,0,6,1,74.19920634920635,0
6357-JJPQT,Female,0,No,No,3,Yes,No,Fiber optic,No,No,No,No,Yes,No,Month-to-month,Yes,Electronic check,80.5,232.35,0,0-12,1,2,1,77.45,2
2292-XQWSV,Male,0,Yes,Yes,40,No,No,DSL,No,Yes,Yes,Yes,Yes,Yes,One year,No,Mailed check,60.3,2448.5,0,36-48,0,5,0,61.2125,1
9552-TGUZV,Male,0,Yes,No,8,Yes,No,Fiber optic,Yes,No,No,No,No,No,Month-to-month,Yes,Mailed check,75.0,658.1,0,0-12,0,2,1,82.2625,2
5913-INRQV,Male,1,Yes,No,34,Yes,No,Fiber optic,Yes,No,No,Yes,Yes,No,One year,No,Mailed check,90.15,3128.8,0,24-36,0,4,1,92.02352941176471,1
8722-NGNBH,Male,0,No,No,5,No,No,DSL,Yes,No,Yes,Yes,No,No,Month-to-month,No,Mailed check,40.0,223.45,1,0-12,1,3,0,44.69,2
6210-KBBPI,Male,1,No,No,9,Yes,Yes,Fiber optic,No,Yes,No,No,Yes,Yes,Month-to-month,Yes,Credit card (automatic),99.45,919.4,1,0-12,0,5,1,102.15555555555555,2
9643-YBLUR,Male,0,Yes,No,9,Yes,Yes,DSL,No,Yes,Yes,No,No,Yes,Month-to-month,Yes,Credit card (automatic),69.05,653.95,0,0-12,0,5,1,72.66111111111111,2
8734-FNWVH,Male,0,Yes,Yes,31,Yes,Yes,DSL,No,No,No,No,No,Yes,Month-to-month,No,Bank transfer (automatic),59.7,1825.5,0,24-36,0,3,1,58.88709677419355,2
9447-YPTBX,Female,0,Yes,No,50,Yes,No,No,No,No,No,No,No,No,One year,Yes,Bank transfer (automatic),19.85,943.1,0,48-60,0,1,0,18.862000000000002,1
0133-BMFZO,Female,0,No,No,2,Yes,No,Fiber optic,Yes,Yes,No,Yes,No,No,Month-to-month,Yes,Electronic check,86.25,181.65,1,0-12,1,4,1,90.825,2
6128-CZOMY,Female,0,No,No,1,Yes,No,DSL,No,No,No,No,No,No,Month-to-month,Yes,Electronic check,45.65,45.65,1,0-12,1,1,1,45.65,2
9540-JYROE,Male,0,No,No,8,Yes,No,Fiber optic,No,No,No,No,No,No,Month-to-month,Yes,Mailed check,70.1,551.35,1,0-12,0,1,1,68.91875,2
9026-LHEVG,Female,0,No,No,9,No,No,DSL,No,Yes,No,No,No,Yes,Month-to-month,No,Electronic check,40.75,359.4,0,0-12,0,2,0,39.93333333333333,2
2260-USTRB,Female,1,No,No,2,Yes,No,Fiber optic,No,No,No,No,No,No,Month-to-month,Yes,Bank transfer (automatic),70.2,115.95,1,0-12,1,1,1,57.975,2
3656-TKRVZ,Female,0,No,No,3,Yes,No,DSL,Yes,Yes,No,No,No,No,Month-to-month,No,Electronic check,55.35,165.2,1,0-12,1,3,1,55.06666666666666,2
7011-CVEUC,Male,0,Yes,No,25,Yes,No,Fiber optic,No,No,No,Yes,Yes,Yes,Month-to-month,Yes,Credit card (automatic),95.7,2338.35,0,24-36,0,4,1,93.53399999999999,2
6185-TASNN,Male,1,No,No,1,Yes,No,DSL,No,No,No,No,No,No,Month-to-month,No,Electronic check,46.3,46.3,0,0-12,1,1,1,46.3,2
7925-PNRGI,Female,0,Yes,Yes,45,Yes,Yes,DSL,Yes,Yes,Yes,Yes,Yes,No,Month-to-month,No,Mailed check,81.3,3541.1,0,36-48,0,7,1,78.69111111111111,2
8623-TMRBY,Male,1,Yes,Yes,51,Yes,Yes,Fiber optic,No,Yes,Yes,No,No,No,Month-to-month,Yes,Electronic check,84.2,4146.05,1,48-60,0,4,1,81.29509803921569,2
1552-CZCLL,Female,0,Yes,Yes,55,Yes,No,No,No,No,No,No,No,No,Month-to-month,No,Credit card (automatic),20.0,1087.25,0,48-60,0,1,0,19.76818181818182,2
3038-PQIUY,Female,0,No,No,38,Yes,Yes,DSL,Yes,Yes,Yes,No,No,No,Month-to-month,Yes,Bank transfer (automatic),66.15,2522.4,0,36-48,0,5,1,66.37894736842105,2
1501-SGHBW,Male,0,No,No,2,Yes,No,DSL,No,No,No,No,No,No,Month-to-month,No,Mailed check,45.85,81.0,1,0-12,1,1,1,40.5,2
9313-CDOGY,Male,0,Yes,Yes,38,Yes,No,No,No,No,No,No,No,No,Month-to-month,No,Electronic check,19.6,717.3,0,36-48,0,1,0,18.876315789473683,2
8148-BPLZQ,Male,0,No,No,34,Yes,No,DSL,No,Yes,No,No,No,No,Month-to-month,Yes,Electronic check,49.8,1734.2,0,24-36,0,2,1,51.00588235294118,2
2623-DRYAM,Female,0,Yes,No,70,Yes,Yes,Fiber optic,No,No,Yes,No,Yes,Yes,One year,Yes,Electronic check,101.75,7069.3,0,60-72,0,5,1,100.99000000000001,1
9987-LUTYD,Female,0,No,No,13,Yes,No,DSL,Yes,No,No,Yes,No,No,One year,No,Mailed check,55.15,742.9,0,12-24,0,3,1,57.146153846153844,1
3208-YPIOE,Male,0,No,No,39,Yes,Yes,Fiber optic,No,No,No,No,No,No,Month-to-month,No,Electronic check,75.25,3017.65,1,36-48,0,2,1,77.37564102564103,2
4488-KQFDT,Female,0,No,No,61,Yes,Yes,Fiber optic,No,Yes,Yes,No,Yes,Yes,One year,Yes,Electronic check,103.95,6423.0,0,60-72,0,6,1,105.29508196721312,1
2612-RANWT,Female,0,No,No,12,Yes,Yes,Fiber optic,No,No,Yes,No,Yes,Yes,Month-to-month,Yes,Bank transfer (automatic),100.15,1164.3,1,0-12,0,5,1,97.02499999999999,2
5693-PIPCS,Male,0,No,No,41,Yes,No,Fiber optic,No,Yes,No,Yes,Yes,Yes,Two year,Yes,Credit card (automatic),99.65,4220.35,0,36-48,0,5,1,102.93536585365854,0
0491-KAPQG,Male,0,No,No,21,Yes,Yes,Fiber optic,No,No,No,No,No,No,Month-to-month,Yes,Electronic check,73.7,1558.7,0,12-24,0,2,1,74.22380952380952,2
1925-LFCZZ,Male,1,No,No,55,No,No,DSL,No,No,Yes,No,Yes,Yes,One year,Yes,Bank transfer (automatic),50.05,2743.45,0,48-60,0,3,0,49.880909090909086,1
8039-EQPIM,Male,0,Yes,No,69,No,No,DSL,Yes,No,Yes,Yes,Yes,Yes,Two year,No,Bank transfer (automatic),60.25,4055.5,0,60-72,0,5,0,58.77536231884058,0
6900-PXRMS,Male,1,Yes,Yes,26,Yes,Yes,Fiber optic,No,Yes,Yes,No,Yes,Yes,Month-to-month,No,Electronic check,105.75,2710.25,1,24-36,0,6,1,104.24038461538461,2
8707-RMEZH,Female,1,Yes,No,69,Yes,No,Fiber optic,Yes,Yes,No,No,No,Yes,One year,No,Credit card (automatic),87.3,6055.55,0,60-72,0,4,1,87.76159420289855,1
3346-BRMIS,Female,1,Yes,No,18,No,No,DSL,No,No,Yes,No,Yes,Yes,Month-to-month,Yes,Electronic check,48.35,810.7,1,12-24,0,3,0,45.03888888888889,2
3209-ZPKFI,Male,0,Yes,Yes,47,Yes,Yes,DSL,No,Yes,No,No,No,No,Month-to-month,No,Electronic check,54.25,2538.2,0,36-48,0,3,1,54.00425531914893,2
6479-VDGRK,Female,0,Yes,Yes,72,Yes,No,DSL,Yes,Yes,Yes,Yes,Yes,Yes,Two year,No,Bank transfer (automatic),85.3,6129.2,0,60-72,0,7,1,85.12777777777778,0
9373-WSLOY,Male,1,Yes,No,33,No,No,DSL,No,Yes,Yes,Yes,Yes,No,Month-to-month,Yes,Electronic check,50.0,1750.85,0,24-36,0,4,0,53.056060606060605,2
2933-FILNV,Female,0,Yes,Yes,2,No,No,DSL,No,No,No,No,No,No,Month-to-month,Yes,Mailed check,24.4,36.55,1,0-12,1,0,0,18.275,2
3569-JFODW,Female,0,Yes,Yes,72,Yes,Yes,DSL,Yes,Yes,Yes,Yes,Yes,Yes,Two year,No,Credit card (automatic),90.95,6652.45,0,60-72,0,8,1,92.39513888888888,0
9819-FBNSV,Male,1,Yes,No,37,Yes,No,Fiber optic,No,No,No,No,No,No,Month-to-month,Yes,Bank transfer (automatic),72.25,2575.45,0,36-48,0,1,1,69.60675675675675,2
9544-PYPSJ,Female,1,Yes,Yes,62,Yes,Yes,Fiber optic,No,Yes,Yes,No,No,Yes,Month-to-month,Yes,Credit card (automatic),96.1,6019.35,0,60-72,0,5,1,97.08629032258065,2
1591-XWLGB,Female,0,Yes,No,71,Yes,No,No,No,No,No,No,No,No,Two year,No,Credit card (automatic),19.85,1379.6,0,60-72,0,1,0,19.430985915492958,0
0396-UKGAI,Male,0,No,Yes,23,Yes,No,DSL,No,Yes,No,Yes,No,No,Month-to-month,Yes,Bank transfer (automatic),55.3,1284.2,0,12-24,0,3,1,55.834782608695654,2
3243-ZHOHY,Female,0,No,No,16,Yes,No,No,No,No,No,No,No,No,One year,No,Mailed check,20.1,296.15,0,12-24,0,1,0,18.509375,1
5186-EJEGL,Male,0,No,No,9,Yes,No,DSL,Yes,No,Yes,Yes,Yes,No,Month-to-month,Yes,Mailed check,69.5,653.25,0,0-12,0,5,1,72.58333333333333,2
7527-QNRUS,Male,0,Yes,Yes,17,Yes,Yes,No,No,No,No,No,No,No,Two year,Yes,Mailed check,25.15,412.6,0,12-24,0,2,0,24.27058823529412,0
9986-BONCE,Female,0,No,No,4,Yes,No,No,No,No,No,No,No,No,Month-to-month,No,Bank transfer (automatic),20.95,85.5,1,0-12,1,1,0,21.375,2
2722-JMONI,Female,1,Yes,No,1,Yes,No,DSL,Yes,No,No,No,No,No,Month-to-month,Yes,Electronic check,49.55,49.55,1,0-12,1,2,1,49.55,2
2203-GHNWN,Female,0,Yes,No,24,Yes,Yes,Fiber optic,No,No,Yes,No,No,No,Month-to-month,Yes,Mailed check,79.65,1928.7,0,12-24,0,3,1,80.3625,2
3878-AVSOQ,Female,1,No,No,1,Yes,No,Fiber optic,No,No,No,No,No,No,Month-to-month,Yes,Electronic check,71.25,71.25,0,0-12,1,1,1,71.25,2
3258-SYSWS,Male,1,No,No,72,Yes,Yes,Fiber optic,Yes,Yes,Yes,Yes,Yes,Yes,Two year,No,Bank transfer (automatic),113.8,7845.8,0,60-72,0,8,1,108.96944444444445,0
5296-PSYVW,Female,0,Yes,No,72,Yes,Yes,No,No,No,No,No,No,No,Two year,No,Electronic check,24.55,1750.7,0,60-72,0,2,0,24.31527777777778,0
6319-QSUSR,Female,0,No,Yes,11,Yes,No,No,No,No,No,No,No,No,Month-to-month,No,Credit card (automatic),19.7,216.2,0,0-12,0,1,0,19.654545454545453,2
4083-EUGRJ,Male,0,No,No,9,Yes,No,No,No,No,No,No,No,No,Month-to-month,No,Mailed check,20.25,178.5,1,0-12,0,1,0,19.833333333333332,2
7579-OOPEC,Female,1,Yes,No,2,Yes,No,DSL,No,Yes,No,No,No,No,Month-to-month,No,Credit card (automatic),50.15,115.1,1,0-12,1,2,1,57.55,2
0512-FLFDW,Female,1,Yes,No,60,Yes,Yes,Fiber optic,No,No,Yes,No,Yes,Yes,One year,Yes,Credit card (automatic),100.5,6029.0,0,48-60,0,5,1,100.48333333333333,1
1771-OADNZ,Male,1,Yes,No,29,Yes,Yes,Fiber optic,No,Yes,Yes,No,No,Yes,Month-to-month,Yes,Electronic check,95.9,2745.2,1,24-36,0,5,1,94.66206896551724,2
0487-CRLZF,Female,0,No,No,49,Yes,No,DSL,No,No,Yes,Yes,Yes,Yes,Two year,Yes,Bank transfer (automatic),74.45,3721.9,0,48-60,0,5,1,75.95714285714286,0
2107-FBPTK,Female,1,No,No,30,Yes,Yes,Fiber optic,No,Yes,Yes,No,Yes,Yes,Month-to-month,Yes,Electronic check,104.1,3121.1,0,24-36,0,6,1,104.03666666666666,2
9451-WLYRI,Female,0,Yes,No,53,Yes,No,No,No,No,No,No,No,No,One year,No,Credit card (automatic),19.05,990.45,0,48-60,0,1,0,18.687735849056605,1
8219-VYBVI,Male,0,No,Yes,39,Yes,Yes,No,No,No,No,No,No,No,Two year,No,Mailed check,25.0,1004.35,0,36-48,0,2,0,25.752564102564104,0
1991-VOPLL,Female,0,No,No,9,Yes,No,No,No,No,No,No,No,No,Month-to-month,No,Mailed check,19.05,157.65,0,0-12,0,1,0,17.516666666666666,2
9738-QLWTP,Male,0,No,No,39,Yes,No,Fiber optic,No,No,Yes,Yes,No,No,One year,No,Electronic check,81.9,3219.75,0,36-48,0,3,1,82.5576923076923,1
1016-DJTSV,Male,1,No,No,8,Yes,No,Fiber optic,No,No,No,No,No,No,Month-to-month,Yes,Electronic check,69.7,572.85,0,0-12,0,1,1,71.60625,2
9419-IPPBE,Female,0,Yes,Yes,51,Yes,Yes,Fiber optic,No,No,Yes,No,No,Yes,One year,Yes,Electronic check,90.15,4554.85,0,48-60,0,4,1,89.31078431372549,1
0174-QRVVY,Male,0,Yes,Yes,71,Yes,Yes,No,No,No,No,No,No,No,Two year,No,Credit card (automatic),25.35,1847.55,0,60-72,0,2,0,26.021830985915493,0
5699-BNCAS,Male,1,No,No,71,Yes,Yes,No,No,No,No,No,No,No,Two year,Yes,Mailed check,24.65,1766.75,0,60-72,0,2,0,24.883802816901408,0
2900-PHPLN,Female,1,Yes,No,70,Yes,No,No,No,No,No,No,No,No,Two year,Yes,Credit card (automatic),19.55,1462.05,0,60-72,0,1,0,20.88642857142857,0
0612-RTZZA,Female,1,No,No,1,No,No,DSL,No,No,No,No,No,No,Month-to-month,No,Electronic check,25.25,25.25,1,0-12,1,0,0,25.25,2
8106-GWQOK,Male,0,Yes,No,38,No,No,DSL,Yes,Yes,No,Yes,Yes,Yes,Two year,Yes,Bank transfer (automatic),60.0,2193.2,0,36-48,0,5,0,57.715789473684204,0
8751-EDEKA,Female,0,Yes,No,28,Yes,No,Fiber optic,No,Yes,Yes,No,No,Yes,Month-to-month,No,Credit card (automatic),89.9,2433.5,0,24-36,0,4,1,86.91071428571429,2
6878-GGDWG,Female,0,Yes,No,32,Yes,No,No,No,No,No,No,No,No,Month-to-month,No,Bank transfer (automatic),19.4,641.15,0,24-36,0,1,0,20.0359375,2
4039-PIMHX,Male,1,Yes,No,49,Yes,No,DSL,No,Yes,No,No,No,No,Two year,No,Mailed check,49.8,2398.4,0,48-60,0,2,1,48.946938775510205,0
8450-LUGUK,Female,0,Yes,Yes,37,Yes,Yes,No,No,No,No,No,No,No,Two year,Yes,Bank transfer (automatic),24.1,861.85,0,36-48,0,2,0,23.293243243243243,0
3604-WLABM,Female,0,No,No,10,Yes,No,DSL,No,No,Yes,Yes,No,No,Month-to-month,No,Electronic check,54.25,583.0,0,0-12,0,3,1,58.3,2
0795-GMVQO,Male,0,Yes,No,67,Yes,Yes,Fiber optic,Yes,Yes,Yes,No,Yes,Yes,One year,No,Credit card (automatic),109.9,7332.4,0,60-72,0,7,1,109.43880597014925,1
2259-OUUSZ,Male,0,No,No,7,No,No,DSL,No,No,Yes,Yes,No,No,One year,Yes,Credit card (automatic),35.5,249.55,0,0-12,0,2,0,35.65,1
1142-IHLOO,Female,0,No,No,51,Yes,No,Fiber optic,No,No,No,No,Yes,Yes,One year,No,Credit card (automatic),87.55,4475.9,0,48-60,0,3,1,87.7627450980392,1
6410-LEFEN,Female,0,No,No,9,Yes,No,DSL,No,No,No,No,No,No,Month-to-month,No,Electronic check,45.15,416.45,1,0-12,0,1,1,46.27222222222222,2
4633-MKHYU,Female,0,No,No,9,Yes,No,Fiber optic,No,No,No,No,Yes,Yes,Month-to-month,Yes,Mailed check,88.4,788.6,0,0-12,0,3,1,87.62222222222222,2
6257-RJOHI,Male,0,No,No,4,Yes,No,DSL,No,No,No,Yes,No,No,Month-to-month,Yes,Mailed check,50.8,202.3,0,0-12,1,2,1,50.575,2
1545-JFUML,Male,0,Yes,No,71,Yes,Yes,Fiber optic,Yes,Yes,Yes,No,Yes,No,Two year,Yes,Electronic check,99.0,6994.6,0,60-72,0,6,1,98.51549295774649,0
3194-ORPIK,Female,0,Yes,Yes,50,Yes,Yes,Fiber optic,No,No,No,No,Yes,No,Month-to-month,Yes,Bank transfer (automatic),84.4,4116.15,1,48-60,0,3,1,82.323,2
7826-VVKWT,Female,1,Yes,Yes,24,Yes,No,Fiber optic,No,No,Yes,No,Yes,Yes,Two year,Yes,Electronic check,96.55,2263.45,0,12-24,0,4,1,94.31041666666665,0
1353-GHZOS,Male,0,Yes,No,22,Yes,No,DSL,Yes,No,No,No,Yes,No,One year,Yes,Bank transfer (automatic),59.75,1374.35,0,12-24,0,3,1,62.470454545454544,1
2587-EKXTS,Male,0,No,No,44,Yes,Yes,Fiber optic,Yes,Yes,Yes,No,Yes,Yes,Month-to-month,Yes,Electronic check,111.5,4915.15,0,36-48,0,7,1,111.70795454545454,2
5442-BXVND,Female,0,Yes,Yes,33,Yes,Yes,No,No,No,No,No,No,No,Month-to-month,No,Bank transfer (automatic),24.25,838.5,0,24-36,0,2,0,25.40909090909091,2
8816-VXNZD,Female,0,No,No,1,Yes,Yes,Fiber optic,No,No,No,No,No,No,Month-to-month,Yes,Electronic check,75.1,75.1,1,0-12,1,2,1,75.1,2
9378-FXTIZ,Female,0,Yes,No,54,Yes,Yes,DSL,No,No,No,No,Yes,Yes,One year,Yes,Credit card (automatic),70.15,3715.65,1,48-60,0,4,1,68.80833333333334,1
1723-HKXJQ,Male,0,No,No,42,Yes,Yes,Fiber optic,No,Yes,No,No,Yes,Yes,Month-to-month,Yes,Electronic check,101.75,4273.45,1,36-48,0,5,1,101.74880952380951,2
7825-GKXMW,Female,0,No,No,1,Yes,No,DSL,No,No,No,No,No,No,Month-to-month,No,Electronic check,45.8,45.8,1,0-12,1,1,1,45.8,2
9753-OYLBX,Female,0,No,No,1,Yes,No,No,No,No,No,No,No,No,Month-to-month,No,Mailed check,20.5,20.5,0,0-12,1,1,0,20.5,2
2364-UFROM,Male,0,No,No,30,Yes,No,DSL,Yes,Yes,No,Yes,Yes,No,One year,No,Electronic check,70.4,2044.75,0,24-36,0,5,1,68.15833333333333,1
6656-JWRQX,Female,0,No,No,1,No,No,DSL,No,No,No,Yes,No,No,Month-to-month,No,Mailed check,30.55,30.55,0,0-12,1,1,0,30.55,2
6473-ULUHT,Male,0,Yes,Yes,16,Yes,Yes,DSL,Yes,Yes,No,Yes,Yes,Yes,Month-to-month,No,Electronic check,84.9,1398.25,0,12-24,0,7,1,87.390625,2
1240-KNSEZ,Male,0,No,No,1,Yes,No,No,No,No,No,No,No,No,Month-to-month,Yes,Mailed check,20.1,20.1,1,0-12,1,1,0,20.1,2
0836-SEYLU,Male,0,Yes,No,9,No,No,DSL,No,No,No,Yes,Yes,No,Month-to-month,No,Mailed check,40.65,328.95,1,0-12,0,2,0,36.55,2
4433-JCGCG,Male,1,Yes,No,46,Yes,Yes,Fiber optic,No,No,Yes,No,Yes,Yes,Month-to-month,Yes,Electronic check,101.0,4680.05,1,36-48,0,5,1,101.74021739130436,2
3716-BDVDB,Male,0,No,No,1,Yes,No,Fiber optic,No,No,No,No,No,No,Month-to-month,Yes,Electronic check,69.1,69.1,1,0-12,1,1,1,69.1,2
7688-AWMDX,Male,0,Yes,No,71,Yes,No,DSL,Yes,No,No,Yes,No,No,Two year,No,Bank transfer (automatic),54.5,3778.2,0,60-72,0,3,1,53.21408450704225,0
2842-BCQGE,Male,0,No,No,43,Yes,Yes,Fiber optic,No,No,No,No,No,No,Month-to-month,Yes,Credit card (automatic),75.35,3161.4,0,36-48,0,2,1,73.52093023255814,2
7244-QWYHG,Male,0,Yes,No,50,No,No,DSL,Yes,No,No,Yes,Yes,No,One year,Yes,Bank transfer (automatic),44.45,2188.45,0,48-60,0,3,0,43.769,1
5899-MQZZL,Female,0,No,No,13,Yes,Yes,Fiber optic,No,No,No,No,No,No,Month-to-month,Yes,Mailed check,75.0,999.45,1,12-24,0,2,1,76.88076923076923,2
6849-OYAMU,Male,0,Yes,Yes,19,Yes,No,Fiber optic,No,Yes,No,Yes,Yes,Yes,One year,No,Bank transfer (automatic),100.0,1888.65,1,12-24,0,5,1,99.40263157894738,1
5312-UXESG,Female,0,No,No,41,Yes,Yes,Fiber optic,No,No,Yes,No,Yes,Yes,Month-to-month,No,Bank transfer (automatic),98.05,3990.6,0,36-48,0,5,1,97.33170731707317,2
9488-HGMJH,Female,1,No,No,1,Yes,No,Fiber optic,No,No,No,No,No,No,Month-to-month,Yes,Electronic check,71.15,71.15,1,0-12,1,1,1,71.15,2
6038-GCYEC,Female,0,No,No,24,No,No,DSL,No,Yes,Yes,No,Yes,Yes,Month-to-month,Yes,Credit card (automatic),54.15,1240.25,1,12-24,0,4,0,51.677083333333336,2
2150-WLKUW,Female,0,Yes,No,40,Yes,Yes,DSL,No,Yes,No,No,Yes,No,One year,No,Bank transfer (automatic),63.9,2635.0,0,36-48,0,4,1,65.875,1
7159-FVYPK,Female,0,Yes,Yes,3,Yes,Yes,DSL,No,Yes,Yes,No,Yes,No,Month-to-month,Yes,Bank transfer (automatic),69.15,235.0,0,0-12,1,5,1,78.33333333333333,2
7032-LMBHI,Female,0,No,No,37,Yes,Yes,DSL,Yes,No,No,No,Yes,No,One year,No,Bank transfer (automatic),64.65,2347.85,0,36-48,0,4,1,63.4554054054054,1
1150-WFARN,Female,0,Yes,Yes,67,Yes,Yes,Fiber optic,Yes,No,Yes,Yes,Yes,Yes,Two year,Yes,Credit card (automatic),108.75,7156.2,1,60-72,0,7,1,106.80895522388059,0
6088-BXMRG,Female,0,Yes,Yes,32,Yes,Yes,Fiber optic,No,Yes,No,No,Yes,Yes,Month-to-month,Yes,Electronic check,98.85,3089.6,0,24-36,0,5,1,96.55,2
3144-AUDBS,Female,0,Yes,No,6,Yes,No,DSL,No,No,No,Yes,No,No,Month-to-month,Yes,Electronic check,49.15,270.8,1,0-12,1,2,1,45.13333333333333,2
4821-SJHJV,Female,0,Yes,Yes,32,Yes,Yes,Fiber optic,Yes,No,No,No,Yes,No,Month-to-month,No,Electronic check,89.6,2901.8,0,24-36,0,4,1,90.68125,2
7346-MEDWM,Female,0,No,No,59,Yes,Yes,Fiber optic,No,Yes,Yes,No,No,No,Month-to-month,Yes,Electronic check,83.25,4949.1,0,48-60,0,4,1,83.88305084745764,2
1137-DGOWI,Female,0,Yes,No,30,Yes,No,DSL,No,Yes,Yes,Yes,No,Yes,One year,No,Bank transfer (automatic),70.25,2198.9,0,24-36,0,5,1,73.29666666666667,1
5616-PRTNT,Male,0,No,Yes,20,Yes,No,No,No,No,No,No,No,No,Month-to-month,Yes,Electronic check,19.4,374.5,1,12-24,0,1,0,18.725,2
3812-LRZIR,Female,0,Yes,Yes,27,Yes,Yes,No,No,No,No,No,No,No,Two year,No,Electronic check,24.5,761.95,0,24-36,0,2,0,28.22037037037037,0
4818-QIUFN,Female,1,No,No,20,Yes,Yes,Fiber optic,Yes,No,No,No,No,No,Month-to-month,Yes,Electronic check,79.15,1520.9,1,12-24,0,3,1,76.045,2
9483-GCPWE,Male,0,No,Yes,9,Yes,No,No,No,No,No,No,No,No,One year,No,Mailed check,20.1,190.25,0,0-12,0,1,0,21.13888888888889,1
4227-OJHAL,Female,0,Yes,Yes,68,Yes,Yes,DSL,Yes,Yes,Yes,No,Yes,No,One year,Yes,Credit card (automatic),73.0,5163.0,0,60-72,0,6,1,75.92647058823529,1
9220-CXRSC,Female,0,Yes,Yes,69,Yes,Yes,DSL,Yes,No,No,Yes,No,No,Two year,No,Credit card (automatic),61.4,4059.85,0,60-72,0,4,1,58.83840579710145,0
4993-JCRGJ,Male,0,No,No,26,Yes,Yes,Fiber optic,No,No,Yes,Yes,No,No,Month-to-month,Yes,Mailed check,84.3,2281.6,0,24-36,0,4,1,87.75384615384615,2
9537-JALFH,Male,0,Yes,Yes,69,Yes,No,No,No,No,No,No,No,No,Two year,No,Bank transfer (automatic),19.9,1356.7,0,60-72,0,1,0,19.66231884057971,0
6698-OXETB,Male,0,No,No,11,Yes,No,No,No,No,No,No,No,No,Two year,No,Mailed check,20.4,231.45,0,0-12,0,1,0,21.04090909090909,0
2103-ZRXFN,Male,0,No,No,1,Yes,Yes,DSL,No,No,No,No,No,No,Month-to-month,No,Mailed check,50.75,50.75,0,0-12,1,2,1,50.75,2
3724-BSCVH,Male,0,Yes,Yes,10,Yes,No,No,No,No,No,No,No,No,One year,No,Mailed check,20.45,242.4,0,0-12,0,1,0,24.240000000000002,1
4877-TSOFF,Female,0,Yes,Yes,55,Yes,Yes,DSL,Yes,Yes,No,Yes,No,Yes,One year,Yes,Bank transfer (automatic),75.75,4264.25,0,48-60,0,6,1,77.53181818181818,1
9209-NWPGU,Male,0,No,No,44,Yes,No,DSL,Yes,No,No,Yes,Yes,No,One year,No,Electronic check,65.4,2774.55,0,36-48,0,4,1,63.05795454545455,1
6961-VCPMC,Male,1,Yes,No,46,Yes,No,Fiber optic,No,No,No,No,No,Yes,Month-to-month,Yes,Electronic check,80.4,3605.2,1,36-48,0,2,1,78.37391304347825,2
7306-YDSOI,Male,0,Yes,Yes,69,Yes,No,DSL,Yes,Yes,Yes,No,No,No,Two year,Yes,Bank transfer (automatic),59.75,4069.9,0,60-72,0,4,1,58.984057971014494,0
5288-AHOUP,Male,1,No,No,11,Yes,No,Fiber optic,No,No,No,No,No,Yes,Month-to-month,Yes,Electronic check,78.5,874.2,0,0-12,0,2,1,79.47272727272728,2
6688-UZPWD,Female,0,Yes,No,11,Yes,Yes,Fiber optic,No,Yes,No,No,Yes,Yes,Month-to-month,Yes,Electronic check,102.0,1145.35,1,0-12,0,5,1,104.12272727272726,2
0655-YDGFJ,Male,0,No,No,29,Yes,No,DSL,No,No,Yes,No,No,No,Month-to-month,No,Bank transfer (automatic),48.95,1323.7,0,24-36,0,2,1,45.6448275862069,2
8468-EHYJA,Female,0,Yes,No,57,Yes,Yes,Fiber optic,Yes,No,No,No,Yes,Yes,Month-to-month,Yes,Electronic check,99.65,5497.05,0,48-60,0,5,1,96.43947368421053,2
6823-SIDFQ,Male,0,No,No,28,Yes,No,No,No,No,No,No,No,No,One year,No,Credit card (automatic),18.25,534.7,0,24-36,0,1,0,19.09642857142857,1
1097-FSPVW,Female,0,No,No,42,Yes,No,DSL,Yes,No,Yes,No,No,No,Month-to-month,No,Credit card (automatic),54.55,2455.05,0,36-48,0,3,1,58.453571428571436,2
2839-RFSQE,Female,0,No,No,2,Yes,No,No,No,No,No,No,No,No,Month-to-month,No,Mailed check,20.65,38.7,1,0-12,1,1,0,19.35,2
8328-SKJNO,Male,0,No,Yes,23,No,No,DSL,Yes,Yes,No,Yes,No,No,One year,No,Bank transfer (automatic),40.65,947.4,0,12-24,0,3,0,41.19130434782608,1
7010-ZMVBF,Female,0,Yes,Yes,18,Yes,No,No,No,No,No,No,No,No,Month-to-month,No,Mailed check,20.45,357.0,0,12-24,0,1,0,19.833333333333332,2
5201-CBWYG,Male,0,Yes,Yes,62,Yes,Yes,No,No,No,No,No,No,No,One year,No,Bank transfer (automatic),24.8,1476.25,0,60-72,0,2,0,23.81048387096774,1
0968-GSIKN,Female,0,No,No,1,Yes,No,Fiber optic,No,No,No,No,No,No,Month-to-month,Yes,Mailed check,70.8,70.8,1,0-12,1,1,1,70.8,2
1965-DDBWU,Male,0,No,No,16,Yes,Yes,Fiber optic,No,No,No,Yes,No,Yes,Month-to-month,Yes,Credit card (automatic),89.05,1448.6,1,12-24,0,4,1,90.5375,2
9057-SIHCH,Female,0,No,No,3,Yes,Yes,Fiber optic,No,No,No,No,Yes,Yes,Month-to-month,Yes,Electronic check,96.6,291.9,1,0-12,1,4,1,97.3,2
6352-GIGGQ,Male,0,No,No,67,Yes,Yes,DSL,Yes,Yes,Yes,Yes,Yes,Yes,One year,Yes,Bank transfer (automatic),88.8,5903.15,0,60-72,0,8,1,88.10671641791045,1
3635-QQRQD,Male,0,No,No,62,Yes,No,No,No,No,No,No,No,No,Two year,Yes,Credit card (automatic),20.05,1201.65,0,60-72,0,1,0,19.381451612903227,0
6771-XWBDM,Female,0,Yes,No,57,Yes,Yes,Fiber optic,No,Yes,Yes,No,Yes,Yes,Month-to-month,Yes,Credit card (automatic),104.5,5921.35,1,48-60,0,6,1,103.88333333333334,2
2897-DOVND,Male,0,No,No,2,Yes,No,Fiber optic,No,No,No,No,No,No,Month-to-month,Yes,Electronic check,69.8,146.65,0,0-12,1,1,1,73.325,2
3082-YVEKW,Female,0,Yes,Yes,23,Yes,Yes,DSL,Yes,No,Yes,Yes,Yes,No,Two year,Yes,Bank transfer (automatic),77.15,1759.4,0,12-24,0,6,1,76.49565217391304,0
0191-EQUUH,Female,0,No,Yes,25,No,No,DSL,Yes,No,No,Yes,No,No,Two year,No,Bank transfer (automatic),35.05,844.45,0,24-36,0,2,0,33.778,0
7134-HBPBS,Female,1,No,No,72,Yes,Yes,Fiber optic,No,Yes,Yes,Yes,Yes,Yes,Two year,Yes,Bank transfer (automatic),108.1,7774.05,0,60-72,0,7,1,107.97291666666666,0
3489-HHPFY,Female,0,Yes,No,2,Yes,Yes,Fiber optic,No,No,No,No,Yes,No,Month-to-month,Yes,Electronic check,84.05,134.05,0,0-12,1,3,1,67.025,2
2926-JEJJC,Female,0,No,No,8,Yes,No,No,No,No,No,No,No,No,One year,Yes,Bank transfer (automatic),20.2,140.95,0,0-12,0,1,0,17.61875,1
8601-QACRS,Female,0,No,No,5,Yes,Yes,DSL,No,No,No,No,No,No,Month-to-month,Yes,Mailed check,50.6,249.95,1,0-12,1,2,1,49.989999999999995,2
4950-BDEUX,Male,0,No,No,35,No,No,DSL,No,No,Yes,No,Yes,Yes,Month-to-month,No,Electronic check,49.2,1701.65,0,24-36,0,3,0,48.61857142857143,2
5789-LDFXO,Male,0,No,No,24,Yes,Yes,No,No,No,No,No,No,No,One year,No,Electronic check,24.6,592.65,0,12-24,0,2,0,24.693749999999998,1
0508-OOLTO,Female,0,Yes,Yes,2,Yes,No,Fiber optic,No,No,No,No,No,No,Month-to-month,Yes,Electronic check,71.65,135.75,0,0-12,1,1,1,67.875,2
2984-TBYKU,Male,0,Yes,Yes,72,Yes,Yes,Fiber optic,Yes,Yes,Yes,Yes,No,Yes,Two year,Yes,Credit card (automatic),104.9,7732.65,0,60-72,0,7,1,107.39791666666666,0
9822-WMWVG,Female,0,No,No,41,Yes,Yes,Fiber optic,Yes,Yes,Yes,Yes,Yes,No,Month-to-month,Yes,Electronic check,106.5,4282.4,0,36-48,0,7,1,104.44878048780487,2
2391-SOORI,Male,0,No,Yes,4,Yes,No,DSL,Yes,No,No,No,No,No,Month-to-month,No,Electronic check,49.35,219.65,1,0-12,1,2,1,54.9125,2
9040-KZVWO,Male,0,No,No,26,Yes,No,Fiber optic,No,Yes,No,No,No,No,One year,No,Bank transfer (automatic),75.5,2018.1,0,24-36,0,2,1,77.61923076923077,1
2645-QTLMB,Male,0,No,No,7,Yes,No,Fiber optic,No,Yes,No,No,Yes,Yes,Month-to-month,Yes,Electronic check,94.25,669.0,1,0-12,0,4,1,95.57142857142857,2
4806-HIPDW,Female,0,Yes,No,1,Yes,No,Fiber optic,No,No,No,No,No,No,Month-to-month,Yes,Electronic check,68.95,68.95,1,0-12,1,1,1,68.95,2
1548-ARAGG,Female,0,Yes,Yes,4,Yes,Yes,DSL,No,Yes,No,Yes,No,No,Month-to-month,Yes,Mailed check,58.5,224.85,0,0-12,1,4,1,56.2125,2
6339-RZCBJ,Male,0,No,No,48,Yes,No,DSL,No,Yes,Yes,Yes,Yes,Yes,Two year,No,Credit card (automatic),78.9,3771.5,0,36-48,0,6,1,78.57291666666667,0
4424-TKOPW,Male,1,No,No,2,Yes,Yes,Fiber optic,No,No,No,No,Yes,Yes,Month-to-month,Yes,Electronic check,93.85,196.75,1,0-12,1,4,1,98.375,2
4415-WNGVR,Female,1,Yes,No,12,Yes,No,DSL,Yes,No,Yes,Yes,Yes,Yes,One year,Yes,Electronic check,79.2,943.85,0,0-12,0,6,1,78.65416666666667,1
2522-AHJXR,Male,0,Yes,No,60,Yes,Yes,Fiber optic,Yes,No,Yes,Yes,Yes,Yes,Month-to-month,Yes,Bank transfer (automatic),109.45,6572.85,0,48-60,0,7,1,109.5475,2
0412-UCCNP,Male,0,No,No,55,Yes,No,DSL,Yes,No,Yes,Yes,No,No,Two year,Yes,Electronic check,59.2,3175.85,0,48-60,0,4,1,57.74272727272727,0
1816-FLZDK,Male,0,No,No,1,No,No,DSL,No,No,No,Yes,No,No,Month-to-month,No,Mailed check,29.15,29.15,0,0-12,1,1,0,29.15,2
7096-UCLNH,Male,0,No,No,1,Yes,No,No,No,No,No,No,No,No,Month-to-month,No,Mailed check,20.05,20.05,0,0-12,1,1,0,20.05,2
8443-ZRDBZ,Male,0,No,No,4,Yes,Yes,Fiber optic,No,No,No,No,No,No,Month-to-month,Yes,Electronic check,76.05,318.9,1,0-12,1,2,1,79.725,2
9136-ALYBR,Male,0,No,No,1,No,No,DSL,No,No,No,No,No,No,Month-to-month,Yes,Mailed check,24.45,24.45,1,0-12,1,0,0,24.45,2
4615-PIVVU,Female,0,No,No,42,Yes,No,DSL,No,No,Yes,Yes,No,Yes,Two year,No,Credit card (automatic),66.5,2762.75,0,36-48,0,4,1,65.7797619047619,0
8885-QSQBX,Female,0,No,No,1,Yes,No,DSL,Yes,No,No,No,No,No,Month-to-month,No,Bank transfer (automatic),49.55,49.55,0,0-12,1,2,1,49.55,2
7479-NITWS,Male,0,No,No,7,Yes,Yes,Fiber optic,No,No,Yes,No,Yes,No,Month-to-month,Yes,Credit card (automatic),89.35,631.85,1,0-12,0,4,1,90.26428571428572,2
8617-ENBDS,Male,0,No,No,3,Yes,No,Fiber optic,No,No,Yes,No,No,No,Month-to-month,Yes,Credit card (automatic),73.6,232.5,0,0-12,1,2,1,77.5,2
9385-NXKDA,Female,0,Yes,No,72,Yes,Yes,DSL,Yes,Yes,Yes,No,Yes,Yes,Two year,Yes,Credit card (automatic),82.65,5919.35,0,60-72,0,7,1,82.21319444444445,0
0430-IHCDJ,Male,0,No,No,15,Yes,Yes,DSL,No,No,No,No,No,No,Month-to-month,Yes,Electronic check,49.0,749.25,0,12-24,0,2,1,49.95,2
2959-MJHIC,Male,0,Yes,No,4,Yes,No,Fiber optic,No,No,No,No,Yes,No,Month-to-month,Yes,Electronic check,80.35,307.4,1,0-12,1,2,1,76.85,2
6674-KVJHG,Female,0,No,No,11,Yes,Yes,No,No,No,No,No,No,No,One year,No,Electronic check,25.2,245.15,0,0-12,0,2,0,22.286363636363635,1
1814-DKOLC,Female,0,No,No,5,Yes,Yes,No,No,No,No,No,No,No,Month-to-month,No,Mailed check,25.45,134.75,0,0-12,1,2,0,26.95,2
4201-JMNGR,Female,1,No,No,1,Yes,No,DSL,Yes,No,Yes,No,No,No,Month-to-month,Yes,Electronic check,55.8,55.8,1,0-12,1,3,1,55.8,2
9351-HXDMR,Male,0,Yes,No,72,Yes,Yes,Fiber optic,Yes,No,Yes,Yes,Yes,Yes,Two year,Yes,Credit card (automatic),110.9,8240.85,0,60-72,0,7,1,114.45625000000001,0
3537-HPKQT,Female,0,Yes,No,55,Yes,Yes,Fiber optic,No,Yes,No,No,No,No,Month-to-month,Yes,Credit card (automatic),77.75,4266.4,0,48-60,0,3,1,77.57090909090908,2
2129-ALKBS,Female,0,Yes,Yes,40,Yes,Yes,No,No,No,No,No,No,No,Month-to-month,Yes,Electronic check,26.2,1077.5,0,36-48,0,2,0,26.9375,2
5821-MMEIL,Female,0,Yes,No,57,Yes,No,No,No,No,No,No,No,No,Two year,No,Bank transfer (automatic),19.9,1115.6,0,48-60,0,1,0,19.5719298245614,0
5960-WPXQM,Male,0,No,No,1,Yes,No,Fiber optic,No,No,No,No,Yes,No,Month-to-month,Yes,Electronic check,79.05,79.05,1,0-12,1,2,1,79.05,2
0684-AOSIH,Male,0,Yes,No,1,Yes,No,Fiber optic,Yes,No,No,No,Yes,Yes,Month-to-month,Yes,Electronic check,95.0,95.0,1,0-12,1,4,1,95.0,2
8260-NGFNY,Female,0,No,No,1,No,No,DSL,No,No,No,No,No,No,Month-to-month,No,Mailed check,25.2,25.2,1,0-12,1,0,0,25.2,2
1309-XGFSN,Male,1,Yes,Yes,52,Yes,Yes,DSL,No,Yes,Yes,No,Yes,Yes,One year,Yes,Electronic check,80.85,4079.55,0,48-60,0,6,1,78.45288461538462,1
1866-RZZQS,Male,1,No,No,41,Yes,Yes,Fiber optic,No,No,Yes,No,Yes,Yes,Month-to-month,Yes,Electronic check,98.4,4187.75,1,36-48,0,5,1,102.14024390243902,2
6968-URWQU,Male,0,Yes,No,43,Yes,No,DSL,No,No,No,No,Yes,No,One year,Yes,Mailed check,56.35,2391.15,0,36-48,0,2,1,55.608139534883726,1
4742-TXUEX,Female,0,Yes,Yes,47,Yes,No,No,No,No,No,No,No,No,Two year,No,Bank transfer (automatic),19.3,890.5,0,36-48,0,1,0,18.9468085106383,0
9631-XEYKE,Male,0,No,No,3,Yes,Yes,DSL,No,No,No,No,No,No,Month-to-month,No,Bank transfer (automatic),50.4,137.25,0,0-12,1,2,1,45.75,2
8631-NBHFZ,Male,1,Yes,Yes,66,Yes,Yes,DSL,Yes,Yes,Yes,Yes,Yes,No,Two year,No,Credit card (automatic),79.4,5154.6,1,60-72,0,7,1,78.10000000000001,0
1335-MXCSE,Male,0,Yes,Yes,55,Yes,No,DSL,No,No,Yes,Yes,No,No,Two year,Yes,Credit card (automatic),55.25,3119.9,0,48-60,0,3,1,56.72545454545455,0
8873-TMKGR,Male,0,No,No,29,Yes,No,No,No,No,No,No,No,No,One year,No,Mailed check,19.1,529.5,0,24-36,0,1,0,18.25862068965517,1
8800-JOOCF,Female,0,No,Yes,12,Yes,Yes,Fiber optic,No,No,No,No,Yes,No,Month-to-month,Yes,Electronic check,84.05,966.55,0,0-12,0,3,1,80.54583333333333,2
1469-LBJQJ,Female,0,Yes,No,66,Yes,Yes,Fiber optic,No,Yes,Yes,No,Yes,Yes,Month-to-month,Yes,Electronic check,105.2,6936.85,0,60-72,0,6,1,105.10378787878788,2
4958-XCBDQ,Male,1,No,No,35,Yes,Yes,Fiber optic,No,No,Yes,No,Yes,Yes,Month-to-month,Yes,Electronic check,101.4,3496.3,1,24-36,0,5,1,99.89428571428572,2
8337-UPOAQ,Male,1,Yes,No,10,Yes,Yes,Fiber optic,No,No,Yes,No,No,Yes,Month-to-month,Yes,Electronic check,89.8,914.3,1,0-12,0,4,1,91.42999999999999,2
0064-YIJGF,Male,0,Yes,Yes,27,Yes,Yes,Fiber optic,No,No,No,No,No,No,Month-to-month,Yes,Bank transfer (automatic),75.75,1929.0,0,24-36,0,2,1,71.44444444444444,2
2386-OWURY,Female,0,No,No,58,Yes,No,Fiber optic,No,No,No,Yes,Yes,Yes,Month-to-month,Yes,Electronic check,95.3,5817.7,0,48-60,0,4,1,100.3051724137931,2
1725-IQNIY,Male,0,Yes,No,54,Yes,No,Fiber optic,Yes,Yes,Yes,Yes,Yes,Yes,Two year,No,Bank transfer (automatic),109.75,6110.2,1,48-60,0,7,1,113.15185185185184,0
0310-VQXAM,Male,0,No,No,9,Yes,No,No,No,No,No,No,No,No,Month-to-month,No,Mailed check,19.85,178.8,0,0-12,0,1,0,19.866666666666667,2
6598-RFFVI,Male,0,No,No,2,Yes,No,No,No,No,No,No,No,No,One year,No,Credit card (automatic),19.3,28.3,1,0-12,1,1,0,14.15,1
3453-RTHJQ,Male,0,No,No,6,Yes,No,Fiber optic,No,No,No,No,No,No,Month-to-month,Yes,Electronic check,69.1,435.0,0,0-12,1,1,1,72.5,2
6712-OAWRH,Female,1,No,No,26,Yes,No,Fiber optic,No,No,No,No,Yes,Yes,Month-to-month,Yes,Electronic check,91.25,2351.8,1,24-36,0,3,1,90.45384615384616,2
6278-FEPBZ,Female,0,No,No,9,Yes,No,No,No,No,No,No,No,No,Month-to-month,No,Mailed check,20.25,186.15,0,0-12,0,1,0,20.683333333333334,2
4280-DLSHD,Male,0,Yes,No,8,Yes,No,DSL,No,Yes,Yes,No,No,No,Month-to-month,Yes,Mailed check,54.75,445.85,0,0-12,0,3,1,55.73125,2
1508-DFXCU,Male,0,No,No,12,Yes,No,Fiber optic,No,No,No,No,Yes,No,Month-to-month,Yes,Electronic check,81.45,912.0,0,0-12,0,2,1,76.0,2
8614-VGMMV,Female,0,No,No,15,Yes,Yes,DSL,No,No,No,No,No,No,Month-to-month,Yes,Electronic check,49.1,679.55,1,12-24,0,2,1,45.30333333333333,2
7868-BGSZA,Male,0,Yes,No,43,Yes,Yes,DSL,Yes,No,Yes,No,Yes,Yes,One year,Yes,Electronic check,80.2,3581.6,0,36-48,0,6,1,83.29302325581395,1
2800-QQUSO,Male,0,No,No,42,Yes,Yes,Fiber optic,No,No,No,Yes,Yes,Yes,Month-to-month,Yes,Electronic check,100.3,4222.95,0,36-48,0,5,1,100.54642857142856,2
2930-UOTMB,Female,0,No,No,31,Yes,Yes,DSL,Yes,No,Yes,Yes,No,No,Month-to-month,No,Credit card (automatic),65.25,1994.3,1,24-36,0,5,1,64.33225806451613,2
7973-DZRKH,Female,0,No,Yes,66,Yes,Yes,Fiber optic,Yes,No,Yes,Yes,No,No,Two year,Yes,Credit card (automatic),90.95,5930.05,0,60-72,0,5,1,89.84924242424243,0
5914-DVBWJ,Female,1,No,No,18,Yes,Yes,Fiber optic,No,Yes,No,Yes,No,No,Month-to-month,Yes,Electronic check,85.45,1505.85,1,12-24,0,4,1,83.65833333333333,2
7698-YFGEZ,Male,0,No,No,1,Yes,No,No,No,No,No,No,No,No,Month-to-month,No,Mailed check,20.0,20.0,0,0-12,1,1,0,20.0,2
2533-QVMSK,Male,0,Yes,No,61,Yes,Yes,Fiber optic,No,Yes,No,Yes,Yes,No,Two year,Yes,Electronic check,94.1,5638.3,1,60-72,0,5,1,92.43114754098362,0
9773-PEQBZ,Male,0,No,No,10,Yes,Yes,Fiber optic,No,Yes,No,No,No,No,Month-to-month,No,Electronic check,79.85,797.25,0,0-12,0,3,1,79.725,2
8644-XLFBW,Male,1,No,No,1,Yes,No,Fiber optic,No,No,No,No,No,No,Month-to-month,Yes,Electronic check,71.65,71.65,1,0-12,1,1,1,71.65,2
0650-BWOZN,Female,1,No,No,18,Yes,No,Fiber optic,No,Yes,No,No,No,No,Month-to-month,Yes,Electronic check,73.55,1359.45,0,12-24,0,2,1,75.525,2
8625-AZYZY,Male,0,Yes,No,24,Yes,Yes,Fiber optic,No,Yes,Yes,No,Yes,Yes,Month-to-month,Yes,Electronic check,104.65,2542.45,1,12-24,0,6,1,105.93541666666665,2
7785-RDVIG,Female,0,Yes,Yes,3,Yes,No,No,No,No,No,No,No,No,Month-to-month,No,Mailed check,19.3,54.7,0,0-12,1,1,0,18.233333333333334,2
9602-WCXPI,Male,0,No,No,50,Yes,No,No,No,No,No,No,No,No,One year,No,Credit card (automatic),20.15,989.05,0,48-60,0,1,0,19.781,1
2903-YYTBW,Male,0,Yes,Yes,1,Yes,No,DSL,No,No,No,No,No,No,Month-to-month,No,Electronic check,44.55,44.55,0,0-12,1,1,1,44.55,2
3620-MWJNE,Male,0,No,No,2,Yes,No,DSL,Yes,No,No,Yes,No,No,Month-to-month,Yes,Mailed check,54.45,87.3,0,0-12,1,3,1,43.65,2
8573-JGCZW,Male,0,No,No,17,Yes,No,No,No,No,No,No,No,No,One year,Yes,Bank transfer (automatic),19.65,351.55,0,12-24,0,1,0,20.679411764705883,1
6837-HAEVO,Male,0,Yes,Yes,69,Yes,Yes,Fiber optic,No,Yes,Yes,No,Yes,Yes,Two year,Yes,Electronic check,105.0,7297.75,0,60-72,0,6,1,105.76449275362319,0
6701-YVNQG,Male,0,Yes,No,72,Yes,Yes,DSL,Yes,Yes,Yes,Yes,Yes,Yes,Two year,Yes,Credit card (automatic),88.7,6301.7,0,60-72,0,8,1,87.52361111111111,0
9306-CPCBC,Female,0,No,No,3,Yes,Yes,Fiber optic,No,No,No,No,No,No,Month-to-month,Yes,Electronic check,74.25,210.3,1,0-12,1,2,1,70.10000000000001,2
4304-XUMGI,Male,1,Yes,Yes,50,Yes,Yes,DSL,Yes,Yes,Yes,No,No,Yes,Two year,Yes,Bank transfer (automatic),75.15,3822.45,0,48-60,0,6,1,76.449,0
9504-YAZWB,Female,0,No,No,53,Yes,No,No,No,No,No,No,No,No,Two year,No,Mailed check,20.25,1048.45,0,48-60,0,1,0,19.782075471698114,0
8819-ZBYNA,Female,0,Yes,No,58,Yes,Yes,Fiber optic,Yes,Yes,No,Yes,Yes,Yes,Two year,Yes,Credit card (automatic),109.1,6393.65,0,48-60,0,7,1,110.2353448275862,0
6174-NRBTZ,Male,0,No,No,46,No,No,DSL,Yes,No,No,No,No,No,One year,Yes,Bank transfer (automatic),30.75,1489.3,0,36-48,0,1,0,32.37608695652174,1
9481-IEBZY,Male,1,Yes,No,72,Yes,Yes,Fiber optic,Yes,Yes,Yes,Yes,Yes,Yes,Month-to-month,Yes,Credit card (automatic),112.9,8061.5,0,60-72,0,8,1,111.96527777777777,2
1833-VGRUM,Female,1,No,No,1,Yes,Yes,Fiber optic,No,No,No,No,No,No,Month-to-month,Yes,Electronic check,74.2,74.2,1,0-12,1,2,1,74.2,2
6137-NICCO,Female,0,Yes,Yes,6,Yes,Yes,Fiber optic,No,Yes,Yes,No,Yes,No,Month-to-month,Yes,Mailed check,94.05,518.75,0,0-12,1,5,1,86.45833333333333,2
9065-ZCPQX,Male,0,Yes,No,72,Yes,Yes,DSL,Yes,Yes,Yes,Yes,No,Yes,Two year,No,Bank transfer (automatic),78.85,5763.15,0,60-72,0,7,1,80.04374999999999,0
6402-EJMWF,Male,0,No,No,4,Yes,No,DSL,No,No,No,No,No,Yes,Month-to-month,Yes,Mailed check,55.3,238.5,0,0-12,1,2,1,59.625,2
3620-EHIMZ,Female,0,Yes,Yes,52,Yes,No,No,No,No,No,No,No,No,Two year,No,Mailed check,19.35,1031.7,0,48-60,0,1,0,19.840384615384615,0
3213-VVOLG,Male,0,Yes,Yes,0,Yes,Yes,No,No,No,No,No,No,No,Two year,No,Mailed check,25.35,0.0,0,0-12,1,2,0,25.35,0
6870-ECSHE,Female,0,No,No,2,Yes,No,No,No,No,No,No,No,No,One year,No,Mailed check,20.45,34.8,0,0-12,1,1,0,17.4,1
8747-UDCOI,Female,0,Yes,No,65,Yes,No,No,No,No,No,No,No,No,Two year,No,Bank transfer (automatic),19.35,1319.95,0,60-72,0,1,0,20.306923076923077,0
8374-XGEJJ,Male,1,Yes,No,43,Yes,Yes,Fiber optic,No,Yes,No,No,Yes,Yes,Month-to-month,Yes,Electronic check,101.0,4388.4,1,36-48,0,5,1,102.05581395348837,2
2656-TABEH,Male,0,Yes,No,4,Yes,Yes,Fiber optic,No,Yes,No,No,Yes,Yes,Month-to-month,Yes,Electronic check,100.2,420.2,1,0-12,1,5,1,105.05,2
6946-LMSQS,Male,1,Yes,No,25,Yes,Yes,Fiber optic,Yes,No,No,No,No,Yes,One year,Yes,Electronic check,89.05,2177.45,1,24-36,0,4,1,87.098,1
4626-OZDTJ,Female,0,Yes,No,51,Yes,Yes,DSL,No,Yes,No,Yes,Yes,Yes,One year,Yes,Credit card (automatic),78.65,3950.85,0,48-60,0,6,1,77.46764705882353,1
9169-BSVIN,Male,0,No,No,12,Yes,Yes,DSL,No,No,Yes,No,Yes,Yes,Month-to-month,No,Bank transfer (automatic),74.75,827.05,0,0-12,0,5,1,68.92083333333333,2
2325-ZUSFD,Female,0,Yes,Yes,57,Yes,No,DSL,Yes,No,No,No,Yes,Yes,One year,Yes,Bank transfer (automatic),70.1,3913.3,1,48-60,0,4,1,68.65438596491228,1
8194-PEEBY,Female,0,Yes,Yes,24,Yes,No,No,No,No,No,No,No,No,One year,No,Mailed check,19.9,533.5,0,12-24,0,1,0,22.229166666666668,1
6872-HXFNF,Female,0,Yes,No,64,Yes,Yes,DSL,No,No,Yes,Yes,No,No,One year,No,Bank transfer (automatic),58.35,3756.45,0,60-72,0,4,1,58.69453125,1
3932-CMDTD,Female,0,No,No,4,Yes,No,Fiber optic,No,Yes,Yes,Yes,Yes,Yes,One year,Yes,Electronic check,105.65,443.9,1,0-12,1,6,1,110.975,1
7714-YXSMB,Female,0,No,No,26,Yes,Yes,Fiber optic,No,No,Yes,No,Yes,Yes,Month-to-month,Yes,Bank transfer (automatic),100.5,2599.95,0,24-36,0,5,1,99.99807692307692,2
8387-UGUSU,Female,0,Yes,Yes,15,Yes,No,No,No,No,No,No,No,No,Month-to-month,No,Mailed check,20.05,284.3,0,12-24,0,1,0,18.953333333333333,2
1080-BWSYE,Male,1,Yes,No,64,Yes,Yes,No,No,No,No,No,No,No,Two year,No,Credit card (automatic),25.65,1740.8,0,60-72,0,2,0,27.2,0
4039-HEUNW,Male,1,Yes,No,36,Yes,Yes,Fiber optic,No,Yes,No,No,Yes,Yes,Month-to-month,Yes,Electronic check,96.5,3436.1,1,24-36,0,5,1,95.44722222222222,2
1194-HVAIF,Female,0,Yes,No,27,Yes,Yes,Fiber optic,No,No,No,No,Yes,Yes,Month-to-month,No,Credit card (automatic),95.0,2462.55,0,24-36,0,4,1,91.20555555555556,2
0812-WUPTB,Male,1,Yes,No,1,Yes,No,Fiber optic,No,No,No,No,No,No,Month-to-month,No,Mailed check,70.85,70.85,1,0-12,1,1,1,70.85,2
3594-UVONA,Female,0,No,No,35,Yes,Yes,DSL,Yes,No,Yes,Yes,Yes,Yes,One year,Yes,Credit card (automatic),85.95,3110.1,1,24-36,0,7,1,88.86,1
0004-TLHLJ,Male,0,No,No,4,Yes,No,Fiber optic,No,No,Yes,No,No,No,Month-to-month,Yes,Electronic check,73.9,280.85,1,0-12,1,2,1,70.2125,2
1767-TGTKO,Female,0,Yes,Yes,8,Yes,No,DSL,No,No,No,No,No,No,Month-to-month,Yes,Electronic check,45.45,411.75,0,0-12,0,1,1,51.46875,2
8439-LTUGF,Male,0,No,No,10,Yes,No,No,No,No,No,No,No,No,Month-to-month,Yes,Credit card (automatic),20.0,198.6,0,0-12,0,1,0,19.86,2
8805-JNRAZ,Female,0,No,No,2,Yes,No,DSL,No,Yes,No,No,No,No,Month-to-month,No,Mailed check,49.2,103.7,0,0-12,1,2,1,51.85,2
5089-IFSDP,Female,0,Yes,No,58,Yes,Yes,Fiber optic,Yes,Yes,Yes,No,Yes,Yes,Two year,Yes,Bank transfer (automatic),109.45,6144.55,1,48-60,0,7,1,105.94051724137931,0
6418-HNFED,Male,0,Yes,No,51,Yes,No,DSL,Yes,Yes,Yes,Yes,Yes,Yes,Two year,Yes,Credit card (automatic),83.25,4089.45,0,48-60,0,7,1,80.18529411764706,0
0206-OYVOC,Female,0,Yes,Yes,46,Yes,No,No,No,No,No,No,No,No,Two year,Yes,Mailed check,19.25,864.2,0,36-48,0,1,0,18.786956521739132,0
7291-CDTMJ,Male,0,No,No,1,Yes,No,No,No,No,No,No,No,No,Month-to-month,Yes,Bank transfer (automatic),19.65,19.65,0,0-12,1,1,0,19.65,2
7128-GGCNO,Male,0,No,No,46,Yes,Yes,Fiber optic,No,No,No,No,No,No,Month-to-month,No,Bank transfer (automatic),72.8,3249.4,0,36-48,0,2,1,70.63913043478261,2
0237-YFUTL,Female,0,Yes,No,50,Yes,Yes,Fiber optic,Yes,Yes,No,Yes,Yes,Yes,Month-to-month,Yes,Bank transfer (automatic),109.65,5405.8,0,48-60,0,7,1,108.116,2
7691-KGKGP,Male,0,Yes,Yes,53,Yes,No,DSL,No,Yes,No,Yes,Yes,No,Month-to-month,No,Credit card (automatic),65.0,3363.8,0,48-60,0,4,1,63.46792452830189,2
6710-HSJRD,Male,0,Yes,No,61,Yes,Yes,Fiber optic,No,Yes,Yes,Yes,Yes,Yes,Month-to-month,Yes,Electronic check,114.1,7132.15,0,60-72,0,7,1,116.92049180327868,2
3675-EQOZA,Male,0,No,No,5,Yes,No,No,No,No,No,No,No,No,Month-to-month,No,Bank transfer (automatic),20.65,93.55,0,0-12,1,1,0,18.71,2
0840-DCNZE,Male,0,No,No,47,Yes,No,DSL,Yes,Yes,Yes,Yes,Yes,Yes,One year,Yes,Bank transfer (automatic),86.95,4138.9,0,36-48,0,7,1,88.06170212765957,1
1732-FEKLD,Female,0,No,No,54,Yes,Yes,Fiber optic,No,Yes,Yes,No,Yes,No,One year,Yes,Bank transfer (automatic),94.75,5121.75,0,48-60,0,5,1,94.84722222222223,1
9862-KJTYK,Male,0,No,Yes,19,No,No,DSL,No,No,No,No,No,No,Month-to-month,Yes,Credit card (automatic),25.35,566.1,0,12-24,0,0,0,29.794736842105266,2
0479-HMSWA,Female,0,No,Yes,26,Yes,No,Fiber optic,No,Yes,Yes,Yes,Yes,Yes,Two year,Yes,Electronic check,105.45,2715.3,0,24-36,0,6,1,104.4346153846154,0
5854-KSRBJ,Male,0,Yes,Yes,70,Yes,Yes,No,No,No,No,No,No,No,Two year,No,Mailed check,25.4,1782.05,0,60-72,0,2,0,25.457857142857144,0
0365-BZUWY,Male,0,Yes,No,17,Yes,Yes,Fiber optic,No,Yes,Yes,No,Yes,Yes,Month-to-month,Yes,Electronic check,102.55,1742.5,0,12-24,0,6,1,102.5,2
4817-VYYWS,Female,0,No,No,30,Yes,Yes,Fiber optic,No,Yes,No,No,Yes,Yes,Month-to-month,Yes,Electronic check,100.2,2983.8,1,24-36,0,5,1,99.46000000000001,2
5701-SVCWR,Female,0,No,Yes,1,Yes,Yes,No,No,No,No,No,No,No,Month-to-month,No,Mailed check,24.0,24.0,0,0-12,1,2,0,24.0,2
3129-AAQOU,Female,0,Yes,Yes,19,Yes,Yes,No,No,No,No,No,No,No,Two year,No,Mailed check,25.6,485.9,0,12-24,0,2,0,25.573684210526313,0
4922-CVPDX,Female,0,Yes,No,26,Yes,No,DSL,No,Yes,Yes,No,Yes,Yes,Two year,Yes,Credit card (automatic),73.5,1905.7,0,24-36,0,5,1,73.29615384615384,0
1396-QWFBJ,Female,0,Yes,Yes,21,Yes,No,Fiber optic,No,Yes,No,No,No,No,Month-to-month,Yes,Bank transfer (automatic),74.05,1565.7,1,12-24,0,2,1,74.55714285714286,2
1357-BIJKI,Male,0,Yes,No,50,Yes,Yes,Fiber optic,No,Yes,No,No,Yes,Yes,One year,Yes,Electronic check,98.25,4858.7,0,48-60,0,5,1,97.17399999999999,1
1099-BTKWT,Female,0,Yes,No,68,No,No,DSL,Yes,No,Yes,No,Yes,Yes,One year,Yes,Electronic check,54.4,3723.65,0,60-72,0,4,0,54.75955882352941,1
5299-SJCZT,Male,0,No,No,3,Yes,Yes,Fiber optic,No,No,Yes,No,Yes,Yes,Month-to-month,Yes,Bank transfer (automatic),101.55,298.35,1,0-12,1,5,1,99.45,2
2018-PZKMU,Male,0,Yes,Yes,9,Yes,No,Fiber optic,No,No,Yes,Yes,Yes,Yes,Month-to-month,No,Electronic check,103.1,970.45,0,0-12,0,5,1,107.82777777777778,2
7340-KEFQE,Female,0,Yes,Yes,51,No,No,DSL,Yes,No,No,Yes,No,No,Two year,No,Bank transfer (automatic),34.2,1782.0,0,48-60,0,2,0,34.94117647058823,0
4570-QHXHL,Female,0,No,No,9,Yes,No,DSL,No,No,No,No,No,No,Month-to-month,Yes,Electronic check,43.75,405.7,0,0-12,0,1,1,45.077777777777776,2
2403-BCASL,Male,1,Yes,Yes,41,Yes,Yes,Fiber optic,No,Yes,Yes,Yes,Yes,Yes,One year,Yes,Electronic check,111.95,4534.9,1,36-48,0,7,1,110.60731707317072,1
7392-YYPYJ,Male,0,No,No,22,Yes,Yes,Fiber optic,No,Yes,No,No,Yes,Yes,Month-to-month,Yes,Electronic check,100.65,2415.95,0,12-24,0,5,1,109.81590909090909,2
2898-LSJGD,Female,0,Yes,Yes,21,No,No,DSL,Yes,No,Yes,No,Yes,Yes,One year,Yes,Electronic check,55.95,1157.05,1,12-24,0,4,0,55.09761904761905,1
2223-GDSHL,Male,0,Yes,Yes,71,Yes,Yes,Fiber optic,Yes,Yes,Yes,Yes,Yes,Yes,Two year,Yes,Bank transfer (automatic),116.05,8297.5,0,60-72,0,8,1,116.86619718309859,0
7359-PTSXY,Male,0,No,No,1,Yes,No,DSL,No,No,No,No,No,No,Month-to-month,No,Electronic check,45.75,45.75,1,0-12,1,1,1,45.75,2
9470-RTWDV,Male,0,Yes,Yes,26,Yes,Yes,DSL,No,No,Yes,Yes,Yes,Yes,One year,Yes,Credit card (automatic),82.0,2083.1,0,24-36,0,6,1,80.11923076923077,1
2176-OSJUV,Male,0,Yes,No,71,Yes,Yes,DSL,Yes,Yes,No,Yes,No,No,Two year,No,Bank transfer (automatic),65.15,4681.75,0,60-72,0,5,1,65.94014084507042,0
9348-YVOMK,Male,0,No,No,4,Yes,No,DSL,No,No,No,No,No,No,Month-to-month,Yes,Credit card (automatic),44.8,176.2,0,0-12,1,1,1,44.05,2
8104-OSKWT,Female,0,No,No,12,Yes,Yes,Fiber optic,Yes,No,No,No,No,No,Month-to-month,Yes,Electronic check,79.8,1001.2,0,0-12,0,3,1,83.43333333333334,2
4521-YEEHE,Female,0,Yes,No,18,Yes,Yes,Fiber optic,No,No,No,Yes,Yes,No,Month-to-month,Yes,Electronic check,88.85,1594.75,0,12-24,0,4,1,88.59722222222223,2
4090-KPJIP,Female,0,No,No,3,Yes,Yes,Fiber optic,No,No,No,No,No,No,Month-to-month,Yes,Electronic check,74.95,212.4,0,0-12,1,2,1,70.8,2
3786-WOVKF,Female,1,Yes,No,72,Yes,Yes,Fiber optic,Yes,Yes,No,No,Yes,Yes,One year,Yes,Bank transfer (automatic),106.85,7677.4,0,60-72,0,6,1,106.63055555555555,1
4503-BDXBD,Male,0,No,No,11,Yes,No,Fiber optic,No,Yes,No,No,No,No,Month-to-month,No,Electronic check,74.95,815.5,1,0-12,0,2,1,74.13636363636364,2
6086-ESGRL,Female,0,No,No,1,Yes,No,Fiber optic,No,No,No,No,No,Yes,Month-to-month,No,Credit card (automatic),80.15,80.15,1,0-12,1,2,1,80.15,2
2592-HODOV,Male,0,No,No,13,Yes,No,No,No,No,No,No,No,No,One year,No,Credit card (automatic),19.3,259.65,0,12-24,0,1,0,19.97307692307692,1
3886-CERTZ,Female,0,Yes,No,72,Yes,Yes,Fiber optic,No,Yes,Yes,Yes,Yes,Yes,One year,Yes,Electronic check,109.25,8109.8,1,60-72,0,7,1,112.63611111111112,1
7995-ZHHNZ,Male,0,Yes,No,42,Yes,Yes,DSL,Yes,No,No,No,No,No,One year,No,Credit card (automatic),56.1,2386.85,0,36-48,0,3,1,56.8297619047619,1
3824-RHKVR,Female,0,No,No,17,Yes,No,No,No,No,No,No,No,No,Month-to-month,No,Credit card (automatic),19.7,340.35,0,12-24,0,1,0,20.02058823529412,2
5816-SCGFC,Female,1,No,No,7,Yes,No,DSL,No,Yes,No,No,No,No,Month-to-month,Yes,Mailed check,51.3,419.35,0,0-12,0,2,1,59.90714285714286,2
5989-AXPUC,Female,0,Yes,No,68,Yes,Yes,Fiber optic,Yes,Yes,Yes,Yes,Yes,Yes,Two year,No,Mailed check,118.6,7990.05,0,60-72,0,8,1,117.50073529411765,0
4979-HPRFL,Male,0,Yes,Yes,56,Yes,Yes,No,No,No,No,No,No,No,Two year,No,Bank transfer (automatic),24.15,1402.25,0,48-60,0,2,0,25.040178571428573,0
8590-OHDIW,Female,0,Yes,Yes,38,Yes,No,No,No,No,No,No,No,No,One year,No,Mailed check,20.3,749.35,0,36-48,0,1,0,19.719736842105263,1
8015-IHCGW,Female,0,Yes,Yes,72,Yes,Yes,Fiber optic,Yes,Yes,Yes,Yes,Yes,Yes,Two year,Yes,Electronic check,115.5,8425.15,0,60-72,0,8,1,117.01597222222222,0
2332-TODQS,Female,0,No,No,48,Yes,Yes,No,No,No,No,No,No,No,One year,No,Credit card (automatic),25.05,1171.5,0,36-48,0,2,0,24.40625,1
9278-VZKCD,Female,1,Yes,No,52,Yes,Yes,Fiber optic,Yes,Yes,Yes,No,Yes,Yes,Month-to-month,Yes,Electronic check,109.1,5647.95,0,48-60,0,7,1,108.61442307692307,2
8008-OTEZX,Female,0,Yes,Yes,35,Yes,No,No,No,No,No,No,No,No,One year,No,Mailed check,19.65,708.8,0,24-36,0,1,0,20.25142857142857,1
2773-OVBPK,Male,0,Yes,No,67,Yes,Yes,Fiber optic,No,Yes,Yes,Yes,Yes,Yes,Two year,Yes,Bank transfer (automatic),111.3,7567.2,0,60-72,0,7,1,112.94328358208955,0
5999-LCXAO,Female,0,No,No,1,No,No,DSL,Yes,No,No,No,No,No,Month-to-month,No,Mailed check,29.9,29.9,0,0-12,1,1,0,29.9,2
5206-XZZQI,Male,0,No,No,53,Yes,No,Fiber optic,No,Yes,No,Yes,No,No,Month-to-month,Yes,Mailed check,80.6,4348.1,0,48-60,0,3,1,82.03962264150944,2
4803-LBYPN,Male,0,Yes,Yes,34,Yes,No,No,No,No,No,No,No,No,Month-to-month,No,Mailed check,20.8,635.9,0,24-36,0,1,0,18.70294117647059,2
5759-RCVCB,Female,0,No,No,3,No,No,DSL,No,No,No,No,Yes,No,Month-to-month,No,Credit card (automatic),35.2,108.95,1,0-12,1,1,0,36.31666666666667,2
6372-RFVNS,Female,0,Yes,No,1,Yes,No,Fiber optic,No,No,No,No,Yes,No,Month-to-month,No,Electronic check,78.8,78.8,1,0-12,1,2,1,78.8,2
2139-FQHLM,Male,0,No,No,19,Yes,No,Fiber optic,No,No,Yes,Yes,Yes,No,Month-to-month,No,Mailed check,89.95,1682.4,0,12-24,0,4,1,88.54736842105264,2
8261-GWDBQ,Female,1,Yes,No,60,Yes,Yes,Fiber optic,Yes,Yes,Yes,Yes,Yes,Yes,Two year,Yes,Bank transfer (automatic),116.05,6925.9,0,48-60,0,8,1,115.43166666666666,0
1093-YSWCA,Male,0,No,No,11,Yes,No,No,No,No,No,No,No,No,Two year,No,Credit card (automatic),19.55,223.15,0,0-12,0,1,0,20.286363636363635,0
8938-UMKPI,Female,0,No,No,47,Yes,Yes,Fiber optic,No,Yes,Yes,No,Yes,Yes,Month-to-month,Yes,Electronic check,106.4,5127.95,1,36-48,0,6,1,109.10531914893616,2
0991-BRRFB,Male,0,No,No,18,Yes,No,DSL,Yes,No,No,No,No,No,Month-to-month,No,Electronic check,49.4,874.8,1,12-24,0,2,1,48.599999999999994,2
3882-IYOIJ,Female,0,Yes,Yes,60,Yes,Yes,Fiber optic,Yes,Yes,Yes,Yes,Yes,Yes,Two year,No,Credit card (automatic),115.25,6758.45,0,48-60,0,8,1,112.64083333333333,0
8749-TZYEC,Male,0,Yes,No,72,Yes,Yes,No,No,No,No,No,No,No,Two year,No,Credit card (automatic),24.8,1874.3,0,60-72,0,2,0,26.031944444444445,0
1755-FZQEC,Male,0,No,No,39,Yes,No,No,No,No,No,No,No,No,One year,No,Mailed check,19.9,791.15,0,36-48,0,1,0,20.285897435897436,1
3115-JPJDD,Female,0,Yes,No,59,Yes,No,Fiber optic,Yes,No,Yes,No,No,No,One year,Yes,Credit card (automatic),81.25,4639.45,0,48-60,0,3,1,78.63474576271186,1
5600-KTXFM,Male,0,Yes,Yes,2,Yes,No,Fiber optic,No,No,No,No,No,No,Month-to-month,No,Mailed check,69.95,143.9,0,0-12,1,1,1,71.95,2
3871-IKPYH,Male,1,No,No,1,Yes,No,Fiber optic,No,No,No,No,No,No,Month-to-month,No,Electronic check,69.1,69.1,1,0-12,1,1,1,69.1,2
6319-IEJWJ,Male,0,Yes,Yes,20,Yes,No,Fiber optic,No,No,No,No,Yes,Yes,Month-to-month,Yes,Electronic check,90.2,1776.55,1,12-24,0,3,1,88.8275,2
9025-AOMKI,Female,0,No,No,6,Yes,Yes,Fiber optic,No,No,No,No,Yes,Yes,Month-to-month,Yes,Bank transfer (automatic),93.55,536.4,1,0-12,1,4,1,89.39999999999999,2
6339-TBELP,Male,0,No,No,71,Yes,Yes,Fiber optic,No,No,Yes,Yes,No,No,Two year,Yes,Credit card (automatic),86.4,6172.0,0,60-72,0,4,1,86.92957746478874,0
7964-YESJC,Female,0,Yes,No,24,Yes,Yes,DSL,Yes,Yes,Yes,No,No,No,Month-to-month,No,Mailed check,66.3,1559.45,0,12-24,0,5,1,64.97708333333334,2
6173-GOLSU,Male,1,Yes,No,67,Yes,Yes,Fiber optic,No,No,No,No,Yes,Yes,Month-to-month,Yes,Credit card (automatic),94.65,6079.0,0,60-72,0,4,1,90.73134328358209,2
5275-SQEIZ,Male,0,No,No,1,Yes,No,Fiber optic,No,No,No,No,No,Yes,Month-to-month,Yes,Mailed check,80.85,80.85,1,0-12,1,2,1,80.85,2
7716-YTYHG,Female,0,Yes,Yes,48,Yes,Yes,Fiber optic,No,No,No,No,No,Yes,One year,Yes,Mailed check,82.05,4029.95,1,36-48,0,3,1,83.95729166666666,1
9938-ZREHM,Female,0,Yes,No,37,Yes,Yes,DSL,No,Yes,No,Yes,No,Yes,One year,No,Mailed check,72.1,2658.4,0,36-48,0,5,1,71.84864864864865,1
7950-XWOVN,Male,0,No,No,11,No,No,DSL,No,Yes,Yes,No,No,No,Month-to-month,No,Mailed check,34.7,383.55,0,0-12,0,2,0,34.86818181818182,2
4390-KYULV,Male,0,Yes,No,3,Yes,No,No,No,No,No,No,No,No,Month-to-month,Yes,Credit card (automatic),20.55,51.15,1,0-12,1,1,0,17.05,2
4647-MUZON,Female,0,Yes,No,18,Yes,No,Fiber optic,No,No,Yes,No,Yes,Yes,Month-to-month,Yes,Credit card (automatic),95.95,1745.5,0,12-24,0,4,1,96.97222222222223,2
9702-AIUJO,Male,0,Yes,Yes,50,Yes,No,DSL,No,No,No,No,No,No,One year,Yes,Bank transfer (automatic),44.8,2230.85,0,48-60,0,1,1,44.617,1
8849-PRIQJ,Female,0,Yes,Yes,67,Yes,Yes,Fiber optic,Yes,No,Yes,Yes,Yes,Yes,One year,Yes,Electronic check,109.4,7281.6,0,60-72,0,7,1,108.68059701492538,1
8851-RAGOV,Female,0,Yes,No,25,Yes,No,DSL,Yes,Yes,No,Yes,No,Yes,Month-to-month,Yes,Mailed check,71.05,1837.7,0,24-36,0,5,1,73.508,2
1304-NECVQ,Female,1,No,No,2,Yes,Yes,Fiber optic,No,No,Yes,No,No,No,Month-to-month,Yes,Electronic check,78.55,149.55,1,0-12,1,3,1,74.775,2
5396-IZEPB,Male,0,No,No,9,Yes,No,No,No,No,No,No,No,No,Month-to-month,No,Credit card (automatic),19.7,180.7,0,0-12,0,1,0,20.077777777777776,2
1729-VLAZJ,Female,0,No,Yes,10,No,No,DSL,Yes,Yes,No,Yes,No,No,One year,No,Mailed check,40.25,411.45,0,0-12,0,3,0,41.144999999999996,1
8285-ABVLB,Female,0,Yes,No,70,Yes,No,No,No,No,No,No,No,No,Two year,No,Credit card (automatic),19.85,1328.35,0,60-72,0,1,0,18.97642857142857,0
0701-TJSEF,Male,0,No,No,9,Yes,No,DSL,Yes,No,Yes,Yes,No,Yes,Month-to-month,Yes,Bank transfer (automatic),68.25,576.95,0,0-12,0,5,1,64.10555555555555,2
5712-VBOXD,Female,0,No,No,4,Yes,No,No,No,No,No,No,No,No,Month-to-month,Yes,Credit card (automatic),20.15,68.45,0,0-12,1,1,0,17.1125,2
6629-LADHQ,Female,0,No,No,2,Yes,No,DSL,Yes,No,No,No,No,No,Month-to-month,No,Mailed check,50.95,123.05,0,0-12,1,2,1,61.525,2
8945-GRKHX,Female,0,No,Yes,1,Yes,No,Fiber optic,No,No,No,No,No,Yes,Month-to-month,No,Electronic check,78.65,78.65,1,0-12,1,2,1,78.65,2
1559-DTODC,Male,0,No,No,19,No,No,DSL,No,No,No,No,No,No,Month-to-month,Yes,Bank transfer (automatic),25.15,468.35,0,12-24,0,0,0,24.650000000000002,2
4797-MIWUM,Male,0,Yes,Yes,7,Yes,No,No,No,No,No,No,No,No,Month-to-month,Yes,Bank transfer (automatic),20.25,174.7,0,0-12,0,1,0,24.957142857142856,2
6959-UWKHF,Male,0,No,No,1,Yes,No,DSL,No,No,No,No,No,No,Month-to-month,Yes,Electronic check,42.9,42.9,1,0-12,1,1,1,42.9,2
8720-RQSBJ,Male,1,No,No,1,Yes,No,DSL,No,No,No,No,No,No,Month-to-month,No,Electronic check,44.0,44.0,0,0-12,1,1,1,44.0,2
4537-CIBHB,Female,0,Yes,Yes,9,Yes,No,No,No,No,No,No,No,No,One year,No,Mailed check,20.25,172.35,0,0-12,0,1,0,19.15,1
3815-SLMEF,Female,0,No,No,3,No,No,DSL,Yes,No,No,Yes,No,No,Month-to-month,No,Mailed check,34.25,139.35,1,0-12,1,2,0,46.449999999999996,2
5154-VEKBL,Female,0,No,No,9,No,No,DSL,Yes,No,Yes,Yes,Yes,Yes,Month-to-month,No,Mailed check,58.5,539.85,1,0-12,0,5,0,59.983333333333334,2
4324-AHJKS,Female,0,No,No,5,Yes,No,DSL,Yes,No,Yes,No,No,No,Month-to-month,No,Credit card (automatic),55.8,300.4,0,0-12,1,3,1,60.08,2
4355-CVPVS,Female,0,Yes,Yes,56,Yes,No,Fiber optic,No,No,No,No,Yes,Yes,One year,No,Bank transfer (automatic),88.9,4968.0,0,48-60,0,3,1,88.71428571428571,1
4495-LHSSK,Female,0,No,Yes,18,Yes,Yes,DSL,Yes,No,No,No,No,No,Month-to-month,No,Mailed check,57.65,992.7,0,12-24,0,3,1,55.150000000000006,2
5655-JSMZM,Male,1,No,No,49,Yes,Yes,Fiber optic,No,No,No,No,Yes,Yes,Month-to-month,Yes,Electronic check,96.2,4718.25,1,48-60,0,4,1,96.29081632653062,2
5915-ANOEI,Male,0,Yes,No,70,Yes,Yes,DSL,Yes,Yes,Yes,Yes,Yes,No,Two year,No,Mailed check,79.15,5536.5,0,60-72,0,7,1,79.09285714285714,0
9861-PDSZP,Female,0,No,No,72,Yes,Yes,Fiber optic,No,Yes,Yes,Yes,Yes,Yes,Two year,Yes,Credit card (automatic),108.05,7806.6,0,60-72,0,7,1,108.42500000000001,0
4505-EXZHB,Female,1,No,No,6,Yes,No,Fiber optic,No,No,Yes,No,No,No,Month-to-month,No,Electronic check,74.4,434.1,1,0-12,1,2,1,72.35000000000001,2
7225-CBZPL,Male,1,Yes,No,17,Yes,Yes,Fiber optic,No,No,No,No,Yes,Yes,Month-to-month,Yes,Electronic check,94.8,1563.9,0,12-24,0,4,1,91.99411764705883,2
6704-UTUKK,Male,0,Yes,No,29,No,No,DSL,No,No,No,No,Yes,Yes,Month-to-month,Yes,Electronic check,45.9,1332.4,0,24-36,0,2,0,45.9448275862069,2
4587-VVTOX,Female,0,Yes,No,6,Yes,Yes,Fiber optic,No,Yes,Yes,No,Yes,Yes,Month-to-month,Yes,Electronic check,105.3,545.2,1,0-12,1,6,1,90.86666666666667,2
2019-HDCZY,Male,0,Yes,No,63,Yes,Yes,Fiber optic,No,No,Yes,No,Yes,Yes,Two year,No,Electronic check,102.6,6296.75,0,60-72,0,5,1,99.9484126984127,0
4652-NNHNY,Male,0,Yes,No,16,Yes,Yes,Fiber optic,No,No,No,No,No,No,Month-to-month,Yes,Bank transfer (automatic),73.85,1284.2,1,12-24,0,2,1,80.2625,2
8788-DOXSU,Male,0,No,No,59,Yes,No,DSL,No,No,Yes,No,No,Yes,One year,Yes,Bank transfer (automatic),61.35,3645.5,0,48-60,0,3,1,61.78813559322034,1
7404-JLKQG,Female,0,No,No,3,Yes,No,DSL,No,No,Yes,No,Yes,No,Month-to-month,No,Electronic check,57.55,161.45,0,0-12,1,3,1,53.81666666666666,2
7421-ZLUPA,Female,0,No,No,8,No,No,DSL,No,Yes,No,No,No,No,Month-to-month,Yes,Mailed check,29.25,226.95,0,0-12,0,1,0,28.36875,2
8972-HJWNV,Female,1,Yes,No,7,Yes,Yes,Fiber optic,No,No,No,No,No,Yes,Month-to-month,Yes,Electronic check,84.55,646.85,1,0-12,0,3,1,92.40714285714286,2
3274-NSDWE,Female,0,No,No,68,Yes,No,No,No,No,No,No,No,No,Two year,No,Credit card (automatic),19.6,1441.65,0,60-72,0,1,0,21.20073529411765,0
2632-IVXVF,Female,0,Yes,Yes,68,Yes,Yes,Fiber optic,Yes,No,Yes,Yes,Yes,Yes,Two year,No,Credit card (automatic),111.75,7511.3,0,60-72,0,7,1,110.46029411764707,0
3692-JHONH,Female,1,Yes,No,52,Yes,Yes,Fiber optic,No,Yes,Yes,No,Yes,Yes,One year,Yes,Electronic check,106.5,5621.85,0,48-60,0,6,1,108.11250000000001,1
8915-NNTRC,Male,0,Yes,Yes,72,Yes,Yes,Fiber optic,Yes,Yes,No,Yes,Yes,Yes,Two year,Yes,Credit card (automatic),107.7,7919.8,0,60-72,0,7,1,109.99722222222222,0
5914-GXMDA,Female,0,Yes,No,32,Yes,No,No,No,No,No,No,No,No,One year,No,Mailed check,19.3,593.2,0,24-36,0,1,0,18.5375,1
7463-IFMQU,Female,0,Yes,No,72,Yes,No,No,No,No,No,No,No,No,Two year,No,Bank transfer (automatic),20.05,1423.65,0,60-72,0,1,0,19.772916666666667,0
2920-RNCEZ,Male,0,Yes,Yes,1,Yes,No,Fiber optic,No,No,No,No,No,No,Month-to-month,Yes,Credit card (automatic),69.95,69.95,0,0-12,1,1,1,69.95,2
2541-YGPKE,Male,0,Yes,Yes,42,Yes,No,DSL,Yes,No,No,Yes,No,Yes,One year,No,Credit card (automatic),63.7,2763.35,0,36-48,0,4,1,65.79404761904762,1
8515-OCTJS,Female,0,No,No,25,Yes,Yes,No,No,No,No,No,No,No,Two year,No,Credit card (automatic),24.75,692.1,1,24-36,0,2,0,27.684,0
5382-TEMLV,Male,0,No,No,45,Yes,No,DSL,Yes,No,No,No,No,No,Month-to-month,Yes,Bank transfer (automatic),50.9,2298.55,0,36-48,0,2,1,51.07888888888889,2
3441-CGZJH,Female,0,Yes,Yes,43,No,No,DSL,Yes,No,Yes,Yes,Yes,Yes,One year,Yes,Credit card (automatic),60.4,2640.55,0,36-48,0,5,0,61.40813953488372,1
9592-ERDKV,Male,0,Yes,No,37,Yes,Yes,DSL,Yes,No,Yes,No,Yes,Yes,One year,No,Mailed check,79.25,2911.8,0,36-48,0,6,1,78.6972972972973,1
2860-RANUS,Female,1,No,No,20,Yes,Yes,Fiber optic,No,No,No,No,No,Yes,Month-to-month,Yes,Credit card (automatic),85.8,1727.5,1,12-24,0,3,1,86.375,2
5261-QSHQM,Female,0,No,No,4,No,No,DSL,No,No,No,No,No,No,Month-to-month,Yes,Electronic check,24.45,86.6,1,0-12,1,0,0,21.65,2
4778-IZARL,Male,0,Yes,No,63,Yes,No,Fiber optic,Yes,Yes,Yes,Yes,Yes,Yes,Two year,Yes,Credit card (automatic),110.1,6705.7,0,60-72,0,7,1,106.43968253968254,0
0432-CAJZV,Male,0,No,No,3,Yes,No,Fiber optic,No,No,No,No,Yes,Yes,Month-to-month,No,Mailed check,90.7,237.65,0,0-12,1,3,1,79.21666666666667,2
7008-LZVOZ,Male,0,Yes,Yes,66,Yes,Yes,No,No,No,No,No,No,No,Two year,Yes,Credit card (automatic),25.3,1672.35,0,60-72,0,2,0,25.33863636363636,0
8868-WOZGU,Male,0,No,No,28,Yes,Yes,Fiber optic,No,Yes,Yes,No,Yes,Yes,Month-to-month,Yes,Electronic check,105.7,2979.5,1,24-36,0,6,1,106.41071428571429,2
1200-TUZHR,Female,1,No,No,8,Yes,Yes,Fiber optic,No,No,No,No,No,Yes,Month-to-month,No,Electronic check,85.2,695.75,0,0-12,0,3,1,86.96875,2
9365-CSLBQ,Male,0,No,Yes,71,Yes,Yes,No,No,No,No,No,No,No,Two year,No,Mailed check,24.35,1654.6,0,60-72,0,2,0,23.304225352112674,0
1334-FJSVR,Male,0,No,No,1,No,No,DSL,No,No,No,No,No,No,Month-to-month,Yes,Electronic check,24.25,24.25,1,0-12,1,0,0,24.25,2
5884-FBCTL,Female,0,Yes,Yes,72,Yes,Yes,No,No,No,No,No,No,No,Two year,No,Bank transfer (automatic),25.1,1857.85,0,60-72,0,2,0,25.803472222222222,0
7130-CTCUS,Male,1,Yes,No,16,Yes,No,DSL,Yes,Yes,No,No,No,No,Month-to-month,Yes,Bank transfer (automatic),54.55,825.1,0,12-24,0,3,1,51.56875,2
6242-FEGFD,Male,0,Yes,No,66,Yes,Yes,Fiber optic,Yes,Yes,Yes,Yes,No,No,Two year,No,Mailed check,96.6,6424.25,0,60-72,0,6,1,97.33712121212122,0
7625-XCQRH,Female,0,No,No,11,Yes,Yes,Fiber optic,No,No,No,No,No,No,Month-to-month,Yes,Electronic check,76.5,837.95,1,0-12,0,2,1,76.17727272727274,2
6194-HBGQN,Male,0,No,No,51,Yes,Yes,DSL,Yes,Yes,Yes,Yes,Yes,No,One year,Yes,Credit card (automatic),81.15,4126.2,0,48-60,0,7,1,80.90588235294118,1
7634-WSWDB,Female,0,No,Yes,8,No,No,DSL,Yes,No,No,No,No,Yes,Month-to-month,Yes,Electronic check,38.5,330.8,0,0-12,0,2,0,41.35,2
6986-IXNDM,Male,0,No,No,14,Yes,No,Fiber optic,No,No,No,No,Yes,Yes,Month-to-month,Yes,Electronic check,92.9,1337.45,0,12-24,0,3,1,95.53214285714286,2
1731-TVIUK,Female,0,No,No,4,Yes,Yes,Fiber optic,No,Yes,No,Yes,No,Yes,Month-to-month,Yes,Electronic check,93.5,362.2,1,0-12,1,5,1,90.55,2
2987-BJXIK,Female,0,No,No,70,Yes,Yes,DSL,Yes,Yes,Yes,No,Yes,Yes,Two year,No,Mailed check,84.7,5991.05,0,60-72,0,7,1,85.58642857142857,0
9769-TSBZE,Female,0,No,Yes,70,Yes,Yes,DSL,Yes,Yes,No,Yes,No,No,Two year,No,Electronic check,66.0,4891.5,0,60-72,0,5,1,69.87857142857143,0
0406-BPDVR,Female,1,Yes,No,54,Yes,Yes,Fiber optic,No,Yes,No,No,Yes,Yes,One year,Yes,Credit card (automatic),101.5,5373.1,1,48-60,0,5,1,99.50185185185185,1
0618-XWMSS,Male,0,No,Yes,28,Yes,No,Fiber optic,Yes,No,No,No,No,No,Month-to-month,Yes,Bank transfer (automatic),74.9,2068.55,1,24-36,0,2,1,73.87678571428572,2
1395-WSWXR,Male,0,No,No,24,Yes,No,No,No,No,No,No,No,No,Two year,No,Mailed check,20.75,487.05,0,12-24,0,1,0,20.29375,0
6023-GSSXW,Female,0,Yes,No,69,Yes,No,DSL,No,Yes,No,No,No,Yes,Two year,Yes,Credit card (automatic),61.45,4131.2,0,60-72,0,3,1,59.87246376811594,0
6752-APNJL,Male,0,Yes,Yes,42,Yes,No,DSL,Yes,Yes,No,No,No,No,Month-to-month,No,Mailed check,54.5,2301.15,0,36-48,0,3,1,54.78928571428572,2
5276-KQWHG,Female,1,No,No,2,Yes,No,Fiber optic,No,No,No,No,No,No,Month-to-month,Yes,Electronic check,69.6,131.65,1,0-12,1,1,1,65.825,2
0420-HLGXF,Female,1,No,No,39,Yes,Yes,Fiber optic,No,No,Yes,No,Yes,Yes,Month-to-month,Yes,Electronic check,99.75,4036.0,0,36-48,0,5,1,103.48717948717949,2
7446-KQISO,Male,0,Yes,Yes,45,Yes,Yes,Fiber optic,No,Yes,Yes,Yes,Yes,Yes,Two year,Yes,Bank transfer (automatic),109.75,4900.65,0,36-48,0,7,1,108.90333333333332,0
9823-EALYC,Male,0,Yes,Yes,72,Yes,Yes,DSL,Yes,Yes,Yes,Yes,Yes,No,Two year,Yes,Bank transfer (automatic),80.85,5727.45,0,60-72,0,7,1,79.54791666666667,0
0582-AVCLN,Female,0,No,No,38,Yes,No,No,No,No,No,No,No,No,Two year,No,Mailed check,20.3,743.05,0,36-48,0,1,0,19.553947368421053,0
5803-NQJZO,Male,0,Yes,No,72,Yes,Yes,DSL,Yes,Yes,Yes,Yes,No,No,Two year,Yes,Bank transfer (automatic),67.8,4804.65,0,60-72,0,6,1,66.73124999999999,0
2565-JSLRY,Male,0,No,No,1,Yes,Yes,No,No,No,No,No,No,No,Month-to-month,Yes,Mailed check,24.05,24.05,1,0-12,1,2,0,24.05,2
2607-DHDAK,Male,0,Yes,Yes,72,Yes,No,No,No,No,No,No,No,No,Two year,Yes,Credit card (automatic),19.8,1414.65,0,60-72,0,1,0,19.647916666666667,0
1073-XXCZD,Male,0,Yes,No,55,Yes,Yes,No,No,No,No,No,No,No,Two year,No,Bank transfer (automatic),25.7,1443.65,0,48-60,0,2,0,26.24818181818182,0
0743-HRVFF,Female,0,Yes,Yes,51,No,No,DSL,No,No,Yes,Yes,Yes,Yes,One year,Yes,Electronic check,56.15,2898.95,0,48-60,0,4,0,56.84215686274509,1
4006-HKYHO,Male,0,No,No,63,Yes,No,DSL,Yes,Yes,Yes,Yes,Yes,Yes,Two year,Yes,Bank transfer (automatic),86.7,5309.5,0,60-72,0,7,1,84.27777777777777,0
3727-JEZTU,Female,0,No,No,1,Yes,No,No,No,No,No,No,No,No,Month-to-month,No,Mailed check,20.4,20.4,0,0-12,1,1,0,20.4,2
8143-ETQTI,Female,0,Yes,Yes,23,Yes,No,No,No,No,No,No,No,No,Two year,Yes,Mailed check,19.65,451.55,0,12-24,0,1,0,19.632608695652173,0
6689-KXGBO,Female,0,No,No,1,Yes,No,DSL,No,Yes,No,No,No,No,Month-to-month,No,Electronic check,50.55,50.55,1,0-12,1,2,1,50.55,2
9667-TKTVZ,Female,0,No,No,2,Yes,Yes,DSL,No,No,No,Yes,No,No,Month-to-month,Yes,Mailed check,54.35,117.05,0,0-12,1,3,1,58.525,2
3657-COGMW,Female,1,No,No,52,Yes,Yes,Fiber optic,Yes,Yes,Yes,No,Yes,Yes,Month-to-month,No,Credit card (automatic),108.1,5839.3,0,48-60,0,7,1,112.29423076923078,2
8570-KLJYJ,Female,0,No,No,36,Yes,Yes,DSL,Yes,No,No,No,No,No,One year,No,Mailed check,54.45,1893.5,0,24-36,0,3,1,52.59722222222222,1
7754-IXRMC,Female,0,No,No,1,Yes,No,DSL,No,No,No,No,No,No,Month-to-month,No,Mailed check,45.35,45.35,0,0-12,1,1,1,45.35,2
9473-CBZOP,Female,0,No,No,28,Yes,Yes,DSL,Yes,No,Yes,No,No,No,One year,No,Mailed check,59.0,1654.45,0,24-36,0,4,1,59.0875,1
2969-WGHQO,Female,0,Yes,Yes,7,Yes,No,DSL,Yes,Yes,Yes,No,Yes,No,One year,No,Electronic check,69.45,477.05,0,0-12,0,5,1,68.15,1
6615-NGGZJ,Male,0,No,No,14,Yes,Yes,Fiber optic,No,Yes,No,No,Yes,Yes,Month-to-month,Yes,Electronic check,100.55,1415.55,1,12-24,0,5,1,101.11071428571428,2
4334-HOWRP,Male,1,Yes,No,72,No,No,DSL,Yes,Yes,Yes,Yes,Yes,Yes,Two year,Yes,Credit card (automatic),64.95,4546.0,0,60-72,0,6,0,63.138888888888886,0
4255-DDUOU,Female,0,Yes,Yes,1,Yes,No,No,No,No,No,No,No,No,Month-to-month,Yes,Mailed check,20.5,20.5,1,0-12,1,1,0,20.5,2
5863-OOKCL,Female,0,No,No,10,Yes,No,No,No,No,No,No,No,No,Month-to-month,No,Mailed check,18.85,163.2,0,0-12,0,1,0,16.32,2
1686-STUHN,Male,0,No,No,42,Yes,No,No,No,No,No,No,No,No,One year,No,Bank transfer (automatic),19.8,849.9,0,36-48,0,1,0,20.235714285714284,1
1329-VHWNP,Female,0,No,No,7,No,No,DSL,No,No,No,No,No,No,Month-to-month,No,Bank transfer (automatic),25.05,189.95,0,0-12,0,0,0,27.135714285714283,2
2984-MIIZL,Male,0,No,No,4,Yes,No,Fiber optic,No,No,Yes,No,No,No,Month-to-month,Yes,Bank transfer (automatic),74.8,321.9,1,0-12,1,2,1,80.475,2
0266-GMEAO,Male,0,Yes,Yes,72,Yes,Yes,Fiber optic,Yes,Yes,Yes,Yes,Yes,Yes,Two year,Yes,Credit card (automatic),114.3,8058.55,0,60-72,0,8,1,111.92430555555556,0
5590-YRFJT,Female,0,Yes,No,20,No,No,DSL,No,No,No,No,No,No,Month-to-month,Yes,Electronic check,24.45,482.8,1,12-24,0,0,0,24.14,2
5574-NXZIU,Male,0,No,No,63,Yes,No,Fiber optic,Yes,Yes,Yes,Yes,Yes,Yes,Two year,No,Credit card (automatic),109.2,7049.75,0,60-72,0,7,1,111.90079365079364,0
0019-GFNTW,Female,0,No,No,56,No,No,DSL,Yes,Yes,Yes,Yes,No,No,Two year,No,Bank transfer (automatic),45.05,2560.1,0,48-60,0,4,0,45.716071428571425,0
4256-ZWTZI,Female,0,No,Yes,5,Yes,No,DSL,No,No,No,Yes,No,No,Month-to-month,Yes,Mailed check,51.0,286.8,0,0-12,1,2,1,57.36,2
8309-PPCED,Female,0,Yes,No,72,Yes,Yes,Fiber optic,No,Yes,Yes,Yes,Yes,Yes,Two year,Yes,Bank transfer (automatic),110.45,7982.5,0,60-72,0,7,1,110.86805555555556,0
4098-NAUKP,Male,1,Yes,Yes,68,Yes,Yes,Fiber optic,No,Yes,Yes,No,No,No,Month-to-month,Yes,Electronic check,84.65,5683.6,0,60-72,0,4,1,83.58235294117648,2
5196-WPYOW,Male,0,Yes,Yes,67,Yes,No,DSL,Yes,Yes,No,Yes,No,No,One year,No,Mailed check,60.05,3994.05,0,60-72,0,4,1,59.61268656716418,1
4608-LCIMN,Male,0,Yes,Yes,8,Yes,No,DSL,No,No,No,No,No,No,Month-to-month,No,Bank transfer (automatic),44.65,369.15,0,0-12,0,1,1,46.14375,2
1485-YDHMM,Male,0,Yes,Yes,52,Yes,Yes,Fiber optic,No,Yes,No,Yes,No,Yes,Month-to-month,Yes,Bank transfer (automatic),93.25,4631.7,0,48-60,0,5,1,89.07115384615385,2
4054-CUMIA,Female,0,Yes,Yes,18,Yes,No,No,No,No,No,No,No,No,Month-to-month,Yes,Mailed check,20.25,401.95,0,12-24,0,1,0,22.330555555555556,2
0603-TPMIB,Female,0,Yes,Yes,59,Yes,Yes,No,No,No,No,No,No,No,Two year,No,Mailed check,25.45,1534.05,0,48-60,0,2,0,26.000847457627117,0
2525-GVKQU,Female,0,No,No,60,Yes,No,No,No,No,No,No,No,No,Two year,No,Mailed check,20.6,1093.0,0,48-60,0,1,0,18.216666666666665,0
8161-QYMTT,Male,0,No,No,7,Yes,Yes,Fiber optic,No,No,No,No,Yes,Yes,Month-to-month,Yes,Electronic check,94.1,701.3,0,0-12,0,4,1,100.18571428571428,2
9581-GVBXT,Male,0,Yes,Yes,59,No,No,DSL,Yes,No,Yes,No,No,No,One year,No,Mailed check,34.8,1980.3,0,48-60,0,2,0,33.56440677966101,1
5862-BRIXZ,Male,0,No,No,46,No,No,DSL,Yes,No,Yes,Yes,Yes,Yes,Two year,Yes,Bank transfer (automatic),60.75,2893.4,0,36-48,0,5,0,62.9,0
5404-GGUKR,Male,0,No,No,5,Yes,No,DSL,No,Yes,No,No,No,No,Month-to-month,Yes,Electronic check,51.35,262.3,0,0-12,1,2,1,52.46,2
3308-JSGML,Male,1,Yes,No,59,No,No,DSL,Yes,No,Yes,Yes,Yes,Yes,Two year,Yes,Credit card (automatic),64.05,3886.85,0,48-60,0,5,0,65.87881355932203,0
2126-GSEGL,Female,0,Yes,No,70,Yes,Yes,DSL,No,Yes,Yes,Yes,Yes,Yes,Two year,Yes,Bank transfer (automatic),84.8,5917.55,0,60-72,0,7,1,84.53642857142857,0
3677-TNKIO,Female,0,No,No,14,Yes,No,Fiber optic,No,No,No,No,No,No,Month-to-month,Yes,Credit card (automatic),71.0,914.0,1,12-24,0,1,1,65.28571428571429,2
0440-QEXBZ,Female,0,No,No,44,Yes,Yes,DSL,No,No,No,No,No,No,Month-to-month,Yes,Mailed check,50.15,2139.1,0,36-48,0,2,1,48.61590909090909,2
2434-EEVDB,Female,0,Yes,No,64,Yes,Yes,Fiber optic,Yes,No,Yes,No,Yes,No,Two year,Yes,Credit card (automatic),94.6,5948.7,0,60-72,0,5,1,92.9484375,0
6762-QVYJO,Female,0,Yes,Yes,58,No,No,DSL,Yes,No,Yes,Yes,Yes,Yes,Two year,No,Mailed check,59.75,3624.35,0,48-60,0,5,0,62.48879310344827,0
6199-IWKGC,Female,1,Yes,No,46,Yes,Yes,Fiber optic,No,No,No,Yes,Yes,Yes,One year,No,Electronic check,100.25,4753.85,0,36-48,0,5,1,103.3445652173913,1
2675-DHUTR,Male,1,Yes,No,58,Yes,Yes,Fiber optic,No,Yes,No,No,Yes,Yes,Month-to-month,Yes,Electronic check,98.9,5780.7,0,48-60,0,5,1,99.66724137931034,2
8152-VETUR,Female,0,Yes,No,72,Yes,Yes,Fiber optic,No,Yes,No,No,Yes,Yes,Two year,Yes,Credit card (automatic),97.7,6869.7,0,60-72,0,5,1,95.4125,0
9667-EQRXU,Female,1,No,No,30,No,No,DSL,No,No,Yes,No,Yes,No,Month-to-month,Yes,Electronic check,40.3,1172.95,1,24-36,0,2,0,39.098333333333336,2
7446-YPODE,Male,1,No,No,11,Yes,Yes,DSL,Yes,Yes,No,No,No,No,Month-to-month,No,Bank transfer (automatic),60.25,662.95,0,0-12,0,4,1,60.26818181818182,2
9522-BNTHX,Female,1,No,No,34,No,No,DSL,No,Yes,Yes,No,Yes,Yes,Month-to-month,Yes,Electronic check,56.25,1765.95,0,24-36,0,4,0,51.93970588235294,2
4676-WLUHT,Male,0,No,No,54,No,No,DSL,Yes,Yes,No,No,No,Yes,Two year,No,Bank transfer (automatic),46.2,2431.95,0,48-60,0,3,0,45.036111111111104,0
3329-WDIOK,Female,0,No,No,3,No,No,DSL,No,Yes,No,No,Yes,Yes,Month-to-month,Yes,Electronic check,50.6,155.35,1,0-12,1,3,0,51.78333333333333,2
7980-MHFLQ,Female,0,Yes,Yes,72,Yes,Yes,No,No,No,No,No,No,No,Two year,No,Mailed check,24.9,1859.2,0,60-72,0,2,0,25.822222222222223,0
2873-ZLIWT,Female,0,Yes,Yes,40,Yes,Yes,Fiber optic,No,No,Yes,Yes,No,No,Month-to-month,Yes,Electronic check,84.85,3303.05,1,36-48,0,4,1,82.57625,2
3415-TAILE,Female,0,Yes,Yes,2,Yes,No,DSL,No,No,No,No,Yes,Yes,Month-to-month,No,Mailed check,65.7,134.35,1,0-12,1,3,1,67.175,2
0757-WCUUZ,Male,0,Yes,Yes,54,Yes,Yes,DSL,No,No,Yes,No,No,Yes,Two year,No,Credit card (automatic),63.35,3409.1,0,48-60,0,4,1,63.13148148148148,0
1629-DQQVB,Female,0,No,No,14,Yes,No,DSL,Yes,No,No,No,No,No,Month-to-month,No,Bank transfer (automatic),50.1,709.5,0,12-24,0,2,1,50.67857142857143,2
1915-IOFGU,Female,0,No,No,1,Yes,No,Fiber optic,No,No,No,No,No,No,Month-to-month,No,Electronic check,70.5,70.5,1,0-12,1,1,1,70.5,2
3045-XETSH,Female,0,No,No,10,Yes,Yes,Fiber optic,No,Yes,Yes,No,No,Yes,Month-to-month,Yes,Electronic check,94.85,953.45,1,0-12,0,5,1,95.345,2
0374-AACSZ,Female,0,No,No,1,Yes,No,DSL,Yes,No,No,No,No,No,Month-to-month,No,Electronic check,50.15,50.15,0,0-12,1,2,1,50.15,2
7239-HZZCX,Male,0,No,No,1,Yes,No,No,No,No,No,No,No,No,Month-to-month,No,Mailed check,19.75,19.75,1,0-12,1,1,0,19.75,2
4872-VXRIL,Male,0,No,No,56,Yes,Yes,DSL,Yes,Yes,No,Yes,No,No,One year,Yes,Bank transfer (automatic),64.65,3665.55,0,48-60,0,5,1,65.45625,1
9140-CZQZZ,Female,0,Yes,No,68,Yes,No,DSL,Yes,Yes,No,Yes,Yes,Yes,Two year,Yes,Bank transfer (automatic),79.6,5515.8,0,60-72,0,6,1,81.11470588235295,0
3423-HHXAO,Female,0,Yes,Yes,14,Yes,No,No,No,No,No,No,No,No,One year,Yes,Mailed check,19.5,272.0,0,12-24,0,1,0,19.428571428571427,1
9938-TKDGL,Male,0,Yes,Yes,68,Yes,No,Fiber optic,Yes,No,No,Yes,Yes,Yes,Two year,Yes,Electronic check,99.55,6668.0,0,60-72,0,5,1,98.05882352941177,0
0531-ZZJWQ,Male,1,Yes,No,55,Yes,Yes,Fiber optic,No,No,No,No,No,No,Month-to-month,Yes,Electronic check,74.0,4052.4,0,48-60,0,2,1,73.68,2
6537-QLGEX,Female,0,No,No,16,No,No,DSL,Yes,No,No,No,Yes,No,Month-to-month,Yes,Electronic check,38.9,664.4,0,12-24,0,2,0,41.525,2
2688-BHGOG,Male,1,No,No,9,Yes,No,Fiber optic,No,No,No,No,No,Yes,Month-to-month,Yes,Electronic check,79.55,718.55,0,0-12,0,2,1,79.83888888888889,2
7683-CBDKJ,Male,0,Yes,Yes,14,Yes,No,DSL,Yes,Yes,No,No,Yes,No,Month-to-month,Yes,Electronic check,65.45,937.6,1,12-24,0,4,1,66.97142857142858,2
0946-CLJTI,Male,1,Yes,No,58,Yes,Yes,Fiber optic,No,No,Yes,No,Yes,Yes,Month-to-month,Yes,Electronic check,98.7,5812.6,1,48-60,0,5,1,100.21724137931035,2
3160-TYXLT,Male,0,No,No,53,No,No,DSL,Yes,Yes,No,No,No,Yes,Month-to-month,Yes,Bank transfer (automatic),46.3,2546.85,0,48-60,0,3,0,48.053773584905656,2
1325-USMEC,Male,0,Yes,No,70,Yes,Yes,Fiber optic,Yes,Yes,Yes,No,Yes,No,Two year,Yes,Credit card (automatic),99.35,6944.5,0,60-72,0,6,1,99.20714285714286,0
0916-QOFDP,Female,1,Yes,Yes,14,Yes,Yes,Fiber optic,No,No,No,No,Yes,Yes,Month-to-month,Yes,Electronic check,95.8,1346.3,0,12-24,0,4,1,96.16428571428571,2
0628-CNQRM,Male,0,Yes,Yes,22,Yes,No,DSL,Yes,No,Yes,Yes,Yes,No,One year,Yes,Bank transfer (automatic),67.5,1544.05,1,12-24,0,5,1,70.18409090909091,1
5606-AMZBO,Female,0,Yes,No,10,Yes,Yes,Fiber optic,Yes,No,No,No,No,No,Month-to-month,Yes,Credit card (automatic),78.15,765.15,0,0-12,0,3,1,76.515,2
6199-IPCAO,Female,0,Yes,Yes,29,Yes,Yes,No,No,No,No,No,No,No,Two year,No,Mailed check,26.1,692.55,0,24-36,0,2,0,23.88103448275862,0
7665-TOALD,Female,0,No,No,1,Yes,No,Fiber optic,No,No,No,No,No,No,Month-to-month,Yes,Electronic check,69.6,69.6,1,0-12,1,1,1,69.6,2
0112-QWPNC,Male,0,Yes,No,49,Yes,Yes,DSL,Yes,No,Yes,Yes,Yes,Yes,One year,No,Electronic check,84.35,4059.35,1,48-60,0,7,1,82.84387755102041,1
0324-BRPCJ,Female,1,Yes,No,68,Yes,Yes,Fiber optic,No,Yes,No,No,Yes,Yes,Month-to-month,Yes,Electronic check,100.2,6851.65,1,60-72,0,5,1,100.7595588235294,2
2777-PHDEI,Female,0,No,No,1,Yes,No,Fiber optic,No,No,No,No,Yes,No,Month-to-month,No,Electronic check,78.05,78.05,1,0-12,1,2,1,78.05,2
5640-CAXOA,Female,0,No,No,30,No,No,DSL,No,No,No,Yes,No,Yes,One year,Yes,Credit card (automatic),40.35,1187.05,0,24-36,0,2,0,39.568333333333335,1
2235-EZAIK,Female,0,Yes,No,72,Yes,Yes,DSL,Yes,Yes,Yes,Yes,Yes,No,Two year,No,Credit card (automatic),79.2,5401.9,0,60-72,0,7,1,75.02638888888889,0
3847-BAERP,Female,0,No,No,10,Yes,No,No,No,No,No,No,No,No,Month-to-month,Yes,Mailed check,20.9,247.0,0,0-12,0,1,0,24.7,2
1196-AMORA,Male,0,No,No,7,Yes,Yes,Fiber optic,No,No,No,No,No,No,Month-to-month,No,Electronic check,73.6,520.0,1,0-12,0,2,1,74.28571428571429,2
4282-YMKNA,Female,0,No,No,9,Yes,Yes,Fiber optic,No,No,No,No,No,No,Month-to-month,Yes,Electronic check,74.75,706.6,1,0-12,0,2,1,78.51111111111112,2
1453-RZFON,Female,0,No,Yes,1,Yes,No,DSL,Yes,No,No,No,No,No,Month-to-month,No,Mailed check,49.9,49.9,0,0-12,1,2,1,49.9,2
8263-OKETD,Female,0,No,No,20,Yes,Yes,DSL,No,Yes,No,Yes,No,Yes,Month-to-month,Yes,Credit card (automatic),68.9,1370.35,0,12-24,0,5,1,68.5175,2
0670-KDOMA,Female,0,No,No,1,Yes,No,No,No,No,No,No,No,No,Month-to-month,Yes,Mailed check,20.25,20.25,0,0-12,1,1,0,20.25,2
2476-YGEFM,Female,0,No,No,29,Yes,Yes,Fiber optic,No,No,No,No,No,No,Month-to-month,Yes,Credit card (automatic),76.0,2215.25,0,24-36,0,2,1,76.38793103448276,2
8687-BAFGU,Male,0,No,No,1,Yes,No,Fiber optic,No,No,No,Yes,No,No,Month-to-month,No,Electronic check,74.0,74.0,0,0-12,1,2,1,74.0,2
0641-EVBOJ,Male,0,No,No,3,Yes,No,Fiber optic,Yes,No,No,Yes,No,No,Month-to-month,Yes,Mailed check,82.3,214.4,0,0-12,1,3,1,71.46666666666667,2
0829-XXPLX,Female,0,No,No,20,Yes,No,Fiber optic,Yes,No,Yes,No,Yes,No,Month-to-month,Yes,Bank transfer (automatic),89.4,1871.15,0,12-24,0,4,1,93.5575,2
9974-JFBHQ,Male,0,No,Yes,64,Yes,No,Fiber optic,No,Yes,No,Yes,Yes,Yes,Month-to-month,Yes,Credit card (automatic),99.15,6171.2,0,60-72,0,5,1,96.425,2
5356-RHIPP,Male,0,No,No,1,Yes,No,No,No,No,No,No,No,No,Month-to-month,Yes,Mailed check,20.2,20.2,1,0-12,1,1,0,20.2,2
6624-JDRDS,Female,0,No,No,6,No,No,DSL,Yes,No,No,No,No,No,Month-to-month,No,Bank transfer (automatic),29.45,161.45,0,0-12,1,1,0,26.90833333333333,2
0608-JDVEC,Male,0,Yes,No,50,Yes,No,No,No,No,No,No,No,No,Two year,No,Electronic check,19.8,1013.2,0,48-60,0,1,0,20.264,0
9780-FKVVF,Male,0,No,No,6,Yes,No,DSL,Yes,No,No,No,No,Yes,Month-to-month,Yes,Bank transfer (automatic),59.15,336.7,0,0-12,1,3,1,56.11666666666667,2
1919-RTPQD,Male,0,Yes,Yes,7,Yes,No,DSL,No,No,No,No,No,No,Month-to-month,No,Electronic check,44.75,333.65,0,0-12,0,1,1,47.66428571428571,2
5214-NLTIT,Male,0,Yes,Yes,72,Yes,Yes,Fiber optic,No,No,Yes,No,No,Yes,Two year,Yes,Credit card (automatic),90.8,6511.8,0,60-72,0,4,1,90.44166666666666,0
3345-PBBFH,Male,0,Yes,No,8,Yes,No,DSL,No,Yes,No,No,No,No,Month-to-month,Yes,Bank transfer (automatic),49.55,393.45,0,0-12,0,2,1,49.18125,2
5055-BRMNE,Female,0,Yes,Yes,67,Yes,Yes,Fiber optic,Yes,No,No,Yes,Yes,Yes,Two year,No,Credit card (automatic),106.7,7009.5,0,60-72,0,6,1,104.61940298507463,0
9189-JWSHV,Female,1,Yes,No,24,Yes,Yes,Fiber optic,No,No,No,No,Yes,Yes,Month-to-month,Yes,Electronic check,93.55,2264.05,1,12-24,0,4,1,94.33541666666667,2
2190-PHBHR,Female,0,Yes,No,72,Yes,Yes,Fiber optic,Yes,Yes,No,No,No,Yes,Two year,Yes,Credit card (automatic),94.45,6921.7,0,60-72,0,5,1,96.13472222222222,0
2650-GYRYL,Male,0,Yes,Yes,33,Yes,No,No,No,No,No,No,No,No,One year,Yes,Bank transfer (automatic),19.45,600.25,0,24-36,0,1,0,18.189393939393938,1
0746-JTRFU,Male,0,No,No,2,No,No,DSL,No,No,No,No,No,No,Month-to-month,Yes,Electronic check,25.05,56.35,1,0-12,1,0,0,28.175,2
5208-FVQKB,Male,0,Yes,No,70,Yes,No,DSL,Yes,Yes,No,Yes,No,Yes,Two year,No,Mailed check,67.95,4664.15,0,60-72,0,5,1,66.63071428571428,0
7184-LRUUR,Female,0,No,No,22,Yes,No,DSL,No,Yes,Yes,No,Yes,No,One year,No,Bank transfer (automatic),65.25,1441.8,0,12-24,0,4,1,65.53636363636363,1
6627-CFOSN,Female,0,No,No,59,Yes,Yes,Fiber optic,Yes,Yes,Yes,No,No,Yes,Month-to-month,Yes,Bank transfer (automatic),99.45,5623.7,0,48-60,0,6,1,95.31694915254236,2
3982-JGSFD,Male,0,No,No,36,Yes,No,No,No,No,No,No,No,No,One year,Yes,Credit card (automatic),20.35,695.85,0,24-36,0,1,0,19.329166666666666,1
1574-DYCWE,Female,0,Yes,Yes,51,Yes,No,No,No,No,No,No,No,No,Two year,No,Mailed check,19.95,1028.75,0,48-60,0,1,0,20.17156862745098,0
7247-XOZPB,Male,0,Yes,No,53,Yes,Yes,DSL,Yes,No,Yes,Yes,Yes,No,One year,No,Bank transfer (automatic),77.4,4155.95,0,48-60,0,6,1,78.41415094339622,1
2466-FCCPT,Female,0,Yes,Yes,20,Yes,No,No,No,No,No,No,No,No,One year,No,Bank transfer (automatic),19.7,395.6,0,12-24,0,1,0,19.78,1
6211-WWLTF,Male,0,Yes,No,63,Yes,No,Fiber optic,Yes,No,Yes,No,Yes,Yes,Two year,No,Credit card (automatic),99.7,6330.4,0,60-72,0,5,1,100.48253968253968,0
4826-TZEVA,Female,0,No,No,40,Yes,No,Fiber optic,No,Yes,No,No,No,No,Month-to-month,No,Credit card (automatic),74.8,2971.7,0,36-48,0,2,1,74.29249999999999,2
6016-NXBNJ,Male,0,No,No,35,Yes,No,No,No,No,No,No,No,No,One year,Yes,Mailed check,19.15,638.0,0,24-36,0,1,0,18.228571428571428,1
9138-EFSMO,Male,0,Yes,Yes,26,Yes,No,Fiber optic,No,No,No,No,No,Yes,One year,No,Bank transfer (automatic),78.95,2034.25,0,24-36,0,2,1,78.24038461538461,1
0576-WNXXC,Male,1,Yes,No,27,Yes,Yes,Fiber optic,No,Yes,Yes,No,No,Yes,Month-to-month,Yes,Electronic check,95.55,2510.2,1,24-36,0,5,1,92.97037037037036,2
4632-XJMEX,Male,0,No,Yes,53,Yes,No,DSL,Yes,Yes,No,Yes,No,No,One year,No,Credit card (automatic),62.85,3419.5,0,48-60,0,4,1,64.51886792452831,1
8910-LEDAG,Male,1,Yes,No,34,Yes,No,Fiber optic,No,No,No,No,No,No,Month-to-month,No,Credit card (automatic),71.55,2427.35,0,24-36,0,1,1,71.39264705882353,2
3452-GWUIN,Female,1,Yes,No,19,Yes,Yes,Fiber optic,No,No,No,No,Yes,Yes,Month-to-month,Yes,Electronic check,94.95,1760.25,0,12-24,0,4,1,92.64473684210526,2
2716-GFZOR,Male,0,Yes,No,43,Yes,No,Fiber optic,Yes,Yes,Yes,No,No,No,Month-to-month,Yes,Credit card (automatic),86.1,3551.65,0,36-48,0,4,1,82.59651162790698,2
3724-UCSHY,Male,0,Yes,Yes,6,Yes,No,No,No,No,No,No,No,No,Month-to-month,No,Mailed check,19.55,122.9,0,0-12,1,1,0,20.483333333333334,2
8626-XHBIE,Male,0,No,Yes,56,Yes,Yes,No,No,No,No,No,No,No,Two year,Yes,Mailed check,24.8,1424.2,0,48-60,0,2,0,25.432142857142857,0
4628-CTTLA,Male,0,No,No,57,No,No,DSL,No,Yes,No,No,Yes,No,Month-to-month,Yes,Electronic check,39.3,2111.45,1,48-60,0,2,0,37.04298245614035,2
3192-LNKRK,Male,0,Yes,Yes,34,Yes,No,Fiber optic,No,No,Yes,No,Yes,No,Month-to-month,Yes,Mailed check,84.05,2909.95,0,24-36,0,3,1,85.58676470588235,2
4439-YRNVD,Female,0,No,No,10,No,No,DSL,No,Yes,No,Yes,No,No,Month-to-month,No,Electronic check,36.25,374.0,0,0-12,0,2,0,37.4,2
2876-VBBBL,Female,0,No,No,1,Yes,No,No,No,No,No,No,No,No,Month-to-month,Yes,Mailed check,20.25,20.25,1,0-12,1,1,0,20.25,2
6834-NXDCA,Female,0,No,No,13,No,No,DSL,No,No,No,No,No,No,Month-to-month,Yes,Electronic check,23.9,300.8,1,12-24,0,0,0,23.138461538461538,2
2208-UGTGR,Male,0,No,No,56,Yes,Yes,Fiber optic,No,Yes,No,No,Yes,Yes,Month-to-month,No,Electronic check,98.6,5581.05,0,48-60,0,5,1,99.66160714285715,2
3005-TYFRD,Female,0,Yes,No,55,Yes,Yes,Fiber optic,No,Yes,Yes,No,Yes,Yes,Month-to-month,Yes,Credit card (automatic),103.65,5676.65,0,48-60,0,6,1,103.21181818181817,2
8670-MEFCP,Female,0,Yes,Yes,36,Yes,Yes,DSL,Yes,Yes,Yes,Yes,Yes,Yes,Two year,Yes,Credit card (automatic),92.9,3379.25,0,24-36,0,8,1,93.86805555555556,0
3079-BCHLN,Male,0,Yes,No,47,Yes,No,No,No,No,No,No,No,No,One year,No,Bank transfer (automatic),19.9,942.95,0,36-48,0,1,0,20.06276595744681,1
7777-UNYHB,Female,0,Yes,Yes,12,Yes,No,No,No,No,No,No,No,No,Month-to-month,Yes,Credit card (automatic),20.1,232.4,0,0-12,0,1,0,19.366666666666667,2
5597-GLBUC,Female,0,No,No,1,Yes,No,Fiber optic,No,No,Yes,No,Yes,No,Month-to-month,Yes,Electronic check,85.45,85.45,1,0-12,1,3,1,85.45,2
7278-CKDNC,Male,1,No,No,24,Yes,Yes,Fiber optic,No,Yes,No,No,No,No,Month-to-month,Yes,Electronic check,80.5,2088.45,0,12-24,0,3,1,87.01875,2
2748-MYRVK,Female,0,No,No,63,Yes,Yes,Fiber optic,No,Yes,No,No,Yes,Yes,One year,No,Bank transfer (automatic),99.9,6137.0,1,60-72,0,5,1,97.41269841269842,1
8450-UYIBU,Female,1,No,No,35,No,No,DSL,No,No,Yes,No,Yes,No,Month-to-month,Yes,Electronic check,39.85,1434.6,0,24-36,0,2,0,40.988571428571426,2
2969-VAPYH,Female,0,No,No,67,Yes,No,DSL,Yes,Yes,No,Yes,No,No,One year,No,Credit card (automatic),60.5,3870.0,0,60-72,0,4,1,57.76119402985075,1
4822-YCXMX,Male,0,No,No,25,Yes,Yes,Fiber optic,No,No,No,No,No,Yes,Month-to-month,Yes,Electronic check,84.8,2043.45,1,24-36,0,3,1,81.738,2
7181-OQCUT,Male,0,No,No,21,Yes,Yes,Fiber optic,Yes,No,Yes,No,Yes,Yes,Month-to-month,No,Mailed check,103.85,2215.0,0,12-24,0,6,1,105.47619047619048,2
8474-UMLNT,Female,0,No,No,13,Yes,No,DSL,Yes,Yes,No,Yes,No,Yes,Month-to-month,No,Bank transfer (automatic),67.8,842.25,0,12-24,0,5,1,64.78846153846153,2
9821-POOTN,Male,0,Yes,No,35,Yes,Yes,Fiber optic,No,No,No,No,No,No,Month-to-month,Yes,Electronic check,75.2,2576.2,1,24-36,0,2,1,73.60571428571428,2
3836-FZSDJ,Male,1,Yes,No,71,Yes,Yes,No,No,No,No,No,No,No,Two year,No,Bank transfer (automatic),24.85,1901.0,0,60-72,0,2,0,26.774647887323944,0
9142-XMYJH,Female,0,No,No,29,Yes,No,No,No,No,No,No,No,No,Month-to-month,No,Credit card (automatic),19.35,601.6,0,24-36,0,1,0,20.7448275862069,2
6559-ILWKJ,Male,0,Yes,No,71,No,No,DSL,No,Yes,No,No,Yes,Yes,Two year,No,Electronic check,49.35,3515.25,1,60-72,0,3,0,49.51056338028169,0
0187-QSXOE,Male,1,Yes,No,7,Yes,No,Fiber optic,No,No,No,No,Yes,Yes,Month-to-month,Yes,Electronic check,89.0,605.45,0,0-12,0,3,1,86.49285714285715,2
7733-UDMTP,Female,1,No,No,57,No,No,DSL,No,Yes,Yes,No,Yes,Yes,Month-to-month,Yes,Electronic check,55.0,3094.05,0,48-60,0,4,0,54.28157894736842,2
2649-HWLYB,Male,0,Yes,No,65,Yes,Yes,DSL,Yes,No,Yes,Yes,No,Yes,Two year,No,Bank transfer (automatic),76.15,4929.55,0,60-72,0,6,1,75.83923076923077,0
5214-CHIWJ,Male,0,No,No,27,Yes,No,No,No,No,No,No,No,No,One year,No,Mailed check,20.3,595.05,0,24-36,0,1,0,22.038888888888888,1
4229-CZMLL,Male,0,No,No,6,Yes,Yes,Fiber optic,No,No,No,No,No,No,Month-to-month,Yes,Electronic check,74.9,469.8,1,0-12,1,2,1,78.3,2
6904-JLBGY,Female,1,No,No,72,Yes,Yes,Fiber optic,Yes,Yes,Yes,Yes,Yes,Yes,Two year,Yes,Credit card (automatic),117.35,8436.25,0,60-72,0,8,1,117.17013888888889,0
2465-BLLEU,Male,0,No,No,1,Yes,No,No,No,No,No,No,No,No,Month-to-month,Yes,Mailed check,19.75,19.75,0,0-12,1,1,0,19.75,2
1685-VAYJF,Male,0,No,No,11,Yes,No,DSL,No,No,No,No,No,No,Month-to-month,No,Credit card (automatic),45.2,492.0,0,0-12,0,1,1,44.72727272727273,2
8874-EJNSR,Male,0,Yes,Yes,39,Yes,Yes,No,No,No,No,No,No,No,Two year,No,Mailed check,25.2,987.95,0,36-48,0,2,0,25.33205128205128,0
6917-YACBP,Female,1,No,No,59,Yes,Yes,Fiber optic,Yes,Yes,Yes,No,No,No,Month-to-month,Yes,Electronic check,89.75,5496.9,0,48-60,0,5,1,93.16779661016949,2
5049-MUBWG,Male,0,No,No,26,Yes,No,DSL,Yes,No,No,Yes,Yes,Yes,One year,No,Bank transfer (automatic),75.0,1908.35,0,24-36,0,5,1,73.39807692307691,1
4223-WOZCM,Male,1,No,No,2,Yes,No,DSL,No,No,Yes,No,No,No,Month-to-month,No,Mailed check,49.95,107.1,0,0-12,1,2,1,53.55,2
0769-MURVM,Female,0,Yes,Yes,72,No,No,DSL,Yes,Yes,Yes,Yes,Yes,Yes,Two year,No,Bank transfer (automatic),65.7,4575.35,0,60-72,0,6,0,63.54652777777778,0
9253-VIFJQ,Male,0,Yes,No,65,Yes,Yes,DSL,Yes,Yes,Yes,No,No,No,One year,No,Credit card (automatic),67.05,4309.55,0,60-72,0,5,1,66.30076923076923,1
7030-FZTFM,Male,0,Yes,Yes,72,Yes,Yes,Fiber optic,No,Yes,Yes,Yes,Yes,Yes,Two year,No,Credit card (automatic),110.9,7922.75,0,60-72,0,7,1,110.03819444444444,0
9741-YLNTD,Male,0,No,No,6,Yes,Yes,Fiber optic,No,No,No,Yes,No,Yes,Month-to-month,Yes,Bank transfer (automatic),87.95,522.35,0,0-12,1,4,1,87.05833333333334,2
5917-RYRMG,Male,1,No,No,32,Yes,No,No,No,No,No,No,No,No,One year,No,Credit card (automatic),19.8,587.7,0,24-36,0,1,0,18.365625,1
5120-ZBLAI,Female,0,Yes,No,50,Yes,Yes,DSL,No,No,Yes,No,Yes,Yes,One year,No,Bank transfer (automatic),75.7,3876.2,0,48-60,0,5,1,77.524,1
1194-BHJYC,Male,0,Yes,No,61,No,No,DSL,Yes,No,Yes,Yes,Yes,Yes,Two year,Yes,Mailed check,62.15,3778.85,0,60-72,0,5,0,61.9483606557377,0
3663-MITLP,Female,0,No,No,15,Yes,No,Fiber optic,No,Yes,Yes,No,Yes,Yes,Month-to-month,Yes,Electronic check,101.25,1457.25,1,12-24,0,5,1,97.15,2
0906-QVPMS,Male,0,Yes,No,72,Yes,Yes,Fiber optic,Yes,Yes,Yes,Yes,Yes,Yes,Two year,No,Bank transfer (automatic),115.15,8349.45,0,60-72,0,8,1,115.96458333333334,0
9025-ZRPVR,Male,0,No,No,9,Yes,No,No,No,No,No,No,No,No,Month-to-month,Yes,Mailed check,18.95,185.6,1,0-12,0,1,0,20.62222222222222,2
1905-OEILC,Female,0,No,No,1,Yes,No,No,No,No,No,No,No,No,Month-to-month,No,Mailed check,19.5,19.5,0,0-12,1,1,0,19.5,2
7858-GTZSP,Female,0,No,No,12,Yes,Yes,Fiber optic,No,No,No,No,No,Yes,Month-to-month,Yes,Electronic check,86.55,1066.9,0,0-12,0,3,1,88.90833333333335,2
3285-UCQVC,Female,0,No,No,37,No,No,DSL,No,No,No,Yes,No,No,Month-to-month,No,Credit card (automatic),28.6,973.55,1,36-48,0,1,0,26.31216216216216,2
6248-BSHKG,Male,0,Yes,Yes,61,Yes,No,No,No,No,No,No,No,No,One year,No,Mailed check,20.4,1226.45,0,60-72,0,1,0,20.105737704918035,1
4685-TFLLS,Male,0,Yes,Yes,18,Yes,No,No,No,No,No,No,No,No,One year,No,Bank transfer (automatic),19.8,342.3,0,12-24,0,1,0,19.016666666666666,1
3470-BTGQO,Male,0,No,Yes,21,Yes,No,DSL,No,No,No,No,No,No,Month-to-month,No,Mailed check,45.65,985.05,0,12-24,0,1,1,46.90714285714286,2
1209-VFFOC,Male,0,Yes,Yes,68,No,No,DSL,Yes,Yes,Yes,Yes,No,Yes,Two year,Yes,Mailed check,56.4,3948.45,0,60-72,0,5,0,58.065441176470586,0
8224-DWCKX,Male,1,No,No,12,Yes,Yes,Fiber optic,No,No,No,No,No,No,Month-to-month,Yes,Credit card (automatic),73.3,828.05,0,0-12,0,2,1,69.00416666666666,2
5482-PLVPE,Female,1,No,No,2,No,No,DSL,No,No,No,No,No,No,Month-to-month,No,Electronic check,24.35,41.85,1,0-12,1,0,0,20.925,2
4553-DVPZG,Female,0,Yes,No,62,Yes,Yes,Fiber optic,No,No,Yes,No,Yes,Yes,Month-to-month,Yes,Electronic check,101.35,6164.7,0,60-72,0,5,1,99.43064516129031,2
4902-OHLSK,Female,1,No,No,29,Yes,Yes,Fiber optic,No,No,No,Yes,Yes,Yes,Month-to-month,No,Electronic check,98.65,2862.75,1,24-36,0,5,1,98.71551724137932,2
6917-IAYHD,Male,0,No,Yes,1,No,No,DSL,No,Yes,No,Yes,No,No,Month-to-month,No,Mailed check,33.6,33.6,0,0-12,1,2,0,33.6,2
0495-ZBNGW,Male,1,Yes,No,5,Yes,Yes,Fiber optic,No,No,Yes,No,No,No,Month-to-month,Yes,Bank transfer (automatic),79.9,343.95,1,0-12,1,3,1,68.78999999999999,2
8620-RJPZN,Female,0,No,No,1,Yes,No,No,No,No,No,No,No,No,Month-to-month,No,Electronic check,20.7,20.7,0,0-12,1,1,0,20.7,2
7572-KPVKK,Male,0,No,Yes,62,Yes,Yes,Fiber optic,No,No,Yes,Yes,Yes,Yes,Two year,Yes,Electronic check,104.05,6590.5,0,60-72,0,6,1,106.29838709677419,0
2642-MAWLJ,Female,0,Yes,Yes,36,Yes,No,No,No,No,No,No,No,No,Two year,No,Bank transfer (automatic),20.25,717.95,0,24-36,0,1,0,19.943055555555556,0
2357-COQEK,Female,1,No,No,28,Yes,Yes,Fiber optic,No,No,Yes,Yes,Yes,Yes,Month-to-month,Yes,Electronic check,103.3,2890.65,1,24-36,0,6,1,103.2375,2
7103-ZGVNT,Female,0,Yes,Yes,69,Yes,Yes,DSL,Yes,Yes,No,Yes,Yes,No,One year,No,Credit card (automatic),73.7,4885.85,0,60-72,0,6,1,70.80942028985508,1
3737-GCSPV,Female,0,Yes,No,11,Yes,Yes,Fiber optic,Yes,No,No,Yes,Yes,No,Month-to-month,Yes,Credit card (automatic),96.2,1222.05,1,0-12,0,5,1,111.09545454545454,2
2027-WKXMW,Female,0,Yes,No,63,Yes,Yes,Fiber optic,No,Yes,Yes,Yes,Yes,Yes,Month-to-month,Yes,Electronic check,108.75,6871.7,0,60-72,0,7,1,109.07460317460317,2
7137-NAXML,Male,0,No,No,23,Yes,No,No,No,No,No,No,No,No,One year,No,Bank transfer (automatic),20.15,405.6,0,12-24,0,1,0,17.63478260869565,1
2428-ZMCTB,Male,0,No,No,10,Yes,No,No,No,No,No,No,No,No,Month-to-month,No,Credit card (automatic),19.75,208.25,0,0-12,0,1,0,20.825,2
2961-VNFKL,Female,0,Yes,No,71,Yes,Yes,No,No,No,No,No,No,No,Two year,Yes,Credit card (automatic),25.95,1801.9,0,60-72,0,2,0,25.378873239436622,0
1768-HNVGJ,Female,1,No,No,45,Yes,Yes,DSL,Yes,No,No,Yes,No,Yes,Month-to-month,Yes,Electronic check,70.05,3062.45,0,36-48,0,5,1,68.05444444444444,2
6963-KQYQB,Female,0,Yes,Yes,70,Yes,Yes,No,No,No,No,No,No,No,Two year,No,Mailed check,24.05,1764.75,0,60-72,0,2,0,25.210714285714285,0
5934-RMPOV,Female,0,No,Yes,22,Yes,Yes,Fiber optic,No,No,No,No,No,Yes,Month-to-month,Yes,Electronic check,84.75,1816.75,0,12-24,0,3,1,82.57954545454545,2
1207-BLKSA,Female,0,Yes,Yes,52,Yes,Yes,No,No,No,No,No,No,No,Two year,No,Mailed check,23.05,1255.1,0,48-60,0,2,0,24.13653846153846,0
4088-YLDSU,Male,0,Yes,No,55,Yes,Yes,Fiber optic,No,No,Yes,Yes,Yes,Yes,One year,Yes,Electronic check,104.15,5743.05,1,48-60,0,6,1,104.41909090909091,1
8316-BBQAY,Female,0,No,No,65,No,No,DSL,Yes,No,Yes,Yes,Yes,Yes,Two year,No,Credit card (automatic),59.95,3921.1,0,60-72,0,5,0,60.324615384615385,0
1166-PQLGG,Female,0,Yes,Yes,72,Yes,No,No,No,No,No,No,No,No,Two year,No,Bank transfer (automatic),19.55,1463.45,0,60-72,0,1,0,20.325694444444444,0
3146-JTQHR,Male,0,Yes,No,10,Yes,No,No,No,No,No,No,No,No,One year,No,Bank transfer (automatic),19.6,189.45,0,0-12,0,1,0,18.945,1
4291-YZODP,Female,0,No,Yes,7,Yes,No,No,No,No,No,No,No,No,One year,No,Mailed check,20.05,96.8,0,0-12,0,1,0,13.828571428571427,1
4395-PZMSN,Male,1,No,No,5,Yes,No,Fiber optic,No,Yes,No,No,No,Yes,Month-to-month,Yes,Electronic check,85.55,408.5,0,0-12,1,3,1,81.7,2
6427-FEFIG,Female,0,Yes,Yes,24,Yes,Yes,DSL,Yes,No,Yes,No,Yes,Yes,Two year,No,Credit card (automatic),78.6,1846.65,0,12-24,0,6,1,76.94375000000001,0
0017-IUDMW,Female,0,Yes,Yes,72,Yes,Yes,Fiber optic,Yes,Yes,Yes,Yes,Yes,Yes,Two year,Yes,Credit card (automatic),116.8,8456.75,0,60-72,0,8,1,117.45486111111111,0
8706-HRADD,Male,0,No,No,21,No,No,DSL,Yes,No,No,Yes,Yes,No,Month-to-month,Yes,Mailed check,43.55,1011.5,0,12-24,0,3,0,48.166666666666664,2
9955-QOPOY,Male,0,Yes,No,69,No,No,DSL,No,Yes,Yes,Yes,Yes,Yes,One year,Yes,Credit card (automatic),60.8,4263.4,0,60-72,0,5,0,61.78840579710145,1
4385-ZKVNW,Male,0,Yes,Yes,44,Yes,No,DSL,No,Yes,No,Yes,No,No,Month-to-month,Yes,Bank transfer (automatic),54.9,2549.1,0,36-48,0,3,1,57.934090909090905,2
5446-DKWYW,Female,1,Yes,Yes,61,Yes,Yes,DSL,No,No,Yes,No,Yes,No,One year,Yes,Electronic check,65.2,3965.05,0,60-72,0,4,1,65.00081967213114,1
2034-CGRHZ,Male,1,No,No,24,Yes,Yes,Fiber optic,No,Yes,Yes,No,Yes,Yes,Month-to-month,Yes,Credit card (automatic),102.95,2496.7,1,12-24,0,6,1,104.02916666666665,2
5797-APWZC,Female,0,No,No,1,Yes,No,Fiber optic,No,No,No,No,Yes,Yes,Month-to-month,No,Electronic check,90.6,90.6,1,0-12,1,3,1,90.6,2
3683-QKIUE,Female,0,No,No,6,Yes,No,DSL,No,No,No,Yes,No,No,Month-to-month,Yes,Bank transfer (automatic),50.8,288.05,1,0-12,1,2,1,48.00833333333333,2
4228-ZGYUW,Male,0,No,No,4,Yes,Yes,Fiber optic,No,Yes,No,No,No,Yes,Month-to-month,Yes,Electronic check,90.05,368.1,1,0-12,1,4,1,92.025,2
9031-ZVQPT,Male,0,Yes,No,72,Yes,Yes,Fiber optic,No,Yes,Yes,Yes,Yes,Yes,Two year,Yes,Electronic check,108.2,7840.6,0,60-72,0,7,1,108.89722222222223,0
2990-IAJSV,Male,0,No,No,72,Yes,Yes,DSL,Yes,Yes,Yes,Yes,Yes,Yes,Two year,No,Bank transfer (automatic),92.0,6632.75,0,60-72,0,8,1,92.12152777777777,0
8107-KNCIM,Male,1,Yes,No,14,Yes,Yes,Fiber optic,No,No,No,No,No,No,Month-to-month,Yes,Electronic check,75.1,1013.35,0,12-24,0,2,1,72.38214285714285,2
9027-YFHQJ,Male,0,No,No,7,Yes,Yes,No,No,No,No,No,No,No,Month-to-month,Yes,Bank transfer (automatic),25.05,152.95,0,0-12,0,2,0,21.849999999999998,2
5176-LDKUH,Female,0,No,No,48,Yes,No,Fiber optic,No,Yes,No,No,No,No,One year,No,Electronic check,75.15,3772.65,0,36-48,0,2,1,78.596875,1
4644-OBGFZ,Male,0,Yes,Yes,55,Yes,No,No,No,No,No,No,No,No,One year,No,Mailed check,19.5,1026.35,0,48-60,0,1,0,18.66090909090909,1
7926-IJOOU,Male,0,No,No,1,Yes,No,No,No,No,No,No,No,No,Month-to-month,No,Credit card (automatic),19.3,19.3,0,0-12,1,1,0,19.3,2
6480-YAGIY,Male,0,No,No,45,Yes,No,Fiber optic,Yes,Yes,Yes,Yes,Yes,Yes,One year,No,Credit card (automatic),112.2,5031.85,0,36-48,0,7,1,111.81888888888889,1
4029-HPFVY,Male,0,No,No,3,Yes,No,Fiber optic,No,No,No,No,No,No,Month-to-month,Yes,Mailed check,70.3,220.4,0,0-12,1,1,1,73.46666666666667,2
7602-DBTOU,Female,0,Yes,No,71,Yes,No,No,No,No,No,No,No,No,Two year,No,Mailed check,19.6,1416.5,0,60-72,0,1,0,19.950704225352112,0
5345-BMKWB,Male,0,Yes,No,8,Yes,No,No,No,No,No,No,No,No,Month-to-month,No,Mailed check,20.25,158.35,0,0-12,0,1,0,19.79375,2
3519-ZKXGG,Female,0,Yes,No,3,Yes,Yes,Fiber optic,No,No,No,No,No,No,Month-to-month,Yes,Electronic check,75.85,256.6,1,0-12,1,2,1,85.53333333333335,2
5457-COLHT,Male,0,Yes,Yes,69,Yes,No,DSL,Yes,Yes,No,Yes,Yes,Yes,Two year,No,Bank transfer (automatic),80.65,5542.55,0,60-72,0,6,1,80.3268115942029,0
6416-TVAIH,Male,0,Yes,Yes,1,Yes,No,Fiber optic,No,No,No,No,No,No,Month-to-month,Yes,Electronic check,68.5,68.5,1,0-12,1,1,1,68.5,2
5451-YHYPW,Female,1,Yes,No,72,Yes,Yes,Fiber optic,Yes,Yes,Yes,Yes,Yes,Yes,Two year,Yes,Credit card (automatic),115.75,8443.7,0,60-72,0,8,1,117.27361111111112,0
5108-ADXWO,Male,0,No,No,11,Yes,No,Fiber optic,Yes,No,No,No,No,No,Month-to-month,Yes,Electronic check,73.5,791.75,1,0-12,0,2,1,71.97727272727273,2
7998-WNZEM,Male,0,No,No,71,Yes,Yes,DSL,Yes,Yes,Yes,Yes,No,Yes,Two year,No,Bank transfer (automatic),80.6,5708.2,0,60-72,0,7,1,80.39718309859154,0
3066-RRJIO,Female,0,No,No,1,Yes,No,Fiber optic,No,No,No,No,No,No,Month-to-month,Yes,Mailed check,69.95,69.95,1,0-12,1,1,1,69.95,2
4664-NJCMS,Female,0,Yes,No,33,No,No,DSL,Yes,No,Yes,Yes,Yes,Yes,Two year,No,Bank transfer (automatic),59.55,2016.3,0,24-36,0,5,0,61.1,0
0307-BCOPK,Female,0,No,No,16,Yes,No,No,No,No,No,No,No,No,One year,No,Mailed check,19.05,326.65,0,12-24,0,1,0,20.415625,1
7629-WFGLW,Female,1,Yes,No,56,Yes,Yes,Fiber optic,Yes,Yes,Yes,Yes,No,No,One year,No,Electronic check,95.65,5471.75,0,48-60,0,6,1,97.70982142857143,1
2542-HYGIQ,Female,0,No,No,1,Yes,No,No,No,No,No,No,No,No,Month-to-month,No,Credit card (automatic),19.95,19.95,0,0-12,1,1,0,19.95,2
6715-OFDBP,Male,0,No,No,5,Yes,No,DSL,No,No,Yes,No,Yes,Yes,Month-to-month,Yes,Electronic check,70.05,346.4,1,0-12,1,4,1,69.28,2
5016-LIPDW,Male,0,Yes,Yes,57,Yes,No,No,No,No,No,No,No,No,One year,No,Mailed check,19.4,1061.6,0,48-60,0,1,0,18.62456140350877,1
6481-LXPWL,Male,0,Yes,Yes,56,No,No,DSL,No,Yes,Yes,No,No,No,One year,Yes,Credit card (automatic),36.1,1971.5,0,48-60,0,2,0,35.205357142857146,1
1567-DSCIC,Male,0,No,No,8,Yes,Yes,Fiber optic,No,Yes,Yes,No,Yes,No,Month-to-month,Yes,Electronic check,94.0,773.65,1,0-12,0,5,1,96.70625,2
2150-UWTFY,Female,0,Yes,Yes,22,Yes,No,DSL,Yes,Yes,Yes,No,No,No,Month-to-month,No,Mailed check,61.15,1422.05,1,12-24,0,4,1,64.63863636363637,2
6124-ACRHJ,Female,0,No,No,1,Yes,No,No,No,No,No,No,No,No,Month-to-month,No,Mailed check,19.75,19.75,0,0-12,1,1,0,19.75,2
9362-MWODR,Female,0,No,Yes,40,Yes,No,DSL,Yes,No,No,Yes,Yes,No,Month-to-month,Yes,Credit card (automatic),64.1,2460.35,0,36-48,0,4,1,61.50875,2
9975-GPKZU,Male,0,Yes,Yes,46,Yes,No,No,No,No,No,No,No,No,Two year,No,Credit card (automatic),19.75,856.5,0,36-48,0,1,0,18.619565217391305,0
9625-RZFUK,Male,0,Yes,Yes,63,Yes,No,No,No,No,No,No,No,No,Two year,No,Mailed check,19.7,1275.85,0,60-72,0,1,0,20.2515873015873,0
5153-LXKDT,Male,0,Yes,Yes,68,Yes,Yes,Fiber optic,Yes,Yes,Yes,No,Yes,Yes,Two year,Yes,Electronic check,110.2,7467.5,0,60-72,0,7,1,109.81617647058823,0
5161-UBZXI,Male,0,Yes,Yes,69,Yes,No,Fiber optic,Yes,Yes,No,Yes,Yes,Yes,Two year,Yes,Credit card (automatic),106.35,7261.75,0,60-72,0,6,1,105.2427536231884,0
1020-JPQOW,Female,0,Yes,No,56,Yes,Yes,Fiber optic,No,Yes,Yes,Yes,No,No,Month-to-month,No,Electronic check,90.55,5116.6,0,48-60,0,5,1,91.36785714285715,2
7919-ZODZZ,Female,0,Yes,Yes,10,Yes,No,DSL,No,Yes,Yes,No,No,Yes,One year,Yes,Mailed check,65.9,660.05,0,0-12,0,4,1,66.005,1
0565-JUPYD,Male,0,No,No,63,Yes,Yes,Fiber optic,Yes,Yes,Yes,Yes,Yes,No,One year,No,Credit card (automatic),104.5,6590.8,0,60-72,0,7,1,104.61587301587302,1
6867-ACCZI,Female,0,Yes,Yes,24,No,No,DSL,Yes,Yes,Yes,Yes,No,Yes,Two year,Yes,Mailed check,52.5,1208.15,0,12-24,0,5,0,50.33958333333334,0
5939-XAIXZ,Female,0,No,No,19,Yes,Yes,DSL,No,No,Yes,No,No,No,Month-to-month,Yes,Mailed check,56.1,1033.9,0,12-24,0,3,1,54.415789473684214,2
9054-FOWNV,Male,0,Yes,Yes,22,Yes,Yes,Fiber optic,No,No,Yes,No,Yes,No,Month-to-month,Yes,Electronic check,88.75,1885.15,0,12-24,0,4,1,85.68863636363636,2
2683-BPJSO,Male,0,Yes,No,29,Yes,Yes,Fiber optic,Yes,Yes,No,No,No,No,Month-to-month,Yes,Electronic check,84.45,2467.1,1,24-36,0,4,1,85.07241379310345,2
2157-MXBJS,Male,0,Yes,No,13,Yes,Yes,DSL,No,No,Yes,No,Yes,Yes,One year,Yes,Mailed check,75.3,989.45,1,12-24,0,5,1,76.11153846153846,1
8207-VVMYB,Female,0,Yes,No,70,Yes,Yes,No,No,No,No,No,No,No,Two year,Yes,Bank transfer (automatic),26.0,2006.95,0,60-72,0,2,0,28.670714285714286,0
9732-EQMWY,Female,0,Yes,No,49,Yes,No,Fiber optic,No,Yes,Yes,No,Yes,Yes,Month-to-month,No,Electronic check,99.4,5025.0,0,48-60,0,5,1,102.55102040816327,2
9360-AHGNL,Female,1,Yes,No,43,Yes,Yes,Fiber optic,Yes,No,Yes,Yes,Yes,Yes,One year,Yes,Mailed check,109.55,4830.25,1,36-48,0,7,1,112.3313953488372,1
1087-UDSIH,Female,0,No,No,3,Yes,No,No,No,No,No,No,No,No,Month-to-month,Yes,Mailed check,19.6,59.75,1,0-12,1,1,0,19.916666666666668,2
5269-NRGDP,Male,0,Yes,Yes,42,Yes,No,DSL,No,No,Yes,Yes,Yes,Yes,One year,No,Electronic check,73.15,3088.25,0,36-48,0,5,1,73.5297619047619,1
6195-MELTI,Male,0,No,No,57,Yes,No,DSL,No,Yes,No,Yes,No,No,One year,Yes,Mailed check,54.65,3134.7,0,48-60,0,3,1,54.99473684210526,1
5485-WUYWF,Male,1,No,No,2,Yes,No,DSL,Yes,No,Yes,No,Yes,No,Month-to-month,No,Bank transfer (automatic),66.4,94.55,1,0-12,1,4,1,47.275,2
2121-JAFOM,Female,0,Yes,No,72,Yes,Yes,Fiber optic,Yes,Yes,Yes,Yes,Yes,Yes,Two year,Yes,Credit card (automatic),115.55,8312.4,0,60-72,0,8,1,115.44999999999999,0
8818-DOPVL,Female,1,No,No,46,Yes,Yes,Fiber optic,No,Yes,Yes,No,Yes,Yes,Month-to-month,Yes,Electronic check,104.45,4863.85,0,36-48,0,6,1,105.7358695652174,2
2632-UCGVD,Male,1,Yes,No,66,Yes,Yes,Fiber optic,No,No,No,Yes,Yes,Yes,Month-to-month,Yes,Credit card (automatic),100.05,6871.9,1,60-72,0,5,1,104.11969696969696,2
5445-PZWGX,Male,0,No,No,62,Yes,Yes,Fiber optic,Yes,Yes,No,Yes,No,Yes,One year,No,Electronic check,102.0,6529.25,1,60-72,0,6,1,105.31048387096774,1
1227-UDMZR,Female,0,Yes,No,72,Yes,Yes,DSL,Yes,Yes,Yes,Yes,Yes,Yes,Two year,Yes,Bank transfer (automatic),91.15,6637.9,0,60-72,0,8,1,92.19305555555555,0
5198-HQAEN,Male,0,Yes,Yes,35,Yes,No,Fiber optic,No,Yes,No,Yes,Yes,No,One year,Yes,Electronic check,89.7,3165.6,0,24-36,0,4,1,90.44571428571429,1
9170-CCKOU,Male,0,Yes,No,17,Yes,Yes,Fiber optic,Yes,Yes,Yes,No,No,No,Month-to-month,No,Credit card (automatic),90.2,1454.15,1,12-24,0,5,1,85.53823529411765,2
2167-FQSTQ,Female,0,Yes,No,72,Yes,Yes,DSL,Yes,Yes,Yes,Yes,Yes,Yes,Two year,Yes,Electronic check,92.4,6786.1,0,60-72,0,8,1,94.2513888888889,0
2819-GWENI,Female,0,Yes,Yes,28,Yes,No,No,No,No,No,No,No,No,One year,No,Mailed check,19.9,543.0,0,24-36,0,1,0,19.392857142857142,1
1043-YCUTE,Male,0,Yes,No,56,Yes,Yes,No,No,No,No,No,No,No,Two year,Yes,Credit card (automatic),25.15,1327.15,1,48-60,0,2,0,23.699107142857144,0
3814-MLAXC,Female,0,No,No,31,Yes,Yes,Fiber optic,No,No,No,Yes,No,No,Month-to-month,Yes,Credit card (automatic),79.85,2404.15,1,24-36,0,3,1,77.55322580645162,2
3572-UUHRS,Male,0,No,No,45,Yes,No,No,No,No,No,No,No,No,One year,No,Bank transfer (automatic),18.85,867.3,0,36-48,0,1,0,19.273333333333333,1
2692-PFYTJ,Female,0,No,No,1,Yes,Yes,No,No,No,No,No,No,No,Month-to-month,Yes,Mailed check,25.75,25.75,0,0-12,1,2,0,25.75,2
1226-UDFZR,Female,0,No,No,2,Yes,No,DSL,No,Yes,No,No,No,No,Month-to-month,Yes,Mailed check,49.6,114.7,1,0-12,1,2,1,57.35,2
5955-EPOAZ,Female,0,No,No,6,Yes,No,No,No,No,No,No,No,No,Month-to-month,Yes,Mailed check,20.95,109.5,0,0-12,1,1,0,18.25,2
6821-JPCDC,Female,0,Yes,No,48,Yes,No,Fiber optic,No,Yes,Yes,No,Yes,Yes,One year,Yes,Electronic check,97.05,4692.95,0,36-48,0,5,1,97.76979166666666,1
8815-LMFLX,Male,0,Yes,Yes,25,Yes,Yes,No,No,No,No,No,No,No,Month-to-month,Yes,Bank transfer (automatic),25.4,546.85,0,24-36,0,2,0,21.874000000000002,2
9135-HSWOC,Male,0,Yes,Yes,64,Yes,No,No,No,No,No,No,No,No,Two year,Yes,Bank transfer (automatic),19.7,1274.05,0,60-72,0,1,0,19.90703125,0
8582-KRHPJ,Male,0,No,No,50,No,No,DSL,Yes,Yes,No,No,No,No,Month-to-month,Yes,Mailed check,35.0,1782.4,0,48-60,0,2,0,35.648,2
5811-IWXYM,Female,0,Yes,Yes,52,Yes,Yes,Fiber optic,No,No,Yes,No,Yes,Yes,One year,No,Bank transfer (automatic),101.25,5301.1,0,48-60,0,5,1,101.94423076923077,1
7044-YAACC,Male,1,Yes,No,4,Yes,No,Fiber optic,No,No,No,No,No,No,Month-to-month,Yes,Electronic check,70.2,280.35,0,0-12,1,1,1,70.0875,2
8189-XRIKE,Female,1,No,No,32,Yes,No,Fiber optic,No,No,No,No,Yes,Yes,Month-to-month,No,Electronic check,90.95,2897.95,0,24-36,0,3,1,90.5609375,2
1506-YJTYT,Male,0,Yes,Yes,45,Yes,Yes,DSL,Yes,Yes,No,Yes,Yes,No,Two year,No,Credit card (automatic),73.85,3371.0,0,36-48,0,6,1,74.91111111111111,0
4123-DVHPH,Male,0,Yes,No,9,Yes,Yes,Fiber optic,Yes,No,No,No,No,Yes,Month-to-month,Yes,Electronic check,88.05,801.3,0,0-12,0,4,1,89.03333333333333,2
6425-YQLLO,Female,1,Yes,No,66,Yes,Yes,Fiber optic,No,No,Yes,Yes,Yes,Yes,One year,Yes,Credit card (automatic),105.95,6975.25,1,60-72,0,6,1,105.68560606060606,1
5442-UTCVD,Male,0,No,Yes,3,Yes,Yes,Fiber optic,No,No,Yes,No,No,Yes,Month-to-month,No,Electronic check,91.85,257.05,1,0-12,1,4,1,85.68333333333334,2
2228-BZDEE,Female,0,No,No,54,Yes,No,No,No,No,No,No,No,No,Two year,No,Mailed check,20.1,1079.45,0,48-60,0,1,0,19.989814814814817,0
7734-DBOAI,Female,0,Yes,Yes,1,No,No,DSL,No,No,No,Yes,Yes,No,Month-to-month,No,Electronic check,40.1,40.1,1,0-12,1,2,0,40.1,2
2789-CZANW,Female,0,Yes,Yes,64,Yes,Yes,Fiber optic,Yes,Yes,No,Yes,Yes,Yes,Two year,No,Bank transfer (automatic),110.3,6997.3,0,60-72,0,7,1,109.3328125,0
2091-RFFBA,Female,1,No,No,31,Yes,Yes,Fiber optic,No,No,No,No,No,No,Month-to-month,Yes,Electronic check,73.9,2217.15,1,24-36,0,2,1,71.5209677419355,2
2114-MGINA,Female,0,No,No,14,Yes,No,Fiber optic,No,No,No,No,Yes,Yes,Month-to-month,Yes,Mailed check,89.8,1129.1,1,12-24,0,3,1,80.64999999999999,2
7596-LDUXP,Female,0,No,No,12,Yes,No,Fiber optic,Yes,No,No,No,Yes,No,One year,Yes,Credit card (automatic),85.15,979.05,0,0-12,0,3,1,81.58749999999999,1
3740-RLMVT,Male,1,Yes,No,67,Yes,No,DSL,Yes,Yes,No,Yes,No,No,One year,Yes,Bank transfer (automatic),60.95,4119.4,0,60-72,0,4,1,61.483582089552236,1
4489-SNOJF,Female,0,Yes,Yes,35,Yes,Yes,DSL,Yes,No,Yes,Yes,Yes,No,Month-to-month,No,Electronic check,72.25,2568.55,1,24-36,0,6,1,73.38714285714286,2
2192-OZITF,Female,0,No,No,45,Yes,Yes,DSL,Yes,No,No,Yes,No,Yes,Two year,No,Mailed check,73.55,3349.1,0,36-48,0,5,1,74.42444444444445,0
5651-CPDND,Male,0,No,No,10,Yes,No,DSL,No,No,No,No,No,No,Month-to-month,No,Mailed check,46.0,492.1,0,0-12,0,1,1,49.21,2
2186-QZEYA,Female,1,No,No,29,Yes,Yes,DSL,Yes,Yes,No,No,No,No,Month-to-month,Yes,Bank transfer (automatic),58.55,1718.95,0,24-36,0,4,1,59.27413793103448,2
1131-ALZWV,Female,0,No,No,24,Yes,Yes,No,No,No,No,No,No,No,One year,No,Bank transfer (automatic),24.6,605.25,0,12-24,0,2,0,25.21875,1
7729-XBTWX,Male,0,Yes,Yes,66,Yes,No,No,No,No,No,No,No,No,Two year,Yes,Mailed check,19.75,1344.5,0,60-72,0,1,0,20.37121212121212,0
9134-WYRVP,Male,0,No,No,51,Yes,No,Fiber optic,Yes,No,No,No,Yes,No,One year,No,Mailed check,86.35,4267.15,0,48-60,0,3,1,83.66960784313724,1
3284-SVCRO,Female,0,Yes,No,45,Yes,Yes,No,No,No,No,No,No,No,Two year,No,Mailed check,25.5,1121.05,0,36-48,0,2,0,24.912222222222223,0
9732-OUYRN,Female,0,Yes,No,49,Yes,No,No,No,No,No,No,No,No,One year,No,Credit card (automatic),19.0,918.7,0,48-60,0,1,0,18.748979591836736,1
0559-CKHUS,Female,0,Yes,No,29,Yes,No,No,No,No,No,No,No,No,Two year,Yes,Mailed check,19.55,521.8,0,24-36,0,1,0,17.99310344827586,0
2931-SVLTV,Male,0,Yes,Yes,40,Yes,Yes,Fiber optic,Yes,Yes,No,Yes,Yes,Yes,Month-to-month,Yes,Credit card (automatic),110.1,4469.1,0,36-48,0,7,1,111.7275,2
6899-PPEEA,Female,1,No,No,37,Yes,Yes,Fiber optic,No,No,No,No,Yes,Yes,Month-to-month,Yes,Electronic check,96.55,3580.3,1,36-48,0,4,1,96.76486486486488,2
7504-UWHNB,Male,0,No,No,25,Yes,No,Fiber optic,No,No,No,No,No,No,Month-to-month,No,Electronic check,69.75,1729.35,0,24-36,0,1,1,69.17399999999999,2
2582-FFFZR,Female,0,No,No,22,No,No,DSL,No,No,Yes,No,Yes,Yes,Month-to-month,Yes,Electronic check,50.6,1073.3,0,12-24,0,3,0,48.78636363636363,2
8908-NMQTX,Male,0,No,No,72,No,No,DSL,Yes,Yes,Yes,Yes,Yes,Yes,Two year,Yes,Bank transfer (automatic),65.6,4566.5,0,60-72,0,6,0,63.423611111111114,0
2187-LZGPL,Female,0,No,No,7,No,No,DSL,No,Yes,No,No,No,Yes,Month-to-month,Yes,Credit card (automatic),40.1,293.3,1,0-12,0,2,0,41.9,2
1431-AIDJQ,Male,0,Yes,Yes,33,Yes,No,DSL,No,Yes,Yes,Yes,Yes,Yes,Two year,No,Credit card (automatic),82.1,2603.1,0,24-36,0,6,1,78.88181818181818,0
6288-LBEAR,Female,0,No,No,23,Yes,No,Fiber optic,No,Yes,No,Yes,No,No,Month-to-month,Yes,Mailed check,79.1,1783.75,0,12-24,0,3,1,77.55434782608695,2
4597-NUCQV,Male,1,No,No,24,Yes,Yes,Fiber optic,No,Yes,No,No,Yes,Yes,Month-to-month,Yes,Electronic check,101.25,2440.15,1,12-24,0,5,1,101.67291666666667,2
9019-QVLZD,Female,0,No,No,1,Yes,No,Fiber optic,No,No,No,No,Yes,No,Month-to-month,No,Electronic check,79.55,79.55,1,0-12,1,2,1,79.55,2
8413-YNHNV,Male,0,No,No,69,Yes,Yes,DSL,Yes,Yes,Yes,Yes,Yes,Yes,Two year,No,Mailed check,90.65,6322.1,0,60-72,0,8,1,91.62463768115943,0
5808-TOTXO,Female,0,No,Yes,3,Yes,No,No,No,No,No,No,No,No,One year,Yes,Credit card (automatic),20.55,57.4,0,0-12,1,1,0,19.133333333333333,1
4369-NYSCF,Male,0,No,No,56,Yes,No,DSL,No,Yes,No,Yes,Yes,Yes,One year,Yes,Bank transfer (automatic),75.75,4284.65,0,48-60,0,5,1,76.51160714285713,1
6333-YDVLT,Male,0,No,No,65,Yes,Yes,Fiber optic,Yes,No,Yes,Yes,Yes,Yes,One year,Yes,Credit card (automatic),110.0,7138.65,0,60-72,0,7,1,109.8253846153846,1
5324-KTGCG,Male,0,Yes,No,71,Yes,No,No,No,No,No,No,No,No,One year,No,Electronic check,20.85,1539.75,0,60-72,0,1,0,21.68661971830986,1
5599-HVLTW,Female,1,No,No,14,Yes,Yes,Fiber optic,No,No,Yes,No,No,No,Month-to-month,Yes,Bank transfer (automatic),80.35,1058.1,0,12-24,0,3,1,75.57857142857142,2
7394-LWLYN,Female,0,No,No,2,Yes,No,Fiber optic,No,No,No,No,No,No,Month-to-month,Yes,Electronic check,70.15,123.8,0,0-12,1,1,1,61.9,2
3707-LRWZD,Female,0,No,No,32,Yes,Yes,Fiber optic,No,No,No,No,Yes,No,One year,No,Electronic check,84.05,2781.85,1,24-36,0,3,1,86.9328125,1
6873-UDNLD,Male,0,No,No,40,Yes,No,DSL,Yes,No,Yes,No,No,Yes,Month-to-month,No,Electronic check,67.45,2731.0,0,36-48,0,4,1,68.275,2
2700-LUEVA,Male,0,No,No,1,Yes,No,No,No,No,No,No,No,No,Month-to-month,No,Credit card (automatic),20.75,20.75,0,0-12,1,1,0,20.75,2
1455-ESIQH,Male,0,No,No,1,Yes,No,Fiber optic,No,No,No,No,Yes,Yes,Month-to-month,Yes,Electronic check,89.1,89.1,1,0-12,1,3,1,89.1,2
0958-YHXGP,Female,0,No,No,7,Yes,No,Fiber optic,No,No,No,No,No,No,Month-to-month,Yes,Mailed check,69.9,497.3,0,0-12,0,1,1,71.04285714285714,2
1101-SSWAG,Female,0,Yes,No,15,Yes,Yes,DSL,No,No,No,No,No,No,Month-to-month,Yes,Electronic check,51.1,711.15,0,12-24,0,2,1,47.41,2
2979-SXESE,Female,0,Yes,Yes,17,Yes,Yes,Fiber optic,Yes,No,Yes,No,Yes,No,Month-to-month,No,Electronic check,94.4,1607.2,1,12-24,0,5,1,94.54117647058824,2
4013-TLDHQ,Male,0,No,No,19,Yes,No,Fiber optic,No,Yes,Yes,No,No,No,Month-to-month,Yes,Electronic check,78.25,1490.95,1,12-24,0,3,1,78.47105263157896,2
5743-KHMNA,Male,0,No,No,71,Yes,Yes,No,No,No,No,No,No,No,Two year,No,Bank transfer (automatic),25.55,1898.1,0,60-72,0,2,0,26.733802816901406,0
4194-FJARJ,Female,0,Yes,Yes,54,Yes,Yes,DSL,Yes,No,No,Yes,No,No,Two year,No,Bank transfer (automatic),60.0,3273.95,0,48-60,0,4,1,60.6287037037037,0
5325-UWTWJ,Male,0,Yes,No,31,Yes,Yes,Fiber optic,Yes,Yes,No,Yes,No,No,Month-to-month,Yes,Credit card (automatic),90.55,2929.75,0,24-36,0,5,1,94.50806451612904,2
3969-GYXEL,Female,0,No,No,11,Yes,No,Fiber optic,Yes,No,No,No,No,No,Month-to-month,No,Electronic check,76.4,838.7,0,0-12,0,2,1,76.24545454545455,2
9208-OLGAQ,Female,1,No,No,18,Yes,No,Fiber optic,No,No,Yes,No,No,Yes,Month-to-month,Yes,Electronic check,84.95,1443.65,0,12-24,0,3,1,80.20277777777778,2
3244-CQPHU,Female,1,No,No,72,Yes,Yes,Fiber optic,Yes,Yes,No,Yes,Yes,Yes,Two year,Yes,Bank transfer (automatic),110.1,7746.7,0,60-72,0,7,1,107.59305555555555,0
2674-MLXMN,Female,1,No,No,71,Yes,Yes,Fiber optic,No,Yes,No,No,Yes,Yes,Month-to-month,Yes,Credit card (automatic),99.65,6951.15,0,60-72,0,5,1,97.90352112676055,2
9708-HPXWZ,Male,1,No,No,5,No,No,DSL,No,No,Yes,Yes,Yes,No,Month-to-month,No,Credit card (automatic),45.4,214.75,0,0-12,1,3,0,42.95,2
6992-TKNYO,Male,0,Yes,No,38,Yes,Yes,DSL,No,No,Yes,Yes,No,Yes,One year,No,Credit card (automatic),69.0,2669.45,0,36-48,0,5,1,70.2486842105263,1
4468-YDOVK,Male,0,No,Yes,5,Yes,No,DSL,No,No,No,Yes,No,No,Month-to-month,Yes,Bank transfer (automatic),48.65,235.2,0,0-12,1,2,1,47.04,2
3754-DXMRT,Male,1,No,No,2,Yes,No,DSL,No,No,No,No,No,No,Month-to-month,Yes,Electronic check,44.15,92.65,1,0-12,1,1,1,46.325,2
5792-JALQC,Female,1,No,No,52,Yes,Yes,DSL,Yes,No,Yes,No,No,No,Two year,No,Bank transfer (automatic),59.85,3103.25,0,48-60,0,4,1,59.67788461538461,0
7130-VTEWQ,Female,1,No,No,8,Yes,Yes,Fiber optic,No,No,No,No,No,No,Month-to-month,Yes,Electronic check,75.75,606.25,1,0-12,0,2,1,75.78125,2
2200-DSAAL,Female,0,No,No,68,Yes,Yes,DSL,No,Yes,Yes,No,Yes,Yes,Two year,Yes,Electronic check,80.65,5330.2,0,60-72,0,6,1,78.38529411764705,0
4302-ZYFEL,Male,0,Yes,Yes,69,Yes,No,No,No,No,No,No,No,No,One year,Yes,Credit card (automatic),20.55,1403.1,0,60-72,0,1,0,20.33478260869565,1
9351-LZYGF,Female,0,Yes,No,42,Yes,Yes,DSL,Yes,Yes,No,Yes,No,No,Month-to-month,Yes,Credit card (automatic),66.4,2727.8,0,36-48,0,5,1,64.94761904761906,2
4366-CTOUZ,Female,0,No,No,50,Yes,No,Fiber optic,No,Yes,No,Yes,Yes,Yes,Two year,Yes,Mailed check,100.2,5038.45,0,48-60,0,5,1,100.76899999999999,0
6121-VZNQB,Female,0,No,No,1,Yes,No,No,No,No,No,No,No,No,Month-to-month,Yes,Mailed check,19.1,19.1,1,0-12,1,1,0,19.1,2
7903-CMPEY,Male,1,Yes,No,1,Yes,Yes,Fiber optic,Yes,No,No,No,No,No,Month-to-month,Yes,Electronic check,80.3,80.3,1,0-12,1,3,1,80.3,2
1518-OMDIK,Male,0,Yes,No,33,Yes,No,DSL,No,No,No,No,No,No,Month-to-month,Yes,Credit card (automatic),44.55,1462.6,0,24-36,0,1,1,44.32121212121212,2
6671-NGWON,Female,0,No,No,7,Yes,No,No,No,No,No,No,No,No,Month-to-month,No,Mailed check,20.35,150.6,0,0-12,0,1,0,21.514285714285712,2
0595-ITUDF,Male,0,Yes,Yes,64,Yes,Yes,Fiber optic,Yes,Yes,Yes,No,No,No,Month-to-month,Yes,Electronic check,91.8,5960.5,0,60-72,0,5,1,93.1328125,2
6996-KNSML,Female,0,No,No,1,Yes,No,Fiber optic,No,No,Yes,No,No,No,Month-to-month,Yes,Electronic check,74.9,74.9,1,0-12,1,2,1,74.9,2
1955-IBMMB,Male,0,No,No,59,Yes,No,No,No,No,No,No,No,No,Two year,Yes,Bank transfer (automatic),20.2,1192.3,0,48-60,0,1,0,20.208474576271186,0
0096-BXERS,Female,0,Yes,No,6,Yes,Yes,DSL,No,No,No,No,No,No,Month-to-month,No,Electronic check,50.35,314.55,0,0-12,1,2,1,52.425000000000004,2
3806-YAZOV,Female,0,No,No,3,Yes,No,No,No,No,No,No,No,No,Month-to-month,No,Mailed check,18.8,56.0,0,0-12,1,1,0,18.666666666666668,2
7998-ZLXWN,Female,0,Yes,No,15,Yes,No,No,No,No,No,No,No,No,Month-to-month,No,Credit card (automatic),20.45,330.8,0,12-24,0,1,0,22.053333333333335,2
6253-WRFHY,Male,0,Yes,Yes,13,Yes,No,DSL,No,No,No,No,Yes,Yes,One year,Yes,Electronic check,64.75,877.35,0,12-24,0,3,1,67.48846153846154,1
9133-AYJZG,Female,0,No,No,23,Yes,Yes,Fiber optic,No,Yes,No,No,Yes,Yes,Month-to-month,Yes,Credit card (automatic),98.7,2249.1,0,12-24,0,5,1,97.78695652173913,2
2675-OTVVJ,Male,1,Yes,No,31,Yes,Yes,Fiber optic,Yes,No,No,No,Yes,No,Month-to-month,No,Electronic check,89.45,2807.65,0,24-36,0,4,1,90.56935483870969,2
8680-CGLTP,Male,0,No,No,29,Yes,No,DSL,Yes,Yes,No,Yes,No,No,One year,Yes,Electronic check,58.75,1696.2,0,24-36,0,4,1,58.4896551724138,1
8430-TWCBX,Female,0,Yes,No,49,Yes,No,No,No,No,No,No,No,No,One year,No,Credit card (automatic),20.7,1032.05,0,48-60,0,1,0,21.062244897959182,1
5018-GWURO,Female,0,Yes,No,56,Yes,Yes,Fiber optic,No,No,No,No,Yes,No,Month-to-month,Yes,Bank transfer (automatic),85.6,4902.8,0,48-60,0,3,1,87.55,2
6741-QRLUP,Female,0,No,No,63,Yes,Yes,DSL,Yes,Yes,Yes,Yes,No,Yes,Two year,Yes,Credit card (automatic),80.3,4995.35,0,60-72,0,7,1,79.29126984126985,0
4737-HOBAX,Male,0,Yes,No,63,Yes,Yes,DSL,No,No,Yes,Yes,Yes,Yes,Two year,No,Credit card (automatic),79.8,5034.05,0,60-72,0,6,1,79.90555555555555,0
0537-QYZZN,Male,1,Yes,Yes,24,Yes,Yes,Fiber optic,Yes,No,No,No,No,No,Month-to-month,Yes,Electronic check,79.85,1857.75,0,12-24,0,3,1,77.40625,2
3340-QBBFM,Male,1,Yes,No,36,Yes,No,DSL,No,No,Yes,Yes,No,No,One year,No,Credit card (automatic),54.1,1992.85,0,24-36,0,3,1,55.356944444444444,1
1704-NRWYE,Female,1,No,No,9,Yes,No,Fiber optic,No,No,No,No,Yes,No,Month-to-month,Yes,Electronic check,80.85,751.65,1,0-12,0,2,1,83.51666666666667,2
2592-SEIFQ,Male,0,No,No,3,No,No,DSL,No,No,No,No,No,No,Month-to-month,No,Electronic check,24.75,66.95,1,0-12,1,0,0,22.316666666666666,2
8200-KLNYW,Female,0,Yes,No,21,Yes,No,DSL,Yes,No,Yes,Yes,Yes,Yes,One year,No,Mailed check,80.9,1714.95,0,12-24,0,6,1,81.66428571428571,1
3372-CDXFJ,Male,0,Yes,Yes,13,Yes,Yes,No,No,No,No,No,No,No,One year,No,Bank transfer (automatic),24.5,343.6,0,12-24,0,2,0,26.430769230769233,1
4781-ZXYGU,Male,0,Yes,Yes,1,Yes,No,No,No,No,No,No,No,No,Month-to-month,Yes,Bank transfer (automatic),20.15,20.15,0,0-12,1,1,0,20.15,2
7632-YUTXB,Female,0,Yes,Yes,25,Yes,No,No,No,No,No,No,No,No,One year,No,Mailed check,20.05,520.1,0,24-36,0,1,0,20.804000000000002,1
2718-YSKCS,Male,0,Yes,Yes,71,Yes,No,No,No,No,No,No,No,No,Two year,Yes,Bank transfer (automatic),19.6,1387.45,0,60-72,0,1,0,19.541549295774647,0
9896-UYMIE,Male,0,No,No,66,Yes,Yes,Fiber optic,Yes,Yes,Yes,Yes,Yes,Yes,One year,Yes,Bank transfer (automatic),114.3,7383.7,0,60-72,0,8,1,111.87424242424242,1
0853-NWIFK,Female,0,No,No,45,Yes,No,Fiber optic,Yes,Yes,No,No,Yes,Yes,One year,Yes,Electronic check,100.3,4483.95,0,36-48,0,5,1,99.64333333333333,1
8212-CRQXP,Female,0,Yes,No,22,Yes,No,Fiber optic,No,No,No,No,Yes,No,Month-to-month,Yes,Credit card (automatic),80.0,1706.45,0,12-24,0,2,1,77.56590909090909,2
6980-CDGFC,Female,0,Yes,No,67,Yes,No,No,No,No,No,No,No,No,One year,Yes,Bank transfer (automatic),20.85,1327.4,0,60-72,0,1,0,19.811940298507466,1
7691-XVTZH,Female,0,Yes,No,68,Yes,Yes,Fiber optic,No,No,Yes,No,Yes,No,Two year,Yes,Bank transfer (automatic),89.95,5974.3,0,60-72,0,4,1,87.85735294117647,0
2520-SGTTA,Female,0,Yes,Yes,0,Yes,No,No,No,No,No,No,No,No,Two year,No,Mailed check,20.0,0.0,0,0-12,1,1,0,20.0,0
7481-ATQQS,Female,1,No,No,49,Yes,Yes,Fiber optic,No,No,Yes,No,No,Yes,Month-to-month,Yes,Credit card (automatic),90.85,4515.85,1,48-60,0,4,1,92.16020408163266,2
2277-VWCNI,Female,1,No,No,4,Yes,Yes,DSL,No,No,No,No,No,No,Month-to-month,No,Mailed check,48.75,179.85,0,0-12,1,2,1,44.9625,2
1088-CNNKB,Male,0,Yes,No,63,Yes,Yes,DSL,Yes,Yes,Yes,Yes,No,Yes,One year,No,Credit card (automatic),80.0,5040.2,0,60-72,0,7,1,80.0031746031746,1
8642-GVWRF,Female,0,Yes,No,2,Yes,No,Fiber optic,No,Yes,Yes,No,No,No,Month-to-month,No,Bank transfer (automatic),79.7,165.0,1,0-12,1,3,1,82.5,2
1930-BZLHI,Male,0,No,No,21,Yes,No,No,No,No,No,No,No,No,One year,Yes,Mailed check,20.35,422.7,0,12-24,0,1,0,20.128571428571426,1
3400-ESFUW,Male,0,Yes,Yes,55,Yes,No,DSL,Yes,Yes,No,Yes,No,No,Two year,No,Bank transfer (automatic),57.55,3046.4,1,48-60,0,4,1,55.38909090909091,0
5868-YTYKS,Male,0,No,Yes,1,Yes,No,No,No,No,No,No,No,No,Month-to-month,Yes,Mailed check,20.25,20.25,0,0-12,1,1,0,20.25,2
3525-DVKFN,Female,0,No,No,17,Yes,No,No,No,No,No,No,No,No,Two year,No,Mailed check,19.4,358.05,0,12-24,0,1,0,21.061764705882354,0
1482-OXZSY,Male,0,No,No,30,Yes,Yes,Fiber optic,Yes,No,No,No,Yes,Yes,Month-to-month,Yes,Bank transfer (automatic),100.4,2936.25,0,24-36,0,5,1,97.875,2
0377-JBKKT,Male,0,Yes,Yes,22,Yes,No,DSL,Yes,Yes,No,Yes,No,No,Month-to-month,Yes,Mailed check,57.95,1271.8,0,12-24,0,4,1,57.809090909090905,2
5778-BVOFB,Female,0,No,No,9,Yes,No,DSL,No,No,No,Yes,Yes,No,Month-to-month,Yes,Bank transfer (automatic),59.5,530.05,0,0-12,0,3,1,58.89444444444444,2
3373-YZZYM,Male,0,Yes,Yes,1,Yes,No,No,No,No,No,No,No,No,Month-to-month,No,Mailed check,19.2,19.2,0,0-12,1,1,0,19.2,2
2057-ZBLPD,Female,0,Yes,No,21,Yes,Yes,Fiber optic,No,No,No,No,No,Yes,Month-to-month,Yes,Electronic check,86.5,1808.7,1,12-24,0,3,1,86.12857142857143,2
0228-MAUWC,Male,0,No,No,19,Yes,Yes,DSL,No,No,Yes,Yes,No,No,Month-to-month,No,Electronic check,59.55,1144.6,0,12-24,0,4,1,60.24210526315789,2
5502-RLUYV,Female,0,Yes,Yes,69,Yes,Yes,Fiber optic,No,Yes,Yes,No,Yes,Yes,Month-to-month,Yes,Electronic check,103.95,7446.9,1,60-72,0,6,1,107.92608695652173,2
0023-HGHWL,Male,1,No,No,1,No,No,DSL,No,No,No,No,No,No,Month-to-month,Yes,Electronic check,25.1,25.1,1,0-12,1,0,0,25.1,2
7663-YJHSN,Female,0,Yes,No,72,Yes,Yes,Fiber optic,Yes,Yes,Yes,Yes,Yes,No,Two year,Yes,Bank transfer (automatic),103.95,7556.9,0,60-72,0,7,1,104.95694444444445,0
4915-BFSXL,Male,0,Yes,Yes,70,Yes,Yes,DSL,Yes,No,Yes,No,Yes,No,Two year,No,Credit card (automatic),68.95,4858.7,0,60-72,0,5,1,69.41,0
3086-RUCRN,Female,0,No,No,66,Yes,Yes,Fiber optic,Yes,Yes,Yes,Yes,No,Yes,Month-to-month,Yes,Bank transfer (automatic),103.1,6595.0,0,60-72,0,7,1,99.92424242424242,2
5215-LNLDJ,Female,0,Yes,Yes,7,No,No,DSL,No,No,No,No,No,No,Month-to-month,Yes,Electronic check,24.7,149.05,0,0-12,0,0,0,21.292857142857144,2
7576-JMYWV,Female,1,Yes,Yes,46,Yes,Yes,Fiber optic,Yes,Yes,No,Yes,Yes,Yes,Month-to-month,Yes,Electronic check,110.2,4972.1,0,36-48,0,7,1,108.08913043478262,2
9039-RBEEE,Male,0,No,No,39,No,No,DSL,Yes,Yes,No,Yes,Yes,No,Month-to-month,Yes,Credit card (automatic),48.95,1880.85,1,36-48,0,4,0,48.22692307692307,2
0257-KXZGU,Female,0,Yes,Yes,32,Yes,Yes,DSL,No,Yes,Yes,No,No,No,Month-to-month,No,Bank transfer (automatic),62.45,2045.55,0,24-36,0,4,1,63.9234375,2
1307-ATKGB,Male,0,No,No,24,Yes,No,Fiber optic,No,Yes,Yes,No,No,Yes,Month-to-month,Yes,Electronic check,89.55,2187.15,0,12-24,0,4,1,91.13125000000001,2
8417-FMLZI,Male,0,Yes,Yes,6,Yes,No,Fiber optic,No,Yes,No,No,No,Yes,Month-to-month,Yes,Credit card (automatic),83.55,477.55,1,0-12,1,3,1,79.59166666666667,2
3714-XPXBW,Female,0,No,No,37,Yes,Yes,DSL,Yes,Yes,Yes,Yes,Yes,No,Month-to-month,Yes,Credit card (automatic),78.9,2976.95,0,36-48,0,7,1,80.4581081081081,2
1850-AKQEP,Male,0,No,Yes,8,Yes,No,No,No,No,No,No,No,No,Month-to-month,No,Mailed check,20.35,178.7,0,0-12,0,1,0,22.3375,2
2824-DXNKN,Female,0,Yes,Yes,72,Yes,Yes,DSL,Yes,No,Yes,No,Yes,No,Two year,Yes,Bank transfer (automatic),71.45,5025.85,0,60-72,0,5,1,69.80347222222223,0
5227-JSCFE,Male,1,Yes,No,71,No,No,DSL,Yes,Yes,Yes,Yes,No,No,Two year,No,Credit card (automatic),46.35,3353.4,0,60-72,0,4,0,47.23098591549296,0
0848-ZGQIJ,Female,0,Yes,No,16,Yes,No,Fiber optic,No,Yes,No,No,Yes,Yes,Month-to-month,Yes,Bank transfer (automatic),94.65,1461.15,0,12-24,0,4,1,91.321875,2
3621-CHYVB,Female,0,Yes,No,57,No,No,DSL,Yes,No,Yes,Yes,No,Yes,Month-to-month,Yes,Bank transfer (automatic),49.9,2782.4,0,48-60,0,4,0,48.8140350877193,2
8042-RNLKO,Male,0,No,No,66,Yes,Yes,No,No,No,No,No,No,No,One year,No,Bank transfer (automatic),25.45,1699.15,0,60-72,0,2,0,25.74469696969697,1
1792-UXAFY,Female,1,No,No,17,Yes,No,Fiber optic,No,Yes,Yes,No,Yes,No,Month-to-month,Yes,Electronic check,89.15,1496.9,1,12-24,0,4,1,88.0529411764706,2
5372-FBKBN,Female,0,No,Yes,21,Yes,No,No,No,No,No,No,No,No,Month-to-month,No,Mailed check,20.75,452.2,0,12-24,0,1,0,21.53333333333333,2
0420-TXVSG,Male,0,Yes,No,66,Yes,Yes,DSL,Yes,Yes,Yes,No,No,No,Two year,Yes,Credit card (automatic),66.1,4428.45,0,60-72,0,5,1,67.09772727272727,0
6217-TOWGS,Female,0,Yes,No,17,Yes,Yes,DSL,No,Yes,No,No,Yes,Yes,Month-to-month,Yes,Bank transfer (automatic),75.4,1322.55,0,12-24,0,5,1,77.79705882352941,2
0515-YPMCW,Male,0,No,Yes,1,Yes,No,Fiber optic,No,No,No,No,No,No,Month-to-month,Yes,Mailed check,70.45,70.45,1,0-12,1,1,1,70.45,2
0378-XSZPU,Male,0,Yes,No,58,Yes,No,DSL,Yes,Yes,Yes,No,No,No,One year,No,Credit card (automatic),60.3,3563.8,1,48-60,0,4,1,61.4448275862069,1
1045-LTCYT,Female,0,Yes,Yes,8,Yes,No,No,No,No,No,No,No,No,Month-to-month,No,Credit card (automatic),21.05,139.75,0,0-12,0,1,0,17.46875,2
1544-JJMYL,Male,0,No,No,27,Yes,No,DSL,Yes,No,Yes,Yes,Yes,No,One year,No,Credit card (automatic),69.35,1927.3,0,24-36,0,5,1,71.38148148148149,1
4636-JGAAI,Male,0,Yes,No,34,Yes,Yes,Fiber optic,No,Yes,No,No,No,Yes,Month-to-month,No,Mailed check,88.85,3000.25,0,24-36,0,4,1,88.24264705882354,2
6874-SGLHU,Male,0,No,No,30,Yes,No,Fiber optic,No,Yes,No,No,Yes,Yes,One year,Yes,Bank transfer (automatic),97.0,3021.3,0,24-36,0,4,1,100.71000000000001,1
5951-AOFIH,Male,0,No,No,33,Yes,No,DSL,No,Yes,Yes,No,Yes,No,Month-to-month,Yes,Credit card (automatic),66.4,2245.4,0,24-36,0,4,1,68.04242424242425,2
4729-XKASR,Male,0,No,Yes,1,No,No,DSL,No,No,No,No,No,No,Month-to-month,No,Electronic check,24.75,24.75,1,0-12,1,0,0,24.75,2
3059-NGMXB,Male,0,Yes,Yes,14,Yes,Yes,DSL,Yes,Yes,No,No,No,Yes,Month-to-month,No,Mailed check,69.2,944.65,0,12-24,0,5,1,67.475,2
8652-YHIYU,Female,0,No,Yes,16,Yes,Yes,Fiber optic,No,No,No,Yes,No,No,One year,Yes,Credit card (automatic),79.5,1264.2,0,12-24,0,3,1,79.0125,1
5278-PNYOX,Female,0,No,No,49,Yes,No,Fiber optic,No,No,Yes,Yes,Yes,Yes,Two year,No,Credit card (automatic),100.65,4917.75,0,48-60,0,5,1,100.36224489795919,0
5449-FIBXJ,Male,0,Yes,Yes,19,Yes,Yes,Fiber optic,No,No,Yes,Yes,Yes,Yes,Month-to-month,No,Electronic check,103.3,2012.7,1,12-24,0,6,1,105.93157894736842,2
3486-HOOGQ,Female,0,Yes,Yes,70,Yes,Yes,DSL,Yes,Yes,Yes,Yes,Yes,No,Two year,No,Bank transfer (automatic),79.7,5743.3,0,60-72,0,7,1,82.04714285714286,0
5061-PBXFW,Female,0,Yes,Yes,32,Yes,No,DSL,Yes,Yes,No,Yes,No,No,Month-to-month,No,Bank transfer (automatic),61.4,1864.65,0,24-36,0,4,1,58.2703125,2
8630-FJLIB,Female,0,No,No,18,Yes,No,Fiber optic,No,No,No,No,No,No,Month-to-month,Yes,Electronic check,69.8,1221.65,0,12-24,0,1,1,67.86944444444445,2
3891-NLXJB,Male,0,No,No,37,No,No,DSL,Yes,Yes,No,Yes,No,No,Two year,Yes,Mailed check,40.55,1390.85,0,36-48,0,3,0,37.59054054054054,0
4749-OJKQU,Female,0,No,No,4,Yes,Yes,Fiber optic,No,No,No,No,No,No,Month-to-month,Yes,Electronic check,75.65,302.35,0,0-12,1,2,1,75.5875,2
0577-WHMEV,Female,0,Yes,No,16,Yes,Yes,Fiber optic,Yes,Yes,Yes,No,No,No,Month-to-month,No,Electronic check,90.7,1374.9,0,12-24,0,5,1,85.93125,2
5453-AXEPF,Male,0,Yes,No,17,Yes,Yes,Fiber optic,No,Yes,No,No,No,No,Month-to-month,Yes,Bank transfer (automatic),80.5,1336.9,0,12-24,0,3,1,78.64117647058823,2
3639-XJHKQ,Female,0,No,Yes,19,Yes,No,DSL,Yes,Yes,Yes,No,No,No,Month-to-month,Yes,Electronic check,60.6,1297.8,0,12-24,0,4,1,68.30526315789473,2
3716-LRGXK,Male,0,Yes,No,60,Yes,Yes,Fiber optic,No,No,Yes,No,Yes,Yes,Two year,No,Credit card (automatic),101.15,6067.4,0,48-60,0,5,1,101.12333333333332,0
2263-SFSQZ,Male,0,Yes,Yes,51,Yes,Yes,No,No,No,No,No,No,No,Two year,Yes,Mailed check,24.95,1222.25,0,48-60,0,2,0,23.965686274509803,0
9950-MTGYX,Male,0,Yes,Yes,28,Yes,No,No,No,No,No,No,No,No,Two year,Yes,Credit card (automatic),20.3,487.95,0,24-36,0,1,0,17.426785714285714,0
3397-AVTKU,Male,0,No,No,43,Yes,No,DSL,No,Yes,No,No,No,Yes,Two year,Yes,Electronic check,60.0,2548.55,0,36-48,0,3,1,59.268604651162796,0
4825-FUREZ,Male,0,Yes,No,42,Yes,No,No,No,No,No,No,No,No,Two year,No,Electronic check,20.25,835.5,0,36-48,0,1,0,19.892857142857142,0
9837-BMCLM,Male,0,No,No,3,Yes,No,Fiber optic,No,No,No,No,Yes,No,Month-to-month,Yes,Electronic check,78.5,242.05,1,0-12,1,2,1,80.68333333333334,2
2672-OJQZP,Female,0,No,No,1,Yes,No,DSL,No,No,No,No,No,No,Month-to-month,No,Mailed check,44.75,44.75,0,0-12,1,1,1,44.75,2
0137-UDEUO,Female,0,No,No,3,Yes,No,No,No,No,No,No,No,No,Month-to-month,No,Mailed check,19.85,63.75,1,0-12,1,1,0,21.25,2
3134-DSHVC,Female,0,No,No,63,Yes,Yes,Fiber optic,Yes,Yes,Yes,No,Yes,No,Two year,No,Credit card (automatic),98.0,6218.45,0,60-72,0,6,1,98.70555555555555,0
6161-UUUTA,Male,1,No,No,3,Yes,No,Fiber optic,No,No,No,No,Yes,No,Month-to-month,Yes,Electronic check,79.9,260.9,1,0-12,1,2,1,86.96666666666665,2
7821-DPRQE,Male,0,Yes,No,68,Yes,Yes,Fiber optic,Yes,Yes,No,Yes,Yes,Yes,Month-to-month,Yes,Electronic check,107.7,7320.9,0,60-72,0,7,1,107.66029411764706,2
6543-XRMYR,Female,1,No,No,30,Yes,Yes,Fiber optic,No,Yes,No,No,Yes,Yes,Month-to-month,Yes,Electronic check,99.7,2967.35,1,24-36,0,5,1,98.91166666666666,2
2001-EWBQU,Female,0,No,No,60,Yes,Yes,Fiber optic,No,Yes,Yes,No,Yes,Yes,Two year,No,Electronic check,104.7,6333.8,0,48-60,0,6,1,105.56333333333333,0
4925-LMHOK,Male,0,No,No,15,Yes,Yes,DSL,No,Yes,No,Yes,No,No,Month-to-month,Yes,Credit card (automatic),58.6,939.7,1,12-24,0,4,1,62.64666666666667,2
1608-GMEWB,Male,1,No,No,45,Yes,Yes,Fiber optic,No,No,No,No,Yes,Yes,Month-to-month,Yes,Bank transfer (automatic),93.9,4200.25,0,36-48,0,4,1,93.33888888888889,2
6695-AMZUF,Female,0,Yes,No,70,Yes,No,DSL,Yes,Yes,Yes,Yes,Yes,Yes,Two year,No,Credit card (automatic),86.45,5950.2,0,60-72,0,7,1,85.00285714285714,0
1455-UGQVH,Male,0,Yes,No,10,Yes,Yes,Fiber optic,No,No,Yes,No,Yes,Yes,Month-to-month,Yes,Electronic check,98.5,1037.75,1,0-12,0,5,1,103.775,2
8410-BGQXN,Male,0,No,No,4,Yes,No,No,No,No,No,No,No,No,Month-to-month,No,Mailed check,19.4,93.4,0,0-12,1,1,0,23.35,2
8280-MQRQN,Female,0,No,No,1,Yes,No,DSL,No,No,Yes,No,No,No,Month-to-month,Yes,Mailed check,50.45,50.45,1,0-12,1,2,1,50.45,2
1619-YWUBB,Female,0,Yes,No,68,Yes,Yes,No,No,No,No,No,No,No,Two year,Yes,Credit card (automatic),24.95,1614.9,0,60-72,0,2,0,23.748529411764707,0
7611-YKYTC,Male,0,Yes,Yes,22,Yes,No,Fiber optic,Yes,No,No,No,No,No,Month-to-month,No,Bank transfer (automatic),75.0,1573.95,0,12-24,0,2,1,71.54318181818182,2
2037-SGXHH,Male,0,Yes,Yes,38,Yes,Yes,Fiber optic,No,Yes,Yes,No,Yes,No,Month-to-month,Yes,Electronic check,94.65,3624.3,1,36-48,0,5,1,95.3763157894737,2
3178-FESZO,Female,0,No,No,1,Yes,Yes,Fiber optic,No,Yes,No,No,Yes,Yes,Month-to-month,Yes,Credit card (automatic),100.25,100.25,1,0-12,1,5,1,100.25,2
0365-GXEZS,Male,0,Yes,No,18,Yes,No,Fiber optic,No,No,Yes,Yes,No,No,Month-to-month,No,Electronic check,78.2,1468.75,0,12-24,0,3,1,81.59722222222223,2
0082-OQIQY,Male,0,No,No,29,Yes,No,Fiber optic,No,No,No,Yes,Yes,Yes,Month-to-month,Yes,Electronic check,94.2,2607.6,0,24-36,0,4,1,89.91724137931034,2
6087-MVHJH,Female,0,No,No,16,Yes,Yes,Fiber optic,No,No,Yes,No,No,Yes,Month-to-month,Yes,Electronic check,88.45,1422.1,1,12-24,0,4,1,88.88125,2
4603-JANFB,Male,0,No,No,1,Yes,No,Fiber optic,No,No,No,No,No,No,Month-to-month,Yes,Electronic check,69.85,69.85,1,0-12,1,1,1,69.85,2
3018-TFTSU,Male,0,No,No,12,Yes,No,Fiber optic,Yes,No,Yes,No,No,No,Month-to-month,No,Bank transfer (automatic),81.7,858.6,1,0-12,0,3,1,71.55,2
3606-SBKRY,Male,0,No,No,31,No,No,DSL,No,No,Yes,No,Yes,Yes,One year,Yes,Electronic check,50.05,1523.4,0,24-36,0,3,0,49.141935483870974,1
4806-KEXQR,Male,0,No,No,4,Yes,No,Fiber optic,No,No,No,No,No,Yes,Month-to-month,Yes,Electronic check,79.9,324.3,1,0-12,1,2,1,81.075,2
0667-NSRGI,Female,0,Yes,No,48,Yes,Yes,DSL,No,No,Yes,Yes,No,Yes,One year,Yes,Mailed check,69.55,3435.6,0,36-48,0,5,1,71.575,1
7083-YNSKY,Female,0,No,No,15,Yes,Yes,No,No,No,No,No,No,No,Month-to-month,Yes,Credit card (automatic),25.4,399.6,1,12-24,0,2,0,26.64,2
6893-ODYYE,Male,0,No,No,50,Yes,No,Fiber optic,Yes,Yes,Yes,Yes,No,No,One year,Yes,Credit card (automatic),90.1,4549.45,0,48-60,0,5,1,90.98899999999999,1
8242-JSVBO,Male,0,No,No,7,Yes,No,DSL,No,No,No,No,No,No,Month-to-month,Yes,Bank transfer (automatic),44.65,322.5,0,0-12,0,1,1,46.07142857142857,2
2479-BRAMR,Male,1,Yes,No,41,Yes,Yes,Fiber optic,Yes,No,Yes,No,No,No,Month-to-month,Yes,Bank transfer (automatic),83.75,3273.55,1,36-48,0,4,1,79.84268292682927,2
9541-ZPSEA,Male,0,Yes,Yes,68,Yes,No,Fiber optic,Yes,No,Yes,No,No,No,Two year,No,Credit card (automatic),80.35,5375.15,0,60-72,0,3,1,79.04632352941177,0
2665-NPTGL,Female,1,Yes,No,26,Yes,Yes,Fiber optic,No,No,Yes,No,Yes,Yes,Month-to-month,Yes,Bank transfer (automatic),98.1,2510.7,0,24-36,0,5,1,96.5653846153846,2
1139-WUOAH,Male,0,No,No,57,No,No,DSL,No,No,Yes,Yes,Yes,Yes,Two year,No,Credit card (automatic),53.35,3090.05,0,48-60,0,4,0,54.21140350877193,0
4693-VWVBO,Female,0,No,No,3,Yes,No,No,No,No,No,No,No,No,Month-to-month,No,Electronic check,19.55,61.05,0,0-12,1,1,0,20.349999999999998,2
7434-SHXLS,Female,0,No,No,1,Yes,No,No,No,No,No,No,No,No,Month-to-month,No,Mailed check,20.9,20.9,1,0-12,1,1,0,20.9,2
6937-GCDGQ,Male,0,Yes,Yes,19,Yes,No,DSL,Yes,No,No,No,No,No,One year,Yes,Bank transfer (automatic),48.95,955.6,0,12-24,0,2,1,50.294736842105266,1
0988-JRWWP,Female,0,No,No,3,Yes,No,DSL,No,No,No,No,Yes,No,Month-to-month,Yes,Electronic check,54.2,140.4,0,0-12,1,2,1,46.800000000000004,2
5075-JSDKI,Female,0,No,No,59,Yes,Yes,No,No,No,No,No,No,No,Two year,No,Electronic check,24.45,1493.1,0,48-60,0,2,0,25.306779661016947,0
7908-QCBCA,Female,0,Yes,No,1,Yes,No,Fiber optic,No,No,No,No,No,No,Month-to-month,Yes,Mailed check,69.4,69.4,1,0-12,1,1,1,69.4,2
8644-XYTSV,Male,0,Yes,No,42,No,No,DSL,Yes,No,No,No,Yes,No,Month-to-month,Yes,Bank transfer (automatic),40.15,1626.05,0,36-48,0,2,0,38.71547619047619,2
6711-FLDFB,Female,0,No,No,7,Yes,Yes,Fiber optic,No,No,No,No,No,No,Month-to-month,Yes,Electronic check,74.9,541.15,1,0-12,0,2,1,77.30714285714285,2
3873-WOSBC,Male,0,Yes,No,67,Yes,Yes,No,No,No,No,No,No,No,Two year,No,Credit card (automatic),25.6,1784.9,0,60-72,0,2,0,26.64029850746269,0
7465-ZZRVX,Male,0,No,No,1,Yes,No,Fiber optic,No,No,No,No,No,No,Month-to-month,Yes,Electronic check,70.35,70.35,0,0-12,1,1,1,70.35,2
7975-JMZNT,Male,0,Yes,No,66,Yes,Yes,DSL,Yes,Yes,Yes,Yes,Yes,Yes,Two year,No,Bank transfer (automatic),91.7,6075.9,0,60-72,0,8,1,92.0590909090909,0
7251-XFOIL,Female,0,No,No,61,Yes,Yes,Fiber optic,No,No,Yes,No,No,Yes,Month-to-month,No,Mailed check,89.2,5500.6,0,60-72,0,4,1,90.17377049180328,2
4116-IQRFR,Male,0,Yes,Yes,4,Yes,Yes,No,No,No,No,No,No,No,One year,No,Credit card (automatic),24.1,73.1,0,0-12,1,2,0,18.275,1
3714-JTVOV,Female,1,Yes,No,42,Yes,No,Fiber optic,Yes,No,No,No,No,No,Month-to-month,Yes,Credit card (automatic),74.15,3229.4,1,36-48,0,2,1,76.89047619047619,2
8259-DZLIZ,Female,0,Yes,Yes,64,Yes,Yes,DSL,No,Yes,No,No,No,No,One year,Yes,Bank transfer (automatic),53.85,3399.85,0,60-72,0,3,1,53.12265625,1
0442-ZXKVS,Female,1,Yes,No,54,Yes,Yes,Fiber optic,Yes,Yes,Yes,Yes,Yes,Yes,One year,Yes,Bank transfer (automatic),115.6,6431.05,0,48-60,0,8,1,119.09351851851852,1
7853-WNZSY,Male,0,No,No,1,Yes,No,No,No,No,No,No,No,No,Month-to-month,Yes,Credit card (automatic),19.75,19.75,0,0-12,1,1,0,19.75,2
3120-FAZKD,Male,0,Yes,Yes,54,Yes,Yes,No,No,No,No,No,No,No,Two year,Yes,Bank transfer (automatic),24.05,1230.9,0,48-60,0,2,0,22.794444444444448,0
8606-OEGQZ,Female,0,No,Yes,18,Yes,Yes,No,No,No,No,No,No,No,Two year,No,Credit card (automatic),25.3,454.65,0,12-24,0,2,0,25.258333333333333,0
0225-ZORZP,Male,0,No,No,3,Yes,No,Fiber optic,No,Yes,No,No,No,Yes,Month-to-month,No,Electronic check,84.3,235.05,0,0-12,1,3,1,78.35000000000001,2
4702-IOQDC,Female,0,No,No,1,Yes,No,Fiber optic,No,No,No,No,No,No,Month-to-month,Yes,Electronic check,70.1,70.1,1,0-12,1,1,1,70.1,2
9489-JMTTN,Female,0,Yes,Yes,72,Yes,Yes,DSL,Yes,Yes,Yes,Yes,Yes,Yes,Two year,No,Credit card (automatic),89.75,6595.9,0,60-72,0,8,1,91.60972222222222,0
0575-CUQOV,Male,1,Yes,No,60,Yes,No,Fiber optic,No,Yes,Yes,No,Yes,Yes,One year,Yes,Electronic check,97.95,5867.0,0,48-60,0,5,1,97.78333333333333,1
0967-BMLBD,Female,0,Yes,Yes,11,Yes,No,No,No,No,No,No,No,No,One year,Yes,Mailed check,20.0,196.35,0,0-12,0,1,0,17.849999999999998,1
6178-KFNHS,Female,0,No,Yes,12,Yes,Yes,Fiber optic,Yes,No,No,No,No,No,Month-to-month,Yes,Electronic check,78.3,909.25,1,0-12,0,3,1,75.77083333333333,2
2830-LEWOA,Male,0,Yes,Yes,61,Yes,No,Fiber optic,No,Yes,Yes,Yes,Yes,Yes,One year,No,Credit card (automatic),103.9,6449.15,0,60-72,0,6,1,105.72377049180328,1
5006-MXVRN,Female,0,No,No,39,Yes,No,No,No,No,No,No,No,No,Two year,No,Credit card (automatic),20.7,762.45,0,36-48,0,1,0,19.55,0
1264-BYWMS,Male,0,No,No,55,Yes,Yes,Fiber optic,No,No,No,No,Yes,Yes,Month-to-month,Yes,Electronic check,96.8,5283.95,1,48-60,0,4,1,96.07181818181817,2
9658-WYUFB,Female,0,No,No,17,Yes,Yes,Fiber optic,Yes,Yes,No,No,Yes,No,Month-to-month,Yes,Electronic check,94.4,1617.5,1,12-24,0,5,1,95.1470588235294,2
8327-WKMIE,Male,0,No,No,37,Yes,No,No,No,No,No,No,No,No,One year,No,Credit card (automatic),20.15,785.75,0,36-48,0,1,0,21.236486486486488,1
6917-FIJHC,Female,0,Yes,No,72,Yes,Yes,No,No,No,No,No,No,No,Two year,Yes,Mailed check,26.0,1776.0,0,60-72,0,2,0,24.666666666666668,0
5329-KRDTM,Male,1,Yes,No,72,Yes,Yes,DSL,No,Yes,Yes,Yes,Yes,No,Two year,No,Credit card (automatic),77.35,5396.25,0,60-72,0,6,1,74.94791666666667,0
7797-EJMDP,Female,0,No,No,8,Yes,No,DSL,Yes,No,No,Yes,No,Yes,Month-to-month,No,Bank transfer (automatic),66.05,574.5,0,0-12,0,4,1,71.8125,2
3530-VWVGU,Female,0,Yes,Yes,22,Yes,No,No,No,No,No,No,No,No,Month-to-month,No,Mailed check,19.9,400.3,0,12-24,0,1,0,18.195454545454545,2
2013-SGDXK,Female,0,No,No,1,Yes,No,Fiber optic,No,Yes,No,No,Yes,No,Month-to-month,No,Electronic check,84.3,84.3,1,0-12,1,3,1,84.3,2
6368-NWMCE,Female,0,No,No,38,Yes,Yes,DSL,No,Yes,No,Yes,No,Yes,Month-to-month,No,Credit card (automatic),68.15,2656.3,0,36-48,0,5,1,69.90263157894738,2
3633-CDBUW,Male,0,No,Yes,17,Yes,No,DSL,No,Yes,Yes,Yes,Yes,Yes,One year,No,Electronic check,80.85,1445.95,0,12-24,0,6,1,85.05588235294118,1
0707-HOVVN,Female,1,No,No,70,Yes,Yes,DSL,No,Yes,Yes,Yes,Yes,No,Two year,Yes,Bank transfer (automatic),75.5,5212.65,0,60-72,0,6,1,74.46642857142857,0
8580-QVLOC,Female,1,Yes,Yes,72,Yes,Yes,DSL,Yes,Yes,Yes,Yes,Yes,Yes,Two year,No,Credit card (automatic),92.45,6440.25,1,60-72,0,8,1,89.44791666666667,0
3956-MGXOG,Female,0,No,No,28,Yes,No,Fiber optic,No,No,No,No,No,Yes,Month-to-month,Yes,Electronic check,80.6,2244.95,0,24-36,0,2,1,80.17678571428571,2
9274-UARKJ,Female,0,No,No,15,Yes,No,Fiber optic,No,Yes,No,No,Yes,No,Month-to-month,Yes,Bank transfer (automatic),83.2,1130.0,0,12-24,0,3,1,75.33333333333333,2
4077-HWUYD,Male,0,Yes,Yes,72,Yes,Yes,DSL,Yes,Yes,Yes,Yes,Yes,Yes,Two year,Yes,Bank transfer (automatic),87.55,6463.15,0,60-72,0,8,1,89.76597222222222,0
2012-NWRPA,Female,1,Yes,No,11,Yes,Yes,Fiber optic,No,No,Yes,No,Yes,Yes,Month-to-month,Yes,Electronic check,99.55,1131.2,1,0-12,0,5,1,102.83636363636364,2
8808-ELEHO,Male,1,No,No,8,Yes,Yes,Fiber optic,No,No,Yes,No,No,No,Month-to-month,Yes,Electronic check,81.25,585.95,1,0-12,0,3,1,73.24375,2
0103-CSITQ,Female,0,Yes,No,57,Yes,Yes,Fiber optic,No,Yes,Yes,Yes,Yes,Yes,One year,Yes,Bank transfer (automatic),109.4,6252.7,0,48-60,0,7,1,109.69649122807017,1
3506-LCJDC,Male,0,Yes,Yes,1,Yes,No,No,No,No,No,No,No,No,Month-to-month,No,Bank transfer (automatic),19.95,19.95,1,0-12,1,1,0,19.95,2
8671-KKKOS,Female,0,Yes,No,46,No,No,DSL,Yes,Yes,No,No,Yes,No,Month-to-month,No,Electronic check,45.55,2062.15,0,36-48,0,3,0,44.82934782608696,2
7305-ZWMAJ,Male,0,Yes,No,30,Yes,No,No,No,No,No,No,No,No,One year,No,Credit card (automatic),20.7,587.1,0,24-36,0,1,0,19.57,1
9518-XXBXE,Male,1,Yes,No,10,Yes,No,Fiber optic,Yes,No,No,No,No,No,Month-to-month,No,Electronic check,75.3,720.45,0,0-12,0,2,1,72.045,2
3934-HXCFZ,Male,0,Yes,No,23,Yes,Yes,Fiber optic,Yes,Yes,Yes,No,Yes,No,Month-to-month,Yes,Electronic check,99.25,2186.4,1,12-24,0,6,1,95.0608695652174,2
6578-KRMAW,Male,0,No,No,32,Yes,No,Fiber optic,Yes,Yes,Yes,No,No,Yes,Month-to-month,Yes,Credit card (automatic),93.4,2979.3,0,24-36,0,5,1,93.103125,2
4860-IJUDE,Male,0,No,No,13,Yes,No,Fiber optic,Yes,No,No,No,No,No,Month-to-month,Yes,Credit card (automatic),73.75,956.65,0,12-24,0,2,1,73.58846153846153,2
7666-WKRON,Female,0,No,No,39,Yes,No,Fiber optic,No,No,Yes,Yes,No,No,Two year,Yes,Electronic check,80.45,3201.55,1,36-48,0,3,1,82.09102564102565,0
9688-YGXVR,Female,0,No,No,44,Yes,No,Fiber optic,No,Yes,Yes,No,Yes,No,Month-to-month,Yes,Credit card (automatic),88.15,3973.2,0,36-48,0,4,1,90.3,2
0423-UDIJQ,Male,1,No,No,9,Yes,No,DSL,No,No,No,Yes,No,No,Month-to-month,No,Mailed check,49.2,447.9,0,0-12,0,2,1,49.766666666666666,2
1945-XISKS,Female,0,Yes,No,67,Yes,No,No,No,No,No,No,No,No,Two year,No,Mailed check,19.65,1335.2,0,60-72,0,1,0,19.928358208955224,0
4910-AQFFX,Male,0,Yes,Yes,9,Yes,Yes,Fiber optic,No,No,Yes,No,No,No,Month-to-month,Yes,Bank transfer (automatic),79.35,661.25,1,0-12,0,3,1,73.47222222222223,2
2154-KVJFF,Female,0,No,No,15,Yes,Yes,Fiber optic,No,Yes,No,No,No,No,Month-to-month,Yes,Electronic check,79.75,1111.85,1,12-24,0,3,1,74.12333333333332,2
5360-LJCNJ,Female,0,Yes,No,71,Yes,Yes,Fiber optic,No,Yes,Yes,No,Yes,Yes,Two year,Yes,Bank transfer (automatic),105.15,7555.0,0,60-72,0,6,1,106.40845070422536,0
2607-FBDFF,Male,0,No,No,1,Yes,No,DSL,No,No,No,Yes,No,No,Month-to-month,No,Credit card (automatic),49.0,49.0,0,0-12,1,2,1,49.0,2
9647-ERGBE,Female,0,Yes,Yes,30,Yes,Yes,Fiber optic,No,No,Yes,No,Yes,Yes,Month-to-month,Yes,Electronic check,100.05,3046.15,1,24-36,0,5,1,101.53833333333334,2
3428-XZMAZ,Male,0,No,No,1,Yes,No,Fiber optic,No,No,No,No,No,No,Month-to-month,Yes,Electronic check,69.35,69.35,1,0-12,1,1,1,69.35,2
1100-DDVRV,Male,0,Yes,No,17,No,No,DSL,No,Yes,No,No,Yes,Yes,Month-to-month,Yes,Mailed check,49.8,836.35,0,12-24,0,3,0,49.19705882352941,2
0378-TOVMS,Female,0,No,No,3,Yes,No,Fiber optic,No,No,No,Yes,No,Yes,Month-to-month,No,Electronic check,85.8,272.2,1,0-12,1,3,1,90.73333333333333,2
4355-HBJHH,Male,0,Yes,Yes,67,Yes,Yes,DSL,Yes,No,Yes,No,Yes,Yes,Two year,Yes,Electronic check,79.7,5293.4,1,60-72,0,6,1,79.00597014925373,0
6728-WYQBC,Male,0,No,No,1,Yes,No,No,No,No,No,No,No,No,Month-to-month,No,Bank transfer (automatic),20.95,20.95,0,0-12,1,1,0,20.95,2
9058-CBREO,Female,1,No,No,1,Yes,Yes,DSL,No,No,No,No,No,No,Month-to-month,No,Mailed check,50.55,50.55,1,0-12,1,2,1,50.55,2
9029-FEGVJ,Female,1,Yes,No,32,Yes,Yes,Fiber optic,No,No,Yes,No,No,No,Month-to-month,No,Mailed check,79.3,2570.0,0,24-36,0,3,1,80.3125,2
7216-KAOID,Male,0,Yes,Yes,41,Yes,No,No,No,No,No,No,No,No,One year,No,Bank transfer (automatic),19.5,798.2,0,36-48,0,1,0,19.46829268292683,1
0318-QUUOB,Male,0,Yes,No,1,Yes,No,Fiber optic,No,No,No,No,Yes,No,Month-to-month,Yes,Electronic check,80.55,80.55,1,0-12,1,2,1,80.55,2
6145-NNPNO,Female,0,No,No,1,Yes,No,DSL,No,No,No,No,No,No,Month-to-month,No,Bank transfer (automatic),44.15,44.15,0,0-12,1,1,1,44.15,2
5520-FVEWJ,Female,0,Yes,Yes,12,Yes,Yes,Fiber optic,No,Yes,Yes,No,No,No,Month-to-month,Yes,Electronic check,84.5,916.9,1,0-12,0,4,1,76.40833333333333,2
5339-TJFEK,Male,0,Yes,Yes,62,Yes,Yes,Fiber optic,Yes,Yes,No,No,Yes,Yes,Month-to-month,Yes,Electronic check,105.5,6487.2,0,60-72,0,6,1,104.63225806451612,2
5572-ZDXHY,Female,0,No,No,22,Yes,No,Fiber optic,No,Yes,No,No,No,Yes,Month-to-month,Yes,Mailed check,84.3,1855.65,1,12-24,0,3,1,84.34772727272728,2
2074-GUHPQ,Female,0,No,Yes,17,Yes,Yes,Fiber optic,No,Yes,Yes,Yes,No,No,Month-to-month,Yes,Credit card (automatic),92.7,1556.85,0,12-24,0,5,1,91.57941176470588,2
4625-XMOYM,Female,0,Yes,Yes,72,Yes,Yes,No,No,No,No,No,No,No,Two year,Yes,Bank transfer (automatic),26.25,1988.05,0,60-72,0,2,0,27.611805555555556,0
5827-MWCZK,Male,0,Yes,Yes,56,Yes,Yes,Fiber optic,No,Yes,No,Yes,Yes,No,Month-to-month,Yes,Credit card (automatic),96.95,5432.2,0,48-60,0,5,1,97.00357142857142,2
1385-TQOZW,Female,0,No,No,9,Yes,No,No,No,No,No,No,No,No,Month-to-month,Yes,Credit card (automatic),20.45,147.55,0,0-12,0,1,0,16.394444444444446,2
5914-XRFQB,Male,0,Yes,No,72,Yes,Yes,Fiber optic,Yes,Yes,Yes,Yes,Yes,Yes,Two year,Yes,Bank transfer (automatic),115.8,8424.9,0,60-72,0,8,1,117.01249999999999,0
4329-YPDDQ,Male,0,No,No,20,Yes,No,Fiber optic,Yes,Yes,Yes,Yes,Yes,Yes,Month-to-month,Yes,Bank transfer (automatic),108.2,2203.7,0,12-24,0,7,1,110.18499999999999,2
4804-NCPET,Male,0,Yes,Yes,19,Yes,No,No,No,No,No,No,No,No,Two year,No,Mailed check,20.2,387.4,0,12-24,0,1,0,20.389473684210525,0
3750-CKVKH,Male,0,No,No,2,Yes,No,Fiber optic,No,No,No,No,No,No,Month-to-month,Yes,Electronic check,67.75,116.65,1,0-12,1,1,1,58.325,2
5944-UGLLK,Male,0,No,No,53,No,No,DSL,No,No,Yes,Yes,Yes,Yes,One year,No,Credit card (automatic),54.9,3045.75,0,48-60,0,4,0,57.466981132075475,1
8063-GBATB,Female,1,No,No,27,Yes,Yes,Fiber optic,No,No,No,No,No,Yes,Month-to-month,Yes,Electronic check,85.25,2287.25,1,24-36,0,3,1,84.71296296296296,2
7787-BNTZM,Male,0,No,No,6,Yes,No,No,No,No,No,No,No,No,Month-to-month,No,Bank transfer (automatic),20.15,130.5,0,0-12,1,1,0,21.75,2
2252-ISRNH,Male,0,Yes,Yes,9,Yes,Yes,Fiber optic,No,No,Yes,No,Yes,No,One year,Yes,Electronic check,90.35,767.9,0,0-12,0,4,1,85.32222222222222,1
9415-TPKRV,Female,0,Yes,Yes,8,Yes,Yes,DSL,No,Yes,No,No,No,No,Month-to-month,No,Electronic check,55.75,446.8,0,0-12,0,3,1,55.85,2
5322-TEUJK,Female,0,Yes,Yes,71,Yes,Yes,Fiber optic,Yes,Yes,Yes,Yes,Yes,Yes,Two year,No,Bank transfer (automatic),114.6,8100.25,0,60-72,0,8,1,114.08802816901408,0
4547-KQRTM,Female,0,No,No,10,Yes,Yes,Fiber optic,No,Yes,No,No,No,No,Month-to-month,Yes,Bank transfer (automatic),80.05,830.7,1,0-12,0,3,1,83.07000000000001,2
4877-EVATK,Male,0,No,No,1,Yes,No,No,No,No,No,No,No,No,Month-to-month,No,Mailed check,20.0,20.0,1,0-12,1,1,0,20.0,2
1866-DIOQZ,Female,0,Yes,No,71,No,No,DSL,Yes,Yes,Yes,Yes,Yes,Yes,One year,No,Bank transfer (automatic),66.8,4689.15,0,60-72,0,6,0,66.0443661971831,1
8375-KVTHK,Male,0,Yes,No,68,Yes,No,Fiber optic,No,Yes,No,Yes,Yes,Yes,One year,Yes,Electronic check,100.3,6754.35,0,60-72,0,5,1,99.32867647058823,1
2697-NQBPF,Male,0,No,No,34,Yes,Yes,Fiber optic,No,Yes,No,Yes,Yes,Yes,Month-to-month,Yes,Electronic check,105.35,3540.65,0,24-36,0,6,1,104.13676470588236,2
3709-OIJEA,Male,0,No,No,26,Yes,No,Fiber optic,No,Yes,Yes,Yes,No,No,One year,Yes,Electronic check,85.2,2184.6,0,24-36,0,4,1,84.02307692307691,1
7639-SUPCW,Female,0,No,No,22,Yes,No,DSL,Yes,No,No,No,No,No,Month-to-month,Yes,Credit card (automatic),48.8,1054.6,1,12-24,0,2,1,47.93636363636363,2
1386-ZIKUV,Male,0,No,No,7,Yes,No,No,No,No,No,No,No,No,Month-to-month,Yes,Mailed check,18.95,130.55,0,0-12,0,1,0,18.650000000000002,2
0599-XNYDO,Female,0,Yes,No,20,Yes,No,Fiber optic,No,No,No,No,No,No,Month-to-month,Yes,Bank transfer (automatic),69.8,1540.35,0,12-24,0,1,1,77.0175,2
6377-WHAOX,Female,0,Yes,No,60,Yes,Yes,Fiber optic,No,Yes,Yes,No,Yes,Yes,Month-to-month,Yes,Electronic check,106.15,6411.25,0,48-60,0,6,1,106.85416666666667,2
6855-VLGOS,Male,0,Yes,Yes,72,Yes,No,No,No,No,No,No,No,No,Two year,No,Electronic check,20.55,1432.55,0,60-72,0,1,0,19.896527777777777,0
8999-XXGNS,Female,1,Yes,No,72,Yes,Yes,Fiber optic,No,Yes,Yes,No,Yes,Yes,One year,Yes,Credit card (automatic),105.75,7629.85,0,60-72,0,6,1,105.9701388888889,1
8746-OQQRW,Male,0,No,No,4,Yes,Yes,No,No,No,No,No,No,No,Month-to-month,No,Mailed check,25.25,101.9,0,0-12,1,2,0,25.475,2
3181-MIZBN,Male,0,Yes,Yes,16,Yes,No,No,No,No,No,No,No,No,Month-to-month,No,Electronic check,19.75,313.4,0,12-24,0,1,0,19.5875,2
0471-ARVMX,Female,1,Yes,No,62,Yes,Yes,Fiber optic,Yes,No,Yes,No,Yes,Yes,One year,Yes,Electronic check,104.85,6312.9,0,60-72,0,6,1,101.82096774193548,1
7766-CLTIC,Female,0,No,No,10,Yes,No,DSL,No,No,No,Yes,No,Yes,Month-to-month,Yes,Mailed check,60.95,629.55,0,0-12,0,3,1,62.955,2
5650-YLIBA,Male,0,No,No,31,Yes,Yes,Fiber optic,No,Yes,No,No,No,No,Month-to-month,Yes,Electronic check,81.15,2640.55,0,24-36,0,3,1,85.17903225806452,2
0825-CPPQH,Female,0,Yes,No,71,Yes,No,No,No,No,No,No,No,No,Two year,No,Credit card (automatic),19.1,1372.45,0,60-72,0,1,0,19.330281690140847,0
9084-OAYKL,Male,0,No,No,58,Yes,No,No,No,No,No,No,No,No,Two year,No,Mailed check,20.8,1212.25,0,48-60,0,1,0,20.900862068965516,0
6122-LJADA,Male,0,Yes,Yes,70,Yes,Yes,DSL,Yes,Yes,Yes,Yes,Yes,Yes,Two year,Yes,Credit card (automatic),90.15,6237.05,0,60-72,0,8,1,89.10071428571429,0
2400-XIWIO,Female,0,Yes,No,71,Yes,Yes,DSL,Yes,Yes,Yes,Yes,Yes,Yes,Two year,No,Electronic check,90.1,6310.9,0,60-72,0,8,1,88.88591549295774,0
7524-VRLPL,Male,1,No,No,69,Yes,Yes,DSL,Yes,No,Yes,Yes,No,Yes,Two year,No,Credit card (automatic),74.1,5031.0,0,60-72,0,6,1,72.91304347826087,0
1069-XAIEM,Female,1,No,No,1,Yes,Yes,Fiber optic,No,No,No,No,No,Yes,Month-to-month,Yes,Electronic check,85.05,85.05,1,0-12,1,3,1,85.05,2
7569-NMZYQ,Female,0,Yes,Yes,72,Yes,Yes,Fiber optic,Yes,Yes,Yes,Yes,Yes,Yes,Two year,Yes,Bank transfer (automatic),118.75,8672.45,0,60-72,0,8,1,120.45069444444445,0
5201-USSQZ,Female,0,Yes,No,26,Yes,No,Fiber optic,No,No,No,Yes,No,Yes,Month-to-month,No,Credit card (automatic),85.9,2196.45,0,24-36,0,3,1,84.47884615384615,2
2105-PHWON,Female,0,Yes,No,33,Yes,Yes,Fiber optic,No,No,Yes,Yes,No,Yes,Month-to-month,Yes,Credit card (automatic),95.0,3008.15,0,24-36,0,5,1,91.1560606060606,2
1494-EJZDW,Female,0,Yes,Yes,10,Yes,No,No,No,No,No,No,No,No,Two year,No,Mailed check,20.15,220.8,0,0-12,0,1,0,22.080000000000002,0
4884-TVUQF,Female,1,No,No,57,Yes,Yes,Fiber optic,Yes,No,Yes,Yes,No,Yes,Two year,No,Credit card (automatic),101.3,5779.6,0,48-60,0,6,1,101.39649122807018,0
8003-EWNDZ,Female,0,No,No,10,Yes,No,No,No,No,No,No,No,No,Month-to-month,Yes,Electronic check,21.2,222.65,0,0-12,0,1,0,22.265,2
1897-RCFUM,Female,0,Yes,Yes,39,Yes,Yes,No,No,No,No,No,No,No,One year,Yes,Mailed check,24.2,914.6,0,36-48,0,2,0,23.451282051282053,1
9256-JTBNZ,Female,0,No,No,11,Yes,No,No,No,No,No,No,No,No,Month-to-month,No,Bank transfer (automatic),20.3,246.3,0,0-12,0,1,0,22.39090909090909,2
4658-HCOHW,Female,0,Yes,Yes,21,Yes,No,Fiber optic,No,Yes,Yes,Yes,Yes,Yes,Month-to-month,Yes,Electronic check,102.8,2110.15,1,12-24,0,6,1,100.48333333333333,2
2211-RMNHO,Female,0,Yes,Yes,68,Yes,Yes,DSL,No,Yes,Yes,Yes,Yes,Yes,Two year,No,Bank transfer (automatic),85.3,5560.0,0,60-72,0,7,1,81.76470588235294,0
2432-TFSMK,Male,0,No,No,18,Yes,Yes,Fiber optic,No,No,Yes,No,Yes,No,One year,Yes,Credit card (automatic),89.6,1633.0,0,12-24,0,4,1,90.72222222222223,1
3440-JPSCL,Female,0,No,No,6,Yes,No,Fiber optic,No,No,Yes,Yes,Yes,Yes,Month-to-month,Yes,Mailed check,99.95,547.65,1,0-12,1,5,1,91.27499999999999,2
4929-ROART,Male,0,No,No,18,Yes,Yes,DSL,Yes,No,No,No,No,No,Month-to-month,No,Mailed check,56.25,969.85,0,12-24,0,3,1,53.88055555555556,2
1834-ABKHQ,Female,0,Yes,Yes,52,Yes,No,DSL,No,No,Yes,No,No,No,One year,Yes,Bank transfer (automatic),50.95,2610.65,0,48-60,0,2,1,50.204807692307696,1
1741-WTPON,Male,0,Yes,Yes,56,Yes,Yes,Fiber optic,Yes,Yes,Yes,Yes,Yes,Yes,Two year,No,Mailed check,115.85,6567.9,0,48-60,0,8,1,117.28392857142856,0
3932-IJWDZ,Male,0,No,No,45,Yes,Yes,Fiber optic,No,No,Yes,Yes,Yes,Yes,Month-to-month,Yes,Bank transfer (automatic),103.65,4747.85,0,36-48,0,6,1,105.50777777777779,2
1240-HCBOH,Female,0,No,No,67,Yes,Yes,No,No,No,No,No,No,No,Two year,Yes,Mailed check,26.1,1759.55,0,60-72,0,2,0,26.26194029850746,0
3594-KADLU,Male,0,Yes,No,3,No,No,DSL,Yes,No,No,Yes,No,No,Month-to-month,No,Mailed check,35.1,101.1,0,0-12,1,2,0,33.699999999999996,2
8065-BVEPF,Male,1,No,No,65,Yes,No,Fiber optic,No,Yes,Yes,No,Yes,Yes,Month-to-month,Yes,Bank transfer (automatic),99.1,6496.15,0,60-72,0,5,1,99.94076923076922,2
3796-ENZGF,Male,0,Yes,No,63,Yes,Yes,DSL,No,Yes,No,Yes,No,Yes,Two year,No,Mailed check,67.25,4234.15,0,60-72,0,5,1,67.20873015873015,0
1734-ZMNTZ,Female,0,Yes,Yes,11,Yes,Yes,No,No,No,No,No,No,No,Two year,No,Mailed check,25.0,300.7,0,0-12,0,2,0,27.336363636363636,0
2853-CWQFQ,Male,0,No,Yes,1,Yes,No,DSL,No,No,No,Yes,No,Yes,Month-to-month,Yes,Mailed check,59.55,59.55,0,0-12,1,3,1,59.55,2
0813-TAXXS,Male,0,No,No,55,Yes,Yes,DSL,No,No,Yes,No,Yes,Yes,Two year,Yes,Bank transfer (automatic),77.8,4323.35,0,48-60,0,5,1,78.60636363636364,0
2519-TWKFS,Male,0,Yes,Yes,25,Yes,Yes,DSL,No,No,No,Yes,No,No,One year,Yes,Mailed check,55.1,1466.1,0,24-36,0,3,1,58.644,1
2889-FPWRM,Male,0,Yes,No,72,Yes,Yes,Fiber optic,Yes,Yes,Yes,Yes,Yes,Yes,One year,Yes,Bank transfer (automatic),117.8,8684.8,1,60-72,0,8,1,120.6222222222222,1
0626-QXNGV,Female,0,Yes,No,72,Yes,Yes,No,No,No,No,No,No,No,Two year,Yes,Credit card (automatic),24.15,1776.45,0,60-72,0,2,0,24.672916666666666,0
6723-CEGQI,Female,0,No,Yes,65,No,No,DSL,No,Yes,No,Yes,Yes,No,Two year,No,Mailed check,45.25,2933.95,0,60-72,0,3,0,45.137692307692305,0
6987-XQSJT,Female,1,No,No,54,Yes,Yes,Fiber optic,No,Yes,No,No,No,No,Month-to-month,Yes,Electronic check,79.5,4370.25,1,48-60,0,3,1,80.93055555555556,2
4732-RRJZC,Male,0,Yes,Yes,7,Yes,No,No,No,No,No,No,No,No,Month-to-month,No,Mailed check,20.25,144.35,0,0-12,0,1,0,20.62142857142857,2
9499-XPZXM,Female,0,Yes,No,72,Yes,Yes,DSL,Yes,Yes,No,Yes,No,No,Two year,No,Bank transfer (automatic),64.75,4804.75,0,60-72,0,5,1,66.73263888888889,0
4338-EYCER,Male,0,Yes,No,21,Yes,No,DSL,No,No,No,No,Yes,No,Month-to-month,No,Bank transfer (automatic),54.6,1125.2,0,12-24,0,2,1,53.58095238095238,2
3007-FDPEA,Female,0,No,No,2,Yes,No,No,No,No,No,No,No,No,Month-to-month,Yes,Bank transfer (automatic),20.7,39.85,0,0-12,1,1,0,19.925,2
6350-XFYGW,Male,1,No,No,4,Yes,No,Fiber optic,No,No,Yes,No,Yes,Yes,Month-to-month,Yes,Electronic check,94.75,422.4,0,0-12,1,4,1,105.6,2
4290-BSXUX,Male,0,Yes,No,3,Yes,Yes,Fiber optic,No,No,No,Yes,No,No,Month-to-month,Yes,Bank transfer (automatic),79.65,251.75,1,0-12,1,3,1,83.91666666666667,2
8513-OLYGY,Male,0,Yes,No,72,Yes,Yes,Fiber optic,Yes,Yes,Yes,Yes,Yes,Yes,Two year,No,Credit card (automatic),115.8,8332.15,0,60-72,0,8,1,115.72430555555555,0
0311-QYWSS,Female,0,No,No,6,Yes,No,DSL,Yes,No,No,No,No,No,Month-to-month,Yes,Electronic check,49.45,314.6,0,0-12,1,2,1,52.43333333333334,2
8705-DWKTI,Male,0,No,No,52,Yes,No,Fiber optic,No,No,Yes,No,No,Yes,Month-to-month,Yes,Credit card (automatic),83.8,4331.4,0,48-60,0,3,1,83.29615384615384,2
8755-IWJHN,Male,1,Yes,No,69,Yes,Yes,Fiber optic,No,Yes,Yes,No,No,Yes,Month-to-month,Yes,Bank transfer (automatic),95.35,6382.0,0,60-72,0,5,1,92.4927536231884,2
0325-XBFAC,Male,0,No,No,8,Yes,No,Fiber optic,No,No,Yes,No,Yes,Yes,Month-to-month,Yes,Electronic check,94.7,740.3,1,0-12,0,4,1,92.5375,2
4480-QQRHC,Female,1,No,No,8,Yes,No,Fiber optic,No,No,Yes,No,No,No,Month-to-month,Yes,Bank transfer (automatic),74.05,600.15,0,0-12,0,2,1,75.01875,2
0929-PECLO,Female,1,No,No,63,Yes,Yes,Fiber optic,No,No,Yes,No,No,Yes,Month-to-month,Yes,Bank transfer (automatic),89.6,5538.8,0,60-72,0,4,1,87.91746031746032,2
3680-CTHUH,Male,0,No,No,60,Yes,Yes,Fiber optic,Yes,Yes,Yes,Yes,Yes,Yes,One year,Yes,Credit card (automatic),116.6,7049.5,0,48-60,0,8,1,117.49166666666666,1
1202-KKGFU,Female,0,Yes,No,12,Yes,No,DSL,Yes,No,No,Yes,No,No,Month-to-month,No,Bank transfer (automatic),54.2,690.5,0,0-12,0,3,1,57.541666666666664,2
6112-KTHFQ,Female,0,No,No,13,Yes,No,No,No,No,No,No,No,No,Month-to-month,Yes,Mailed check,19.3,279.3,0,12-24,0,1,0,21.484615384615385,2
1852-XEMDW,Male,0,No,No,22,Yes,Yes,DSL,Yes,Yes,Yes,No,No,No,Month-to-month,No,Mailed check,65.05,1427.55,0,12-24,0,5,1,64.88863636363637,2
2462-XIIJB,Male,0,No,No,5,Yes,Yes,Fiber optic,No,No,Yes,No,Yes,No,Month-to-month,Yes,Electronic check,92.5,452.7,1,0-12,1,4,1,90.53999999999999,2
4760-XOHVN,Female,0,Yes,Yes,1,Yes,No,No,No,No,No,No,No,No,Month-to-month,No,Mailed check,19.45,19.45,1,0-12,1,1,0,19.45,2
1820-DJFPH,Female,0,Yes,Yes,72,Yes,Yes,No,No,No,No,No,No,No,Two year,Yes,Bank transfer (automatic),24.05,1709.15,0,60-72,0,2,0,23.738194444444446,0
9426-SXNHE,Female,0,No,No,2,Yes,No,No,No,No,No,No,No,No,Month-to-month,No,Bank transfer (automatic),18.75,53.15,0,0-12,1,1,0,26.575,2
9068-FHQHD,Female,0,Yes,Yes,40,Yes,No,No,No,No,No,No,No,No,Two year,No,Bank transfer (automatic),20.15,777.35,0,36-48,0,1,0,19.43375,0
1269-FOYWN,Male,0,Yes,Yes,44,Yes,No,No,No,No,No,No,No,No,One year,No,Bank transfer (automatic),20.0,860.85,0,36-48,0,1,0,19.56477272727273,1
9470-YFUYI,Male,1,Yes,No,71,Yes,No,DSL,Yes,Yes,No,Yes,Yes,No,One year,Yes,Bank transfer (automatic),71.0,5012.1,0,60-72,0,5,1,70.59295774647887,1
7817-BOQPW,Female,0,No,No,2,Yes,Yes,Fiber optic,No,No,No,No,No,No,Month-to-month,Yes,Electronic check,75.55,166.3,1,0-12,1,2,1,83.15,2
7402-EYFXX,Male,1,No,No,26,Yes,Yes,Fiber optic,No,No,No,No,Yes,Yes,Month-to-month,Yes,Electronic check,93.6,2404.1,0,24-36,0,4,1,92.46538461538461,2
1853-UDXBW,Male,0,Yes,Yes,1,Yes,No,Fiber optic,No,No,No,No,No,No,Month-to-month,Yes,Electronic check,70.0,70.0,1,0-12,1,1,1,70.0,2
9895-VFOXH,Female,0,No,No,1,No,No,DSL,No,No,No,No,No,No,Month-to-month,No,Mailed check,24.4,24.4,0,0-12,1,0,0,24.4,2
5458-CQJTA,Male,0,Yes,Yes,65,Yes,No,DSL,Yes,No,No,Yes,Yes,Yes,Two year,Yes,Bank transfer (automatic),74.8,4820.15,1,60-72,0,5,1,74.15615384615384,0
1230-QAJDW,Male,0,No,No,3,Yes,Yes,DSL,No,No,No,Yes,Yes,No,Month-to-month,Yes,Mailed check,65.25,209.9,0,0-12,1,4,1,69.96666666666667,2
5701-ZIKJE,Male,0,No,No,13,Yes,No,DSL,No,No,No,Yes,No,No,Month-to-month,Yes,Mailed check,50.55,610.75,0,12-24,0,2,1,46.98076923076923,2
5219-YIPTK,Female,0,Yes,No,33,Yes,Yes,Fiber optic,No,Yes,Yes,No,Yes,Yes,Month-to-month,Yes,Electronic check,104.4,3409.6,1,24-36,0,6,1,103.32121212121211,2
5032-MIYKT,Female,0,No,No,1,Yes,No,Fiber optic,No,No,No,No,No,No,Month-to-month,Yes,Mailed check,70.7,70.7,0,0-12,1,1,1,70.7,2
7396-VJUZB,Male,0,Yes,Yes,4,Yes,No,DSL,No,No,No,No,No,No,Month-to-month,No,Mailed check,45.25,155.35,0,0-12,1,1,1,38.8375,2
9717-QEBGU,Male,0,No,No,2,Yes,No,Fiber optic,No,No,No,No,No,No,Month-to-month,Yes,Electronic check,70.3,144.0,0,0-12,1,1,1,72.0,2
5172-RKOCB,Male,0,Yes,No,72,Yes,Yes,Fiber optic,Yes,Yes,No,Yes,Yes,Yes,Two year,Yes,Credit card (automatic),108.95,7875.0,0,60-72,0,7,1,109.375,0
6509-TSGWN,Female,0,Yes,Yes,37,Yes,Yes,No,No,No,No,No,No,No,Month-to-month,No,Mailed check,26.45,911.6,0,36-48,0,2,0,24.63783783783784,2
3540-RZJYU,Female,0,No,No,15,Yes,No,Fiber optic,Yes,No,No,No,Yes,No,Month-to-month,No,Electronic check,86.2,1270.2,1,12-24,0,3,1,84.68,2
3178-CIFOT,Female,0,No,No,23,Yes,No,No,No,No,No,No,No,No,One year,Yes,Credit card (automatic),19.65,478.1,0,12-24,0,1,0,20.786956521739132,1
2091-MJTFX,Female,0,Yes,Yes,30,No,No,DSL,No,No,No,Yes,Yes,Yes,Month-to-month,No,Credit card (automatic),51.2,1561.5,1,24-36,0,3,0,52.05,2
4530-NDRKU,Female,0,Yes,Yes,42,Yes,No,No,No,No,No,No,No,No,One year,Yes,Electronic check,19.05,761.85,0,36-48,0,1,0,18.139285714285716,1
5985-TBABQ,Female,0,No,No,32,Yes,Yes,DSL,Yes,No,No,No,Yes,Yes,One year,No,Mailed check,74.75,2282.95,0,24-36,0,5,1,71.3421875,1
9800-ONTFE,Female,0,Yes,Yes,22,Yes,Yes,Fiber optic,No,No,No,No,No,No,Month-to-month,Yes,Bank transfer (automatic),75.8,1615.1,0,12-24,0,2,1,73.41363636363636,2
6743-HHQPF,Male,0,Yes,No,42,No,No,DSL,No,No,No,No,No,No,Month-to-month,Yes,Credit card (automatic),25.1,1097.15,0,36-48,0,0,0,26.12261904761905,2
8455-HIRAQ,Female,0,No,No,8,Yes,No,DSL,No,No,No,No,No,No,Month-to-month,No,Mailed check,44.45,369.3,0,0-12,0,1,1,46.1625,2
6616-AALSR,Female,0,Yes,Yes,65,Yes,Yes,Fiber optic,Yes,No,Yes,No,Yes,Yes,Two year,Yes,Credit card (automatic),104.3,6725.3,0,60-72,0,6,1,103.46615384615384,0
0883-EIBTI,Female,0,No,No,2,Yes,No,No,No,No,No,No,No,No,Month-to-month,No,Mailed check,19.5,31.55,1,0-12,1,1,0,15.775,2
9415-ZNBSX,Female,0,Yes,Yes,70,Yes,Yes,DSL,Yes,Yes,Yes,Yes,Yes,Yes,Two year,Yes,Bank transfer (automatic),89.0,6293.2,0,60-72,0,8,1,89.90285714285714,0
4018-KJYUY,Male,0,No,Yes,22,Yes,No,No,No,No,No,No,No,No,Month-to-month,No,Credit card (automatic),20.15,432.5,0,12-24,0,1,0,19.65909090909091,2
0722-TROQR,Female,1,No,No,4,Yes,Yes,Fiber optic,No,No,No,No,No,No,Month-to-month,Yes,Electronic check,74.9,321.75,1,0-12,1,2,1,80.4375,2
7571-YXDAD,Female,0,No,No,2,Yes,Yes,Fiber optic,No,No,No,No,No,No,Month-to-month,No,Credit card (automatic),74.9,147.15,1,0-12,1,2,1,73.575,2
3884-UEBXB,Female,0,Yes,Yes,67,No,No,DSL,Yes,Yes,No,No,No,No,Two year,No,Bank transfer (automatic),36.15,2434.45,0,60-72,0,2,0,36.33507462686567,0
8780-RSYYU,Female,0,No,No,25,Yes,No,No,No,No,No,No,No,No,Month-to-month,Yes,Credit card (automatic),19.2,532.1,0,24-36,0,1,0,21.284000000000002,2
5537-UXXVS,Female,0,Yes,No,20,Yes,No,No,No,No,No,No,No,No,Month-to-month,No,Bank transfer (automatic),19.25,375.25,0,12-24,0,1,0,18.7625,2
1791-PQHBB,Female,0,No,Yes,2,Yes,No,DSL,Yes,No,No,No,No,Yes,Month-to-month,Yes,Credit card (automatic),61.2,125.95,0,0-12,1,3,1,62.975,2
8701-DGLVH,Male,0,No,No,51,Yes,No,No,No,No,No,No,No,No,Two year,No,Mailed check,20.45,1042.65,0,48-60,0,1,0,20.444117647058825,0
8741-LQOBK,Female,0,Yes,Yes,46,No,No,DSL,Yes,Yes,No,No,No,No,Month-to-month,No,Bank transfer (automatic),35.05,1620.25,0,36-48,0,2,0,35.22282608695652,2
3393-FMZPV,Female,0,No,No,25,Yes,Yes,Fiber optic,No,Yes,No,No,Yes,Yes,Month-to-month,Yes,Electronic check,100.25,2387.75,1,24-36,0,5,1,95.51,2
8082-GHXOP,Male,0,No,Yes,13,Yes,No,DSL,No,No,No,No,No,No,Month-to-month,No,Mailed check,44.0,659.35,0,12-24,0,1,1,50.71923076923077,2
6402-ZFPPI,Female,1,No,No,25,Yes,Yes,Fiber optic,Yes,Yes,No,No,Yes,Yes,Month-to-month,Yes,Mailed check,102.8,2660.2,1,24-36,0,6,1,106.40799999999999,2
0980-FEXWF,Male,0,Yes,Yes,26,Yes,No,DSL,No,No,Yes,No,No,No,One year,No,Mailed check,50.35,1285.8,0,24-36,0,2,1,49.45384615384615,1
7486-KSRVI,Male,0,No,No,43,Yes,Yes,Fiber optic,No,No,No,Yes,Yes,Yes,One year,Yes,Electronic check,100.0,4211.55,1,36-48,0,5,1,97.94302325581396,1
3011-WQKSZ,Male,0,No,Yes,19,Yes,No,No,No,No,No,No,No,No,Month-to-month,Yes,Electronic check,20.0,377.55,0,12-24,0,1,0,19.871052631578948,2
8443-WVPSS,Male,0,Yes,No,10,Yes,No,Fiber optic,No,Yes,No,Yes,Yes,Yes,Month-to-month,Yes,Electronic check,99.85,990.9,1,0-12,0,5,1,99.09,2
3006-XIMLN,Female,0,No,Yes,2,Yes,Yes,Fiber optic,No,No,No,No,Yes,Yes,Month-to-month,Yes,Bank transfer (automatic),94.2,193.8,1,0-12,1,4,1,96.9,2
8218-FFJDS,Female,0,Yes,No,72,Yes,Yes,DSL,Yes,Yes,No,Yes,Yes,Yes,Two year,Yes,Bank transfer (automatic),86.4,6058.95,0,60-72,0,7,1,84.15208333333334,0
1986-PHGZF,Male,1,No,No,18,Yes,Yes,DSL,Yes,Yes,No,No,No,No,Month-to-month,Yes,Credit card (automatic),58.4,964.9,0,12-24,0,4,1,53.605555555555554,2
9965-YOKZB,Male,1,No,No,9,Yes,Yes,Fiber optic,No,No,No,No,No,Yes,Month-to-month,Yes,Electronic check,83.85,790.15,1,0-12,0,3,1,87.79444444444444,2
0504-HHAPI,Female,1,No,No,27,Yes,Yes,Fiber optic,No,No,Yes,No,No,Yes,Month-to-month,No,Credit card (automatic),88.3,2467.75,1,24-36,0,4,1,91.39814814814815,2
9360-OMDZZ,Male,0,No,No,24,Yes,Yes,Fiber optic,No,No,No,No,Yes,Yes,Month-to-month,Yes,Electronic check,94.1,2322.85,0,12-24,0,4,1,96.78541666666666,2
6305-YLBMM,Male,0,No,No,69,Yes,No,Fiber optic,No,Yes,Yes,Yes,Yes,Yes,One year,Yes,Bank transfer (automatic),104.05,7262.0,1,60-72,0,6,1,105.2463768115942,1
0345-XMMUG,Female,0,Yes,No,46,Yes,Yes,Fiber optic,No,Yes,Yes,Yes,Yes,Yes,Two year,Yes,Credit card (automatic),108.9,4854.3,0,36-48,0,7,1,105.52826086956522,0
8024-XNAFQ,Female,1,No,No,72,Yes,Yes,Fiber optic,Yes,Yes,Yes,Yes,No,Yes,Two year,Yes,Bank transfer (automatic),107.4,7748.75,0,60-72,0,7,1,107.62152777777777,0
3647-GMGDH,Male,0,Yes,No,22,Yes,No,Fiber optic,No,No,Yes,No,Yes,Yes,Month-to-month,Yes,Credit card (automatic),94.7,1914.9,1,12-24,0,4,1,87.0409090909091,2
2988-GBIVW,Female,1,Yes,No,70,Yes,Yes,Fiber optic,Yes,No,No,No,No,Yes,Month-to-month,Yes,Electronic check,90.85,6470.1,0,60-72,0,4,1,92.43,2
2832-SCUCO,Female,0,No,No,2,Yes,No,No,No,No,No,No,No,No,Month-to-month,No,Electronic check,19.9,57.4,0,0-12,1,1,0,28.7,2
7036-ZZKBD,Male,0,Yes,No,31,Yes,No,DSL,No,No,Yes,Yes,No,Yes,Month-to-month,Yes,Credit card (automatic),66.4,2019.8,0,24-36,0,4,1,65.15483870967742,2
3791-LGQCY,Female,1,Yes,No,56,Yes,Yes,Fiber optic,No,No,Yes,No,Yes,Yes,Month-to-month,Yes,Bank transfer (automatic),100.65,5688.05,1,48-60,0,5,1,101.57232142857143,2
0265-PSUAE,Female,0,Yes,Yes,16,Yes,No,Fiber optic,Yes,No,Yes,No,Yes,Yes,Month-to-month,No,Bank transfer (automatic),100.7,1522.7,0,12-24,0,5,1,95.16875,2
0463-TXOAK,Male,0,No,Yes,52,Yes,Yes,No,No,No,No,No,No,No,Two year,No,Credit card (automatic),25.6,1334.5,0,48-60,0,2,0,25.66346153846154,0
0594-UFTUL,Male,0,Yes,Yes,13,Yes,No,No,No,No,No,No,No,No,Month-to-month,Yes,Mailed check,19.85,252.0,0,12-24,0,1,0,19.384615384615383,2
9509-MPYOD,Female,0,No,No,35,Yes,No,No,No,No,No,No,No,No,One year,No,Mailed check,20.75,700.45,0,24-36,0,1,0,20.012857142857143,1
9128-CPXKI,Female,0,No,No,59,Yes,No,Fiber optic,No,No,Yes,No,Yes,Yes,Two year,No,Electronic check,95.8,5655.45,0,48-60,0,4,1,95.85508474576271,0
0129-KPTWJ,Male,0,Yes,No,72,Yes,No,Fiber optic,No,No,Yes,No,Yes,Yes,Month-to-month,Yes,Electronic check,94.65,6747.35,0,60-72,0,4,1,93.71319444444445,2
8166-ZZTFS,Female,1,Yes,No,66,Yes,Yes,DSL,No,Yes,Yes,No,Yes,Yes,Two year,Yes,Bank transfer (automatic),80.55,5265.1,1,60-72,0,6,1,79.77424242424243,0
5855-EIBDE,Female,0,Yes,No,49,Yes,Yes,Fiber optic,Yes,Yes,Yes,Yes,No,Yes,Two year,No,Credit card (automatic),106.65,5174.35,0,48-60,0,7,1,105.59897959183674,0
5365-LLFYV,Female,0,No,No,2,Yes,No,DSL,No,No,No,No,No,No,Month-to-month,Yes,Mailed check,45.85,105.6,0,0-12,1,1,1,52.8,2
5956-YHHRX,Male,1,No,No,21,Yes,Yes,Fiber optic,No,Yes,Yes,No,Yes,Yes,Month-to-month,Yes,Electronic check,104.35,2271.85,0,12-24,0,6,1,108.18333333333332,2
6008-NAIXK,Male,1,No,No,54,No,No,DSL,No,Yes,Yes,No,Yes,Yes,One year,Yes,Electronic check,55.45,2966.95,0,48-60,0,4,0,54.943518518518516,1
2956-GGUCQ,Male,1,Yes,No,24,Yes,Yes,Fiber optic,Yes,No,No,No,No,No,Month-to-month,Yes,Electronic check,78.85,1772.25,1,12-24,0,3,1,73.84375,2
1928-BXYIV,Male,0,No,No,1,Yes,Yes,DSL,Yes,Yes,No,No,No,No,Month-to-month,No,Electronic check,61.15,61.15,0,0-12,1,4,1,61.15,2
5760-FXFVO,Male,0,No,No,6,Yes,No,Fiber optic,Yes,Yes,No,No,No,No,Month-to-month,Yes,Electronic check,78.95,494.95,0,0-12,1,3,1,82.49166666666666,2
6595-COKXZ,Female,0,No,No,1,Yes,No,DSL,No,No,No,No,No,No,Month-to-month,Yes,Mailed check,44.45,44.45,1,0-12,1,1,1,44.45,2
0961-ZWLVI,Male,0,No,Yes,49,Yes,Yes,Fiber optic,Yes,Yes,Yes,No,Yes,Yes,One year,Yes,Credit card (automatic),109.2,5290.45,0,48-60,0,7,1,107.96836734693878,1
5181-OABFK,Female,0,Yes,Yes,56,Yes,No,DSL,Yes,Yes,Yes,No,No,No,Two year,Yes,Credit card (automatic),61.3,3346.8,0,48-60,0,4,1,59.76428571428572,0
4007-NHVHI,Female,1,No,No,56,Yes,Yes,Fiber optic,Yes,Yes,No,No,No,Yes,Month-to-month,Yes,Electronic check,96.85,5219.65,0,48-60,0,5,1,93.20803571428571,2
7816-VGHTO,Female,0,Yes,Yes,6,No,No,DSL,No,Yes,Yes,Yes,No,No,Two year,No,Mailed check,40.55,217.5,0,0-12,1,3,0,36.25,0
5871-DGTXZ,Male,0,No,No,32,Yes,No,No,No,No,No,No,No,No,One year,No,Mailed check,19.8,607.7,0,24-36,0,1,0,18.990625,1
7550-WIQVA,Male,0,Yes,Yes,50,Yes,Yes,Fiber optic,Yes,Yes,Yes,No,Yes,Yes,One year,Yes,Electronic check,108.25,5431.4,0,48-60,0,7,1,108.62799999999999,1
7544-ZVIKX,Male,0,Yes,Yes,58,Yes,Yes,Fiber optic,No,No,Yes,Yes,Yes,Yes,One year,Yes,Bank transfer (automatic),105.05,6004.85,0,48-60,0,6,1,103.53189655172415,1
0016-QLJIS,Female,0,Yes,Yes,65,Yes,Yes,DSL,Yes,Yes,Yes,Yes,Yes,Yes,Two year,Yes,Mailed check,90.45,5957.9,0,60-72,0,8,1,91.66,0
7508-DQAKK,Female,0,No,No,64,Yes,Yes,DSL,Yes,Yes,Yes,Yes,Yes,Yes,Two year,Yes,Credit card (automatic),86.4,5442.05,0,60-72,0,8,1,85.03203125,0
5176-OLSKT,Female,0,Yes,No,66,Yes,Yes,DSL,Yes,Yes,Yes,No,No,No,Two year,No,Bank transfer (automatic),66.9,4370.25,0,60-72,0,5,1,66.2159090909091,0
9356-AXGMP,Male,0,Yes,No,38,Yes,Yes,Fiber optic,Yes,No,Yes,Yes,Yes,Yes,One year,Yes,Electronic check,110.7,4428.6,0,36-48,0,7,1,116.54210526315791,1
3556-BVQGL,Female,0,Yes,No,20,Yes,No,No,No,No,No,No,No,No,One year,Yes,Mailed check,20.0,416.45,0,12-24,0,1,0,20.822499999999998,1
0362-ZBZWJ,Male,0,No,No,36,Yes,Yes,Fiber optic,No,No,No,No,No,Yes,Month-to-month,Yes,Electronic check,84.9,3067.2,1,24-36,0,3,1,85.19999999999999,2
8979-CAMGB,Male,1,No,No,64,Yes,Yes,Fiber optic,No,No,Yes,Yes,Yes,Yes,One year,No,Electronic check,102.1,6688.1,0,60-72,0,6,1,104.5015625,1
4211-MMAZN,Male,0,No,No,1,Yes,No,No,No,No,No,No,No,No,Month-to-month,No,Mailed check,20.25,20.25,1,0-12,1,1,0,20.25,2
7581-EBBOU,Female,0,No,No,60,Yes,No,DSL,No,Yes,Yes,Yes,Yes,No,One year,Yes,Credit card (automatic),70.15,4224.7,0,48-60,0,5,1,70.41166666666666,1
4274-OWWYO,Male,0,No,No,1,Yes,No,Fiber optic,No,Yes,No,No,No,No,Month-to-month,Yes,Electronic check,74.35,74.35,1,0-12,1,2,1,74.35,2
5073-RZGBK,Female,0,Yes,Yes,50,Yes,Yes,DSL,Yes,Yes,Yes,Yes,No,Yes,One year,Yes,Bank transfer (automatic),80.05,4042.2,0,48-60,0,7,1,80.844,1
1541-ETJZO,Male,0,No,No,1,Yes,Yes,DSL,No,No,Yes,Yes,No,No,Month-to-month,No,Mailed check,62.05,62.05,1,0-12,1,4,1,62.05,2
2192-CKRLV,Female,0,Yes,No,72,No,No,DSL,Yes,Yes,Yes,No,No,Yes,Two year,Yes,Electronic check,49.2,3580.95,0,60-72,0,4,0,49.735416666666666,0
3154-HMWUU,Male,0,Yes,No,60,Yes,No,No,No,No,No,No,No,No,Two year,Yes,Bank transfer (automatic),20.5,1198.8,0,48-60,0,1,0,19.98,0
6119-SPUDB,Male,0,No,No,46,No,No,DSL,Yes,No,Yes,Yes,No,No,Two year,No,Mailed check,38.25,1755.35,0,36-48,0,3,0,38.15978260869565,0
6522-OIQSX,Female,0,Yes,Yes,69,No,No,DSL,No,Yes,Yes,No,Yes,Yes,Two year,Yes,Credit card (automatic),54.95,3772.5,0,60-72,0,4,0,54.67391304347826,0
7813-ZGGAW,Male,1,No,No,31,Yes,Yes,Fiber optic,No,No,Yes,Yes,Yes,No,Month-to-month,Yes,Bank transfer (automatic),96.6,2877.95,0,24-36,0,5,1,92.83709677419354,2
8748-HFWBO,Male,0,Yes,Yes,19,Yes,No,No,No,No,No,No,No,No,One year,No,Mailed check,19.9,357.7,0,12-24,0,1,0,18.826315789473682,1
1052-QJIBV,Female,0,Yes,Yes,71,Yes,No,No,No,No,No,No,No,No,Two year,No,Credit card (automatic),19.9,1397.3,0,60-72,0,1,0,19.680281690140845,0
1319-YLZJG,Male,0,Yes,No,12,Yes,No,Fiber optic,Yes,Yes,Yes,No,No,No,Month-to-month,Yes,Electronic check,84.6,959.9,0,0-12,0,4,1,79.99166666666666,2
4106-HADHQ,Male,0,Yes,Yes,39,Yes,No,DSL,Yes,No,Yes,Yes,Yes,Yes,One year,No,Credit card (automatic),80.0,3182.95,1,36-48,0,6,1,81.61410256410257,1
0723-FDLAY,Male,0,No,No,44,Yes,Yes,DSL,No,Yes,Yes,Yes,Yes,Yes,One year,Yes,Bank transfer (automatic),85.25,3704.15,0,36-48,0,7,1,84.18522727272727,1
3050-RLLXC,Female,0,Yes,Yes,56,Yes,Yes,DSL,Yes,Yes,Yes,Yes,Yes,No,Two year,No,Credit card (automatic),81.25,4620.4,0,48-60,0,7,1,82.50714285714285,0
9298-WGMRW,Female,0,Yes,No,72,Yes,Yes,Fiber optic,Yes,Yes,Yes,Yes,Yes,Yes,Two year,Yes,Bank transfer (automatic),115.5,8312.75,0,60-72,0,8,1,115.45486111111111,0
2369-UAPKZ,Male,0,No,No,5,Yes,Yes,Fiber optic,No,Yes,Yes,No,Yes,Yes,Month-to-month,No,Mailed check,104.1,541.9,1,0-12,1,6,1,108.38,2
3088-LHEFH,Female,0,No,No,11,Yes,Yes,Fiber optic,Yes,No,No,No,No,No,Month-to-month,Yes,Bank transfer (automatic),79.0,929.3,0,0-12,0,3,1,84.48181818181818,2
2778-OCLGR,Male,1,Yes,No,24,No,No,DSL,Yes,No,No,No,No,Yes,Month-to-month,No,Bank transfer (automatic),39.1,971.3,1,12-24,0,2,0,40.47083333333333,2
6583-KQJLK,Female,1,Yes,No,15,Yes,No,Fiber optic,No,Yes,No,No,Yes,Yes,Month-to-month,Yes,Electronic check,94.65,1285.05,0,12-24,0,4,1,85.67,2
8544-JNBOX,Male,0,No,No,72,Yes,No,No,No,No,No,No,No,No,Two year,Yes,Mailed check,20.8,1521.2,0,60-72,0,1,0,21.12777777777778,0
6681-ZSEXG,Male,0,Yes,No,56,Yes,Yes,DSL,No,Yes,Yes,No,No,No,Two year,No,Credit card (automatic),59.5,3389.25,0,48-60,0,4,1,60.52232142857143,0
6139-ZZRBQ,Male,1,No,No,64,Yes,No,No,No,No,No,No,No,No,Two year,Yes,Bank transfer (automatic),20.05,1198.05,0,60-72,0,1,0,18.71953125,0
6116-RFVHN,Female,0,Yes,No,34,Yes,Yes,Fiber optic,No,No,Yes,No,Yes,Yes,Month-to-month,Yes,Electronic check,100.45,3414.65,0,24-36,0,5,1,100.43088235294118,2
0637-KVDLV,Male,0,No,No,2,Yes,Yes,Fiber optic,No,No,No,No,No,No,Month-to-month,Yes,Electronic check,76.5,162.45,1,0-12,1,2,1,81.225,2
8884-FEEWR,Male,0,No,No,35,Yes,No,No,No,No,No,No,No,No,One year,No,Bank transfer (automatic),20.6,754.0,0,24-36,0,1,0,21.542857142857144,1
3125-RAHBV,Male,0,No,No,22,Yes,No,No,No,No,No,No,No,No,One year,No,Credit card (automatic),20.3,467.15,0,12-24,0,1,0,21.23409090909091,1
6633-MPWBS,Male,0,No,No,5,Yes,No,DSL,No,No,No,Yes,No,No,Month-to-month,Yes,Electronic check,49.2,216.9,1,0-12,1,2,1,43.38,2
0373-AIVNJ,Male,0,No,No,9,No,No,DSL,Yes,Yes,Yes,No,No,No,One year,No,Mailed check,39.55,373.0,0,0-12,0,3,0,41.44444444444444,1
8785-EPNCG,Male,0,No,No,11,Yes,Yes,No,No,No,No,No,No,No,Month-to-month,No,Credit card (automatic),23.15,245.2,1,0-12,0,2,0,22.29090909090909,2
1682-VCOIO,Male,0,No,No,23,Yes,No,No,No,No,No,No,No,No,One year,No,Mailed check,20.45,481.1,0,12-24,0,1,0,20.917391304347827,1
5729-KLZAR,Female,0,Yes,Yes,4,Yes,No,Fiber optic,No,No,No,No,No,Yes,Month-to-month,No,Electronic check,80.85,302.75,1,0-12,1,2,1,75.6875,2
2072-ZVJJX,Male,0,Yes,No,68,Yes,Yes,No,No,No,No,No,No,No,Two year,No,Bank transfer (automatic),25.25,1728.2,0,60-72,0,2,0,25.41470588235294,0
8849-AYPTR,Male,0,Yes,No,33,Yes,No,Fiber optic,No,No,No,No,Yes,Yes,Month-to-month,No,Electronic check,91.25,2964.05,0,24-36,0,3,1,89.81969696969698,2
9518-IMLHK,Male,0,No,No,31,Yes,No,DSL,Yes,Yes,Yes,Yes,Yes,No,Month-to-month,Yes,Bank transfer (automatic),72.45,2156.25,0,24-36,0,6,1,69.55645161290323,2
1582-RAFML,Male,0,No,No,1,Yes,Yes,DSL,No,Yes,No,Yes,No,No,Month-to-month,No,Mailed check,60.1,60.1,1,0-12,1,4,1,60.1,2
3646-ITDGM,Female,0,No,No,56,Yes,No,No,No,No,No,No,No,No,Two year,No,Bank transfer (automatic),19.7,1051.9,0,48-60,0,1,0,18.78392857142857,0
8740-CRYFY,Male,0,No,No,1,Yes,No,Fiber optic,No,No,No,No,Yes,No,Month-to-month,Yes,Electronic check,78.95,78.95,1,0-12,1,2,1,78.95,2
3569-VLDHH,Male,0,Yes,Yes,66,Yes,No,DSL,Yes,Yes,Yes,Yes,Yes,No,One year,Yes,Electronic check,75.1,5013.0,0,60-72,0,6,1,75.95454545454545,1
8224-KDLKN,Male,0,Yes,Yes,72,Yes,Yes,No,No,No,No,No,No,No,Two year,No,Bank transfer (automatic),25.0,1738.9,0,60-72,0,2,0,24.15138888888889,0
7594-LZNWR,Male,1,No,No,34,Yes,No,Fiber optic,No,No,No,No,No,No,Month-to-month,No,Credit card (automatic),69.15,2275.1,0,24-36,0,1,1,66.91470588235293,2
4001-TSBTV,Female,0,Yes,Yes,58,Yes,No,Fiber optic,No,Yes,Yes,No,Yes,No,Month-to-month,Yes,Electronic check,91.55,5511.65,0,48-60,0,4,1,95.02844827586206,2
2962-XPMCQ,Male,0,No,No,2,Yes,No,DSL,No,No,No,No,No,No,Month-to-month,Yes,Electronic check,45.15,98.5,1,0-12,1,1,1,49.25,2
8727-XDPUD,Male,0,No,No,37,No,No,DSL,No,No,No,No,Yes,No,Two year,No,Credit card (automatic),35.8,1316.9,0,36-48,0,1,0,35.5918918918919,0
1043-UXOVO,Female,0,No,No,71,Yes,Yes,Fiber optic,Yes,Yes,Yes,Yes,Yes,Yes,Two year,Yes,Credit card (automatic),113.15,7993.3,0,60-72,0,8,1,112.58169014084507,0
1064-FBXNK,Male,0,Yes,Yes,1,Yes,No,No,No,No,No,No,No,No,One year,No,Credit card (automatic),19.85,19.85,0,0-12,1,1,0,19.85,1
3996-ZNWYK,Male,1,Yes,Yes,71,Yes,No,No,No,No,No,No,No,No,Two year,No,Credit card (automatic),19.8,1388.45,0,60-72,0,1,0,19.555633802816903,0
2878-DHMIN,Male,0,Yes,Yes,35,Yes,No,No,No,No,No,No,No,No,One year,No,Electronic check,19.9,666.0,0,24-36,0,1,0,19.02857142857143,1
7762-ONLJY,Female,0,Yes,Yes,6,Yes,No,No,No,No,No,No,No,No,One year,No,Mailed check,19.7,94.45,0,0-12,1,1,0,15.741666666666667,1
1678-FYZOW,Female,0,No,No,3,Yes,No,Fiber optic,No,No,No,No,Yes,No,Month-to-month,Yes,Electronic check,79.4,244.65,1,0-12,1,2,1,81.55,2
5795-BKOYE,Female,0,Yes,Yes,69,Yes,No,DSL,No,Yes,Yes,Yes,No,No,One year,No,Bank transfer (automatic),59.1,4134.7,0,60-72,0,4,1,59.9231884057971,1
8627-EHGIP,Male,0,No,No,44,No,No,DSL,No,Yes,Yes,No,Yes,Yes,One year,Yes,Mailed check,53.95,2375.4,1,36-48,0,4,0,53.98636363636364,1
7402-PWYJJ,Female,0,Yes,No,53,Yes,Yes,Fiber optic,No,No,No,Yes,No,Yes,One year,Yes,Electronic check,91.15,4862.5,0,48-60,0,4,1,91.74528301886792,1
5480-TBGPH,Female,0,Yes,No,24,Yes,No,Fiber optic,No,Yes,Yes,No,Yes,Yes,Month-to-month,Yes,Credit card (automatic),99.3,2431.35,1,12-24,0,5,1,101.30624999999999,2
0018-NYROU,Female,0,Yes,No,5,Yes,No,Fiber optic,No,No,No,No,No,No,Month-to-month,Yes,Electronic check,68.95,351.5,0,0-12,1,1,1,70.3,2
7501-VTYLJ,Female,0,No,Yes,2,Yes,No,DSL,No,Yes,No,No,No,No,Month-to-month,No,Mailed check,51.55,106.2,0,0-12,1,2,1,53.1,2
7608-RGIRO,Male,0,No,Yes,62,Yes,Yes,No,No,No,No,No,No,No,Two year,Yes,Mailed check,24.4,1413.0,0,60-72,0,2,0,22.79032258064516,0
0480-BIXDE,Female,0,Yes,No,19,Yes,No,Fiber optic,No,No,Yes,No,Yes,Yes,Month-to-month,Yes,Electronic check,96.8,1743.05,0,12-24,0,4,1,91.73947368421052,2
5895-QSXOD,Male,0,No,No,9,Yes,No,Fiber optic,No,No,No,No,No,No,Month-to-month,No,Mailed check,70.05,657.5,0,0-12,0,1,1,73.05555555555556,2
9814-AOUDH,Male,0,No,No,53,Yes,No,No,No,No,No,No,No,No,Two year,No,Credit card (automatic),19.5,1050.5,0,48-60,0,1,0,19.82075471698113,0
6175-IRFIT,Male,0,No,No,5,Yes,No,Fiber optic,No,No,No,No,No,Yes,Month-to-month,No,Mailed check,78.75,426.35,0,0-12,1,2,1,85.27000000000001,2
8760-ZRHKE,Female,1,Yes,Yes,71,Yes,Yes,DSL,Yes,Yes,No,No,Yes,No,One year,No,Electronic check,69.2,4982.5,0,60-72,0,5,1,70.17605633802818,1
1622-HSHSF,Female,0,No,No,1,Yes,No,No,No,No,No,No,No,No,Month-to-month,Yes,Mailed check,19.55,19.55,0,0-12,1,1,0,19.55,2
8854-CCVSQ,Male,0,No,No,18,Yes,Yes,Fiber optic,No,Yes,No,No,No,No,Month-to-month,Yes,Electronic check,80.65,1451.9,1,12-24,0,3,1,80.66111111111111,2
6749-UTDVX,Male,0,No,No,72,Yes,Yes,Fiber optic,No,Yes,Yes,No,Yes,Yes,Two year,Yes,Electronic check,103.65,7634.8,0,60-72,0,6,1,106.03888888888889,0
5542-DHSXL,Female,0,Yes,No,4,Yes,No,DSL,Yes,Yes,No,No,No,No,Month-to-month,No,Mailed check,54.7,235.05,0,0-12,1,3,1,58.7625,2
9102-OXKFY,Male,0,No,No,59,Yes,Yes,DSL,No,No,Yes,No,No,No,Two year,No,Credit card (automatic),54.15,3116.15,0,48-60,0,3,1,52.816101694915254,0
0511-JTEOY,Female,0,No,No,1,Yes,No,Fiber optic,No,No,No,No,No,No,Month-to-month,No,Mailed check,71.1,71.1,1,0-12,1,1,1,71.1,2
5216-WASFJ,Female,1,Yes,No,31,Yes,Yes,Fiber optic,No,No,No,No,No,Yes,Month-to-month,Yes,Electronic check,84.85,2633.4,0,24-36,0,3,1,84.9483870967742,2
7808-DVWEP,Male,0,Yes,No,3,Yes,No,No,No,No,No,No,No,No,Month-to-month,No,Bank transfer (automatic),20.0,49.65,0,0-12,1,1,0,16.55,2
7067-KSAZT,Female,1,Yes,No,65,Yes,Yes,Fiber optic,No,Yes,Yes,No,Yes,Yes,One year,Yes,Electronic check,106.25,6979.8,1,60-72,0,6,1,107.38153846153847,1
2284-VFLKH,Male,0,Yes,No,49,Yes,No,Fiber optic,No,No,Yes,Yes,Yes,Yes,One year,Yes,Credit card (automatic),99.25,4920.8,0,48-60,0,5,1,100.42448979591838,1
0366-NQSHS,Male,0,No,No,2,Yes,No,No,No,No,No,No,No,No,Month-to-month,No,Mailed check,19.35,46.35,0,0-12,1,1,0,23.175,2
6532-YLWSI,Female,0,Yes,No,53,Yes,No,No,No,No,No,No,No,No,One year,No,Bank transfer (automatic),20.8,1021.8,1,48-60,0,1,0,19.279245283018867,1
3807-BPOMJ,Female,0,Yes,No,55,Yes,No,Fiber optic,Yes,No,No,No,Yes,Yes,One year,Yes,Electronic check,94.75,5276.1,0,48-60,0,4,1,95.92909090909092,1
3892-NXAZG,Male,0,Yes,Yes,72,Yes,Yes,Fiber optic,Yes,Yes,Yes,Yes,Yes,Yes,Two year,Yes,Credit card (automatic),114.05,8289.2,0,60-72,0,8,1,115.1277777777778,0
4948-WBBKL,Female,1,No,No,36,Yes,Yes,Fiber optic,No,No,No,No,No,No,Month-to-month,Yes,Bank transfer (automatic),74.9,2659.45,0,24-36,0,2,1,73.8736111111111,2
4182-BGSIQ,Female,0,Yes,Yes,10,Yes,No,No,No,No,No,No,No,No,Month-to-month,Yes,Bank transfer (automatic),19.8,196.75,0,0-12,0,1,0,19.675,2
9300-AGZNL,Male,1,No,No,1,Yes,Yes,Fiber optic,No,No,No,No,Yes,Yes,Month-to-month,Yes,Electronic check,94.0,94.0,1,0-12,1,4,1,94.0,2
0988-AADSA,Female,0,Yes,Yes,72,Yes,Yes,DSL,Yes,Yes,Yes,Yes,No,Yes,Two year,No,Bank transfer (automatic),80.85,5824.75,0,60-72,0,7,1,80.89930555555556,0
9972-NKTFD,Female,0,No,No,28,Yes,No,DSL,No,Yes,No,Yes,No,No,Month-to-month,No,Bank transfer (automatic),54.65,1517.5,0,24-36,0,3,1,54.19642857142857,2
3717-LNXKW,Male,0,Yes,No,38,Yes,Yes,Fiber optic,Yes,No,No,No,Yes,No,Month-to-month,No,Bank transfer (automatic),91.7,3479.05,0,36-48,0,4,1,91.55394736842106,2
5734-EJKXG,Female,0,No,No,61,Yes,Yes,Fiber optic,Yes,Yes,Yes,Yes,Yes,Yes,One year,Yes,Electronic check,118.6,7365.7,0,60-72,0,8,1,120.74918032786886,1
2207-RYYRL,Male,0,Yes,Yes,52,Yes,Yes,No,No,No,No,No,No,No,Two year,No,Mailed check,24.55,1331.05,0,48-60,0,2,0,25.597115384615385,0
6729-FZWSY,Male,0,No,No,67,Yes,No,No,No,No,No,No,No,No,One year,Yes,Mailed check,19.45,1195.95,0,60-72,0,1,0,17.85,1
9695-IDRZR,Female,0,No,Yes,34,Yes,Yes,Fiber optic,Yes,Yes,Yes,Yes,Yes,Yes,Two year,Yes,Credit card (automatic),116.15,3946.9,0,24-36,0,8,1,116.08529411764707,0
8144-DGHXP,Female,0,No,No,54,Yes,No,DSL,Yes,No,Yes,Yes,Yes,Yes,Two year,No,Electronic check,80.6,4299.95,0,48-60,0,6,1,79.6287037037037,0
7814-LEEVE,Female,0,Yes,No,1,Yes,No,No,No,No,No,No,No,No,Month-to-month,Yes,Bank transfer (automatic),20.3,20.3,0,0-12,1,1,0,20.3,2
1112-CUNAO,Female,1,No,No,15,Yes,Yes,Fiber optic,No,Yes,No,No,No,Yes,Month-to-month,No,Electronic check,89.85,1424.95,1,12-24,0,4,1,94.99666666666667,2
5175-AOBHI,Female,0,No,No,4,Yes,No,DSL,No,No,No,No,No,No,Month-to-month,Yes,Mailed check,46.0,193.6,1,0-12,1,1,1,48.4,2
5174-RNGBH,Female,0,No,No,9,Yes,No,DSL,No,Yes,No,Yes,Yes,No,Month-to-month,No,Mailed check,66.25,620.55,1,0-12,0,4,1,68.94999999999999,2
8631-WUXGY,Female,0,No,Yes,46,Yes,No,Fiber optic,No,Yes,Yes,No,Yes,Yes,Month-to-month,Yes,Electronic check,99.8,4391.25,0,36-48,0,5,1,95.46195652173913,2
7270-BDIOA,Female,0,No,No,22,Yes,Yes,Fiber optic,No,No,No,Yes,Yes,No,Month-to-month,Yes,Electronic check,90.0,1993.8,1,12-24,0,4,1,90.62727272727273,2
9565-JSNFM,Male,0,No,No,38,Yes,No,Fiber optic,No,No,No,No,No,No,One year,Yes,Bank transfer (automatic),70.45,2597.6,1,36-48,0,1,1,68.3578947368421,1
5906-DVAPM,Female,0,Yes,Yes,55,Yes,Yes,DSL,Yes,Yes,No,Yes,Yes,No,One year,Yes,Credit card (automatic),75.0,4213.9,0,48-60,0,6,1,76.61636363636363,1
6654-QGBZZ,Female,0,No,No,1,Yes,No,No,No,No,No,No,No,No,Month-to-month,No,Mailed check,19.9,19.9,0,0-12,1,1,0,19.9,2
8348-JLBUG,Male,1,Yes,No,64,Yes,No,Fiber optic,Yes,No,Yes,No,No,No,One year,No,Credit card (automatic),80.3,5017.7,0,60-72,0,3,1,78.4015625,1
0607-DAAHE,Male,0,No,Yes,53,Yes,No,No,No,No,No,No,No,No,Two year,No,Bank transfer (automatic),19.75,1052.35,1,48-60,0,1,0,19.85566037735849,0
5641-DMBFJ,Female,0,Yes,No,58,Yes,Yes,DSL,Yes,No,Yes,Yes,Yes,Yes,Two year,Yes,Electronic check,84.3,4916.4,0,48-60,0,7,1,84.7655172413793,0
9200-NLNPD,Male,0,Yes,No,56,No,No,DSL,No,No,Yes,Yes,Yes,Yes,One year,Yes,Bank transfer (automatic),54.05,2959.8,0,48-60,0,4,0,52.853571428571435,1
2664-XJZNO,Male,0,Yes,Yes,72,Yes,No,Fiber optic,Yes,No,Yes,Yes,Yes,Yes,Two year,Yes,Credit card (automatic),104.9,7559.55,0,60-72,0,6,1,104.99375,0
9732-KPKBW,Male,0,No,No,1,Yes,No,DSL,Yes,No,No,Yes,No,No,Month-to-month,Yes,Electronic check,53.95,53.95,1,0-12,1,3,1,53.95,2
3339-EAQNV,Male,1,Yes,No,72,Yes,Yes,Fiber optic,No,Yes,No,No,Yes,Yes,One year,Yes,Credit card (automatic),97.25,7133.1,0,60-72,0,5,1,99.07083333333334,1
0921-OHLVP,Male,0,No,No,22,Yes,Yes,Fiber optic,No,No,No,No,No,Yes,Month-to-month,No,Electronic check,83.05,1799.3,0,12-24,0,3,1,81.78636363636363,2
3389-YGYAI,Female,1,No,No,8,Yes,Yes,Fiber optic,No,Yes,Yes,No,Yes,Yes,Month-to-month,Yes,Electronic check,105.5,829.55,1,0-12,0,6,1,103.69375,2
9560-ARGQJ,Female,0,No,Yes,16,Yes,No,Fiber optic,No,No,No,No,Yes,No,Month-to-month,Yes,Electronic check,81.0,1312.15,1,12-24,0,2,1,82.009375,2
8350-NYMVI,Female,0,No,No,39,No,No,DSL,No,Yes,Yes,Yes,No,No,Month-to-month,No,Bank transfer (automatic),41.1,1597.05,0,36-48,0,3,0,40.949999999999996,2
1600-DILPE,Female,0,No,No,12,Yes,No,DSL,No,No,No,No,No,No,Month-to-month,Yes,Bank transfer (automatic),45.0,524.35,0,0-12,0,1,1,43.69583333333333,2
0536-ESJEP,Male,0,Yes,No,54,Yes,No,DSL,Yes,Yes,No,No,Yes,Yes,Two year,Yes,Bank transfer (automatic),74.55,4191.45,0,48-60,0,5,1,77.61944444444444,0
4654-GGUII,Female,0,No,No,18,No,No,DSL,Yes,Yes,No,Yes,No,No,One year,Yes,Mailed check,40.2,711.95,0,12-24,0,3,0,39.55277777777778,1
6478-HRRCZ,Male,0,Yes,No,32,Yes,No,DSL,Yes,Yes,No,Yes,No,Yes,One year,No,Mailed check,70.5,2201.75,0,24-36,0,5,1,68.8046875,1
8510-BBWMU,Female,0,No,No,41,Yes,No,No,No,No,No,No,No,No,One year,Yes,Mailed check,19.75,806.95,0,36-48,0,1,0,19.681707317073172,1
6857-TKDJV,Male,0,Yes,Yes,67,Yes,Yes,No,No,No,No,No,No,No,Two year,No,Bank transfer (automatic),24.65,1620.45,0,60-72,0,2,0,24.18582089552239,0
2360-RDGRO,Male,0,Yes,No,65,Yes,Yes,Fiber optic,Yes,No,Yes,No,Yes,Yes,Month-to-month,Yes,Electronic check,104.25,6812.95,0,60-72,0,6,1,104.81461538461538,2
0584-BJQGZ,Female,0,No,No,25,Yes,Yes,DSL,Yes,Yes,Yes,Yes,Yes,No,Month-to-month,Yes,Bank transfer (automatic),78.35,1837.9,0,24-36,0,7,1,73.516,2
5134-IKDAY,Female,0,Yes,Yes,1,Yes,No,Fiber optic,No,No,No,No,No,No,Month-to-month,Yes,Electronic check,69.8,69.8,1,0-12,1,1,1,69.8,2
1360-XFJMR,Female,0,Yes,No,67,Yes,Yes,Fiber optic,No,Yes,Yes,Yes,Yes,Yes,One year,Yes,Credit card (automatic),109.7,7344.45,0,60-72,0,7,1,109.6186567164179,1
3070-DVEYC,Male,1,No,No,7,Yes,Yes,Fiber optic,No,No,No,No,No,No,Month-to-month,No,Mailed check,73.75,545.15,1,0-12,0,2,1,77.87857142857142,2
5730-RIITO,Female,1,No,No,43,No,No,DSL,Yes,Yes,No,No,No,No,Month-to-month,Yes,Credit card (automatic),33.45,1500.25,0,36-48,0,2,0,34.88953488372093,2
9058-MJLZC,Female,0,No,No,24,Yes,No,Fiber optic,Yes,No,No,No,Yes,Yes,Month-to-month,Yes,Electronic check,94.6,2283.15,0,12-24,0,4,1,95.13125000000001,2
5707-ORNDZ,Male,1,No,No,9,Yes,Yes,DSL,Yes,No,No,No,No,No,Month-to-month,No,Electronic check,54.55,494.05,1,0-12,0,3,1,54.894444444444446,2
0902-XKXPN,Male,0,Yes,Yes,69,Yes,No,No,No,No,No,No,No,No,Two year,No,Bank transfer (automatic),20.2,1376.5,0,60-72,0,1,0,19.94927536231884,0
5177-RVZNU,Female,0,No,Yes,37,Yes,No,No,No,No,No,No,No,No,One year,No,Bank transfer (automatic),20.3,755.4,0,36-48,0,1,0,20.416216216216217,1
0056-EPFBG,Male,0,Yes,Yes,20,No,No,DSL,Yes,No,Yes,Yes,No,No,Two year,Yes,Credit card (automatic),39.4,825.4,0,12-24,0,3,0,41.269999999999996,0
8993-IZEUX,Male,0,No,No,7,Yes,No,Fiber optic,No,No,No,No,No,No,Month-to-month,No,Bank transfer (automatic),69.15,488.65,0,0-12,0,1,1,69.80714285714285,2
8696-JKZNU,Female,1,No,No,37,Yes,Yes,Fiber optic,No,No,No,No,No,No,Month-to-month,Yes,Electronic check,76.25,2841.55,1,36-48,0,2,1,76.79864864864865,2
5380-AFSSK,Female,0,No,No,5,Yes,Yes,Fiber optic,No,No,No,No,Yes,Yes,Month-to-month,Yes,Mailed check,93.9,486.85,1,0-12,1,4,1,97.37,2
8190-ZTQFB,Male,0,No,No,41,No,No,DSL,No,No,Yes,No,Yes,Yes,One year,Yes,Electronic check,51.35,2075.1,0,36-48,0,3,0,50.61219512195122,1
0931-MHTEM,Female,0,No,No,54,Yes,No,Fiber optic,Yes,Yes,No,No,Yes,Yes,One year,Yes,Credit card (automatic),100.05,5299.65,0,48-60,0,5,1,98.14166666666667,1
2055-PDADH,Female,1,No,No,3,Yes,No,Fiber optic,No,No,No,No,No,No,Month-to-month,Yes,Electronic check,70.4,204.7,1,0-12,1,1,1,68.23333333333333,2
7515-LODFU,Male,1,No,No,69,Yes,No,No,No,No,No,No,No,No,Two year,No,Credit card (automatic),20.3,1356.3,0,60-72,0,1,0,19.656521739130433,0
0440-UEDAI,Female,0,No,No,53,Yes,No,Fiber optic,No,Yes,Yes,Yes,No,Yes,One year,Yes,Credit card (automatic),94.45,5042.75,0,48-60,0,5,1,95.14622641509433,1
1337-BOZWO,Male,0,Yes,Yes,18,No,No,DSL,No,Yes,Yes,No,Yes,No,One year,No,Credit card (automatic),46.4,812.4,0,12-24,0,3,0,45.13333333333333,1
0868-VJRDR,Male,0,Yes,No,64,Yes,No,Fiber optic,Yes,Yes,No,Yes,Yes,Yes,Two year,Yes,Credit card (automatic),104.05,6605.55,0,60-72,0,6,1,103.21171875,0
8714-EUHJO,Female,0,Yes,Yes,31,Yes,Yes,Fiber optic,No,Yes,No,No,No,Yes,Month-to-month,Yes,Electronic check,91.15,2995.45,1,24-36,0,4,1,96.62741935483871,2
6344-SFJVH,Female,0,No,No,20,No,No,DSL,No,No,No,No,No,No,Month-to-month,No,Credit card (automatic),24.9,505.95,0,12-24,0,0,0,25.2975,2
3950-VPYJB,Male,0,Yes,Yes,57,Yes,No,DSL,Yes,Yes,No,Yes,No,No,One year,No,Mailed check,59.6,3509.4,0,48-60,0,4,1,61.56842105263158,1
8041-TMEID,Male,1,Yes,No,63,Yes,Yes,Fiber optic,Yes,Yes,Yes,No,Yes,Yes,Two year,No,Credit card (automatic),108.5,6991.9,0,60-72,0,7,1,110.98253968253968,0
7321-ZNSLA,Male,0,Yes,Yes,13,No,No,DSL,Yes,Yes,No,Yes,No,No,Two year,No,Mailed check,40.55,590.35,0,12-24,0,3,0,45.41153846153846,0
6941-KXRRV,Female,1,Yes,No,48,Yes,No,DSL,No,Yes,No,No,No,Yes,One year,Yes,Bank transfer (automatic),58.95,2789.7,0,36-48,0,3,1,58.11875,1
3721-CNEYS,Female,0,No,No,2,Yes,No,Fiber optic,No,No,No,No,No,No,Month-to-month,Yes,Electronic check,70.95,137.95,1,0-12,1,1,1,68.975,2
8727-JQFHV,Male,0,Yes,Yes,57,Yes,No,No,No,No,No,No,No,No,Two year,No,Mailed check,20.75,1123.15,0,48-60,0,1,0,19.704385964912284,0
9475-NNDGC,Male,0,Yes,No,71,Yes,Yes,Fiber optic,No,Yes,Yes,Yes,Yes,Yes,One year,Yes,Bank transfer (automatic),113.15,7953.25,0,60-72,0,7,1,112.01760563380282,1
1355-KUSBG,Female,0,Yes,Yes,7,Yes,Yes,DSL,No,No,No,No,No,No,Month-to-month,No,Electronic check,48.8,349.8,0,0-12,0,2,1,49.971428571428575,2
3688-FTHLT,Female,0,No,No,16,Yes,Yes,DSL,No,No,No,No,No,Yes,Month-to-month,Yes,Bank transfer (automatic),63.05,1067.05,0,12-24,0,3,1,66.690625,2
0899-LIIBW,Male,0,Yes,No,34,Yes,Yes,Fiber optic,No,No,Yes,No,Yes,Yes,Month-to-month,No,Electronic check,100.85,3527.3,0,24-36,0,5,1,103.74411764705883,2
2568-OIADY,Female,0,Yes,No,37,Yes,Yes,Fiber optic,No,No,Yes,No,Yes,Yes,Month-to-month,Yes,Electronic check,99.5,3762.0,1,36-48,0,5,1,101.67567567567568,2
1384-RCUXW,Male,0,No,No,16,Yes,Yes,Fiber optic,No,Yes,No,No,No,No,Month-to-month,Yes,Mailed check,80.55,1248.9,0,12-24,0,3,1,78.05625,2
5825-XJOCM,Male,0,No,Yes,48,Yes,Yes,DSL,Yes,Yes,Yes,No,No,No,One year,Yes,Bank transfer (automatic),64.4,3035.35,0,36-48,0,5,1,63.23645833333333,1
6848-YLDFR,Male,0,Yes,Yes,58,Yes,No,DSL,No,Yes,No,Yes,Yes,Yes,One year,Yes,Credit card (automatic),75.2,4300.8,0,48-60,0,5,1,74.15172413793104,1
8125-QPFJD,Female,0,Yes,No,72,Yes,Yes,DSL,Yes,No,Yes,Yes,Yes,Yes,Two year,Yes,Bank transfer (automatic),84.9,6065.3,0,60-72,0,7,1,84.24027777777778,0
2320-YKQBO,Female,0,No,No,7,Yes,No,No,No,No,No,No,No,No,Month-to-month,No,Mailed check,19.3,144.95,0,0-12,0,1,0,20.707142857142856,2
1193-RTSLK,Female,0,No,No,38,Yes,No,Fiber optic,Yes,Yes,Yes,No,No,No,Month-to-month,Yes,Credit card (automatic),83.9,3233.6,1,36-48,0,4,1,85.09473684210526,2
2302-ANTDP,Female,1,Yes,No,48,Yes,Yes,Fiber optic,Yes,Yes,Yes,Yes,Yes,Yes,Month-to-month,No,Electronic check,117.45,5438.9,1,36-48,0,8,1,113.31041666666665,2
5923-GXUOC,Male,0,No,No,10,Yes,No,Fiber optic,Yes,Yes,Yes,No,Yes,Yes,Month-to-month,Yes,Electronic check,104.4,1081.45,1,0-12,0,6,1,108.14500000000001,2
4973-RLZVI,Female,0,No,No,30,Yes,No,DSL,Yes,Yes,Yes,Yes,Yes,No,One year,No,Credit card (automatic),74.65,2308.6,0,24-36,0,6,1,76.95333333333333,1
7869-ZYDST,Male,0,Yes,No,31,Yes,Yes,DSL,No,No,No,No,Yes,No,Month-to-month,Yes,Credit card (automatic),59.05,1882.8,0,24-36,0,3,1,60.73548387096774,2
4501-UYKBC,Female,1,No,No,46,Yes,Yes,DSL,No,No,Yes,Yes,No,Yes,One year,Yes,Credit card (automatic),69.1,3255.35,0,36-48,0,5,1,70.76847826086956,1
1215-EXRMO,Male,0,Yes,No,50,Yes,No,No,No,No,No,No,No,No,Two year,No,Mailed check,20.55,1067.65,0,48-60,0,1,0,21.353,0
2305-MRGLV,Male,0,Yes,No,28,Yes,No,Fiber optic,No,No,No,Yes,No,No,Month-to-month,No,Bank transfer (automatic),76.55,2065.4,0,24-36,0,2,1,73.76428571428572,2
8404-VIOMB,Female,0,No,No,66,No,No,DSL,Yes,Yes,Yes,Yes,Yes,Yes,Two year,Yes,Bank transfer (automatic),62.5,4136.4,0,60-72,0,6,0,62.672727272727265,0
5233-GEEAX,Male,1,No,No,8,No,No,DSL,No,No,Yes,No,No,No,Month-to-month,Yes,Electronic check,29.4,221.9,1,0-12,0,1,0,27.7375,2
2359-KLTEK,Female,0,Yes,Yes,41,Yes,No,Fiber optic,No,No,Yes,No,Yes,Yes,Month-to-month,Yes,Bank transfer (automatic),94.9,3848.0,0,36-48,0,4,1,93.85365853658537,2
5304-EFJLP,Male,1,Yes,No,72,Yes,Yes,Fiber optic,No,Yes,Yes,Yes,Yes,Yes,Two year,Yes,Bank transfer (automatic),111.65,8022.85,0,60-72,0,7,1,111.42847222222223,0
2673-ZALNP,Female,0,No,No,7,Yes,No,No,No,No,No,No,No,No,One year,No,Mailed check,19.9,173.15,0,0-12,0,1,0,24.735714285714288,1
9184-GALIL,Female,0,Yes,Yes,38,Yes,No,No,No,No,No,No,No,No,Month-to-month,No,Mailed check,20.45,781.25,0,36-48,0,1,0,20.55921052631579,2
4393-RYCRE,Male,0,No,No,44,Yes,No,Fiber optic,Yes,Yes,Yes,No,Yes,Yes,One year,Yes,Electronic check,106.05,4510.8,0,36-48,0,6,1,102.51818181818182,1
9746-MDMBK,Male,0,Yes,Yes,47,Yes,Yes,Fiber optic,Yes,Yes,Yes,Yes,Yes,Yes,One year,Yes,Bank transfer (automatic),113.45,5317.8,0,36-48,0,8,1,113.14468085106384,1
3162-ZJZFU,Male,0,Yes,Yes,53,Yes,No,Fiber optic,No,Yes,No,Yes,Yes,No,Month-to-month,Yes,Electronic check,92.55,4779.45,0,48-60,0,4,1,90.17830188679245,2
8404-GFGCZ,Male,0,Yes,No,4,Yes,Yes,DSL,No,No,Yes,No,Yes,No,Month-to-month,No,Electronic check,65.6,250.1,0,0-12,1,4,1,62.525,2
8875-AKBYH,Male,1,No,No,20,Yes,Yes,Fiber optic,No,No,No,No,Yes,No,Month-to-month,Yes,Electronic check,84.35,1745.2,0,12-24,0,3,1,87.26,2
4432-ADRLB,Male,0,No,No,2,Yes,No,DSL,No,No,No,No,No,No,Month-to-month,No,Mailed check,44.65,74.9,1,0-12,1,1,1,37.45,2
0533-UCAAU,Male,1,Yes,No,57,Yes,Yes,DSL,No,Yes,Yes,No,Yes,No,One year,Yes,Credit card (automatic),71.1,4140.1,0,48-60,0,5,1,72.63333333333334,1
1394-SUIUH,Female,1,Yes,No,44,Yes,No,Fiber optic,Yes,Yes,No,Yes,No,No,Month-to-month,Yes,Electronic check,85.15,3670.5,0,36-48,0,4,1,83.42045454545455,2
3521-MNKLV,Male,0,No,No,24,Yes,No,DSL,No,No,Yes,No,No,No,Month-to-month,Yes,Mailed check,49.7,1167.8,0,12-24,0,2,1,48.65833333333333,2
2533-TIBIX,Male,0,Yes,Yes,15,No,No,DSL,Yes,No,No,No,No,No,Month-to-month,Yes,Bank transfer (automatic),30.2,469.65,0,12-24,0,1,0,31.31,2
8993-PHFWD,Female,0,No,No,3,No,No,DSL,No,No,No,No,No,No,Month-to-month,No,Electronic check,25.25,58.9,1,0-12,1,0,0,19.633333333333333,2
1565-RHDJD,Female,0,No,Yes,4,Yes,Yes,Fiber optic,No,Yes,Yes,No,No,No,Month-to-month,No,Bank transfer (automatic),84.05,333.55,1,0-12,1,4,1,83.3875,2
7137-RYLPP,Male,1,Yes,No,37,Yes,Yes,Fiber optic,No,No,No,No,Yes,No,Month-to-month,Yes,Electronic check,85.7,3171.15,1,36-48,0,3,1,85.70675675675676,2
3765-JXVKY,Female,0,No,No,1,Yes,No,Fiber optic,No,Yes,No,No,No,No,Month-to-month,Yes,Electronic check,74.7,74.7,1,0-12,1,2,1,74.7,2
5092-STPKP,Female,0,No,No,24,Yes,No,DSL,Yes,No,No,Yes,No,No,Month-to-month,No,Credit card (automatic),56.35,1381.2,0,12-24,0,3,1,57.550000000000004,2
7330-WZLNC,Female,0,No,No,5,Yes,Yes,Fiber optic,No,Yes,No,No,Yes,No,Month-to-month,Yes,Electronic check,90.8,455.5,1,0-12,1,4,1,91.1,2
0114-PEGZZ,Female,0,No,No,33,Yes,Yes,Fiber optic,No,Yes,Yes,No,Yes,Yes,Month-to-month,No,Electronic check,107.55,3645.5,0,24-36,0,6,1,110.46969696969697,2
3359-DSRKA,Female,0,Yes,Yes,58,Yes,No,No,No,No,No,No,No,No,Two year,Yes,Mailed check,19.85,1158.85,0,48-60,0,1,0,19.980172413793102,0
8639-NHQEI,Female,0,Yes,Yes,72,Yes,Yes,Fiber optic,Yes,Yes,No,No,Yes,No,Two year,Yes,Bank transfer (automatic),95.9,6954.15,0,60-72,0,5,1,96.58541666666666,0
7161-DFHUF,Female,0,Yes,No,71,Yes,Yes,No,No,No,No,No,No,No,Two year,No,Mailed check,23.85,1672.1,0,60-72,0,2,0,23.55070422535211,0
3957-LXOLK,Female,1,No,No,28,Yes,Yes,Fiber optic,No,Yes,Yes,No,Yes,Yes,Month-to-month,Yes,Electronic check,106.15,3152.5,1,24-36,0,6,1,112.58928571428571,2
3720-DBRWL,Male,0,Yes,No,51,Yes,No,DSL,Yes,Yes,Yes,Yes,Yes,Yes,Two year,Yes,Credit card (automatic),83.85,4307.1,0,48-60,0,7,1,84.45294117647059,0
6635-MYYYZ,Female,0,No,No,30,Yes,No,DSL,Yes,Yes,Yes,Yes,Yes,Yes,One year,No,Bank transfer (automatic),85.35,2530.4,1,24-36,0,7,1,84.34666666666666,1
8565-WUXZU,Male,1,Yes,No,72,Yes,No,Fiber optic,Yes,Yes,No,Yes,No,No,Two year,Yes,Credit card (automatic),84.8,6141.65,0,60-72,0,4,1,85.30069444444445,0
5281-BUZGT,Male,1,No,No,36,Yes,Yes,Fiber optic,Yes,No,No,No,Yes,No,Month-to-month,Yes,Electronic check,90.85,3186.7,1,24-36,0,4,1,88.51944444444445,2
4994-OBRSZ,Male,0,No,Yes,14,Yes,No,DSL,Yes,Yes,Yes,Yes,No,Yes,Two year,No,Bank transfer (automatic),76.1,1054.8,0,12-24,0,6,1,75.34285714285714,0
0562-FGDCR,Female,0,Yes,Yes,72,Yes,Yes,DSL,Yes,Yes,No,Yes,Yes,No,Two year,No,Mailed check,74.55,5430.65,0,60-72,0,6,1,75.42569444444445,0
2436-QBZFP,Female,0,Yes,Yes,22,No,No,DSL,No,Yes,No,No,Yes,No,Month-to-month,No,Electronic check,39.2,849.9,0,12-24,0,2,0,38.63181818181818,2
3420-YJLQT,Female,0,No,No,2,Yes,Yes,Fiber optic,No,Yes,No,No,No,No,Month-to-month,No,Electronic check,79.55,151.75,0,0-12,1,3,1,75.875,2
6040-CGACY,Female,0,No,No,15,Yes,No,No,No,No,No,No,No,No,Month-to-month,No,Mailed check,19.6,299.4,0,12-24,0,1,0,19.959999999999997,2
6582-PLFUU,Male,0,Yes,Yes,51,Yes,No,No,No,No,No,No,No,No,Two year,No,Credit card (automatic),19.55,1086.75,0,48-60,0,1,0,21.308823529411764,0
8242-PDSGJ,Male,0,Yes,No,70,No,No,DSL,Yes,No,Yes,Yes,No,No,Two year,Yes,Credit card (automatic),39.15,2692.75,0,60-72,0,3,0,38.46785714285714,0
0264-CNITK,Female,0,Yes,Yes,71,Yes,No,No,No,No,No,No,No,No,Two year,No,Bank transfer (automatic),20.1,1389.6,0,60-72,0,1,0,19.57183098591549,0
0089-IIQKO,Female,0,Yes,Yes,39,Yes,Yes,Fiber optic,No,No,No,Yes,Yes,Yes,Month-to-month,Yes,Credit card (automatic),99.95,3767.4,0,36-48,0,5,1,96.60000000000001,2
7839-NUIAA,Female,0,Yes,Yes,61,Yes,Yes,DSL,Yes,Yes,No,No,No,No,Month-to-month,No,Electronic check,59.8,3641.5,0,60-72,0,4,1,59.69672131147541,2
6075-QMNRR,Female,0,No,No,52,Yes,No,DSL,Yes,No,No,No,No,No,Month-to-month,Yes,Bank transfer (automatic),49.75,2535.55,0,48-60,0,2,1,48.760576923076925,2
5378-IKEEG,Female,0,No,No,1,No,No,DSL,No,No,No,No,Yes,No,Month-to-month,Yes,Electronic check,35.75,35.75,1,0-12,1,1,0,35.75,2
5966-EMAZU,Male,0,Yes,No,64,Yes,Yes,Fiber optic,Yes,No,Yes,Yes,Yes,Yes,One year,Yes,Mailed check,108.5,6880.85,0,60-72,0,7,1,107.51328125,1
0440-EKDCF,Male,0,Yes,No,62,Yes,No,DSL,No,Yes,Yes,Yes,No,No,Two year,Yes,Credit card (automatic),60.15,3753.2,0,60-72,0,4,1,60.53548387096774,0
4774-HHGGS,Male,0,Yes,No,30,Yes,No,No,No,No,No,No,No,No,Two year,No,Mailed check,19.05,637.55,0,24-36,0,1,0,21.251666666666665,0
2718-GAXQD,Female,1,Yes,Yes,4,Yes,No,DSL,No,No,No,No,No,No,Month-to-month,No,Electronic check,46.0,181.6,1,0-12,1,1,1,45.4,2
2055-BFOCC,Male,1,Yes,No,63,Yes,No,DSL,Yes,Yes,Yes,Yes,Yes,Yes,One year,Yes,Bank transfer (automatic),84.0,5329.55,0,60-72,0,7,1,84.59603174603176,1
8180-AKMJV,Female,0,No,No,1,Yes,No,DSL,No,No,No,No,No,No,Month-to-month,Yes,Credit card (automatic),44.55,44.55,0,0-12,1,1,1,44.55,2
4298-OYIFC,Male,0,Yes,No,15,Yes,Yes,Fiber optic,No,No,Yes,Yes,Yes,Yes,Month-to-month,Yes,Electronic check,103.45,1539.8,0,12-24,0,6,1,102.65333333333334,2
5566-SOEZD,Male,0,Yes,Yes,27,Yes,No,Fiber optic,Yes,Yes,No,No,No,No,One year,Yes,Credit card (automatic),80.65,2209.75,0,24-36,0,3,1,81.8425925925926,1
9842-EFSYY,Female,0,No,Yes,4,No,No,DSL,Yes,Yes,Yes,No,Yes,Yes,Month-to-month,Yes,Mailed check,57.2,223.75,0,0-12,1,5,0,55.9375,2
2272-WUSPA,Female,0,Yes,No,72,Yes,Yes,Fiber optic,Yes,Yes,Yes,No,Yes,Yes,Two year,Yes,Electronic check,110.75,7751.7,0,60-72,0,7,1,107.6625,0
4584-LBNMK,Male,1,Yes,No,45,Yes,Yes,No,No,No,No,No,No,No,One year,No,Credit card (automatic),24.7,1174.35,0,36-48,0,2,0,26.096666666666664,1
3898-GUYTS,Female,1,No,No,45,Yes,Yes,Fiber optic,Yes,Yes,No,Yes,Yes,No,Month-to-month,Yes,Electronic check,97.05,4385.05,0,36-48,0,6,1,97.44555555555556,2
0930-EHUZA,Female,0,No,No,36,Yes,No,DSL,Yes,Yes,Yes,Yes,Yes,No,One year,Yes,Mailed check,76.35,2606.35,0,24-36,0,6,1,72.39861111111111,1
6413-XKKPU,Male,0,Yes,Yes,17,Yes,No,Fiber optic,Yes,No,Yes,No,Yes,No,Month-to-month,Yes,Electronic check,89.4,1539.45,1,12-24,0,4,1,90.55588235294118,2
9975-SKRNR,Male,0,No,No,1,Yes,No,No,No,No,No,No,No,No,Month-to-month,No,Mailed check,18.9,18.9,0,0-12,1,1,0,18.9,2
3703-KBKZP,Male,1,No,No,16,Yes,Yes,Fiber optic,No,No,No,No,No,No,Month-to-month,Yes,Bank transfer (automatic),74.45,1261.35,0,12-24,0,2,1,78.834375,2
1449-XQEMT,Male,0,No,No,3,Yes,No,No,No,No,No,No,No,No,Month-to-month,Yes,Mailed check,19.8,58.15,1,0-12,1,1,0,19.383333333333333,2
2626-URJFX,Male,0,Yes,Yes,4,Yes,Yes,DSL,No,No,No,No,No,No,Month-to-month,Yes,Electronic check,50.9,225.6,1,0-12,1,2,1,56.4,2
4973-MGTON,Female,0,Yes,No,71,Yes,No,DSL,Yes,Yes,Yes,Yes,Yes,Yes,Two year,Yes,Credit card (automatic),84.4,5969.3,0,60-72,0,7,1,84.07464788732395,0
3682-YEUWS,Male,0,Yes,Yes,10,Yes,Yes,No,No,No,No,No,No,No,Month-to-month,Yes,Mailed check,24.4,253.9,0,0-12,0,2,0,25.39,2
1223-UNPKS,Male,0,Yes,Yes,20,Yes,No,No,No,No,No,No,No,No,Two year,No,Mailed check,20.05,400.0,0,12-24,0,1,0,20.0,0
2612-RRIDN,Male,0,No,No,4,Yes,No,Fiber optic,No,No,No,No,Yes,No,Month-to-month,Yes,Electronic check,81.0,340.85,1,0-12,1,2,1,85.2125,2
4735-ASGMA,Male,0,No,No,26,Yes,Yes,Fiber optic,No,No,Yes,No,Yes,Yes,Month-to-month,Yes,Electronic check,98.35,2515.3,1,24-36,0,5,1,96.7423076923077,2
3446-QDSZF,Female,0,No,No,4,Yes,No,DSL,No,No,No,No,Yes,No,Month-to-month,No,Credit card (automatic),55.5,227.35,0,0-12,1,2,1,56.8375,2
3669-LVWZB,Male,0,No,No,5,No,No,DSL,No,Yes,No,No,Yes,Yes,Month-to-month,Yes,Mailed check,51.0,305.95,1,0-12,1,3,0,61.19,2
6892-EZDTG,Female,0,Yes,No,4,Yes,Yes,Fiber optic,No,Yes,No,No,Yes,No,Month-to-month,Yes,Electronic check,91.65,365.4,1,0-12,1,4,1,91.35,2
5117-IFGPS,Male,1,Yes,No,29,Yes,Yes,Fiber optic,No,No,No,No,No,Yes,Month-to-month,Yes,Electronic check,84.3,2357.75,0,24-36,0,3,1,81.30172413793103,2
7379-FNIUJ,Male,0,No,No,2,Yes,No,Fiber optic,Yes,Yes,No,No,Yes,Yes,Month-to-month,No,Electronic check,100.2,198.5,0,0-12,1,5,1,99.25,2
1627-AFWVJ,Female,0,No,No,29,Yes,No,No,No,No,No,No,No,No,Two year,No,Mailed check,19.4,554.25,0,24-36,0,1,0,19.112068965517242,0
9725-SCPZG,Male,0,No,Yes,1,Yes,No,Fiber optic,No,No,No,No,Yes,Yes,Month-to-month,Yes,Electronic check,90.85,90.85,1,0-12,1,3,1,90.85,2
5884-GCYMI,Male,0,No,No,1,Yes,No,Fiber optic,No,No,No,No,No,No,Month-to-month,No,Mailed check,69.4,69.4,1,0-12,1,1,1,69.4,2
3217-FZDMN,Female,1,No,No,8,Yes,No,Fiber optic,No,No,Yes,No,Yes,Yes,Month-to-month,Yes,Credit card (automatic),94.45,742.95,1,0-12,0,4,1,92.86875,2
4486-EFAEB,Male,0,No,No,13,Yes,No,No,No,No,No,No,No,No,Month-to-month,Yes,Electronic check,20.4,251.65,0,12-24,0,1,0,19.357692307692307,2
0060-FUALY,Female,0,Yes,No,59,Yes,Yes,Fiber optic,Yes,Yes,No,No,Yes,No,Month-to-month,Yes,Electronic check,94.75,5597.65,0,48-60,0,5,1,94.87542372881356,2
7853-GVUDZ,Female,0,Yes,Yes,1,Yes,No,No,No,No,No,No,No,No,Month-to-month,Yes,Credit card (automatic),20.15,20.15,1,0-12,1,1,0,20.15,2
7480-QNVZJ,Male,1,No,No,50,Yes,Yes,Fiber optic,No,No,No,No,Yes,Yes,Month-to-month,Yes,Electronic check,95.7,4816.7,1,48-60,0,4,1,96.334,2
6954-OOYZZ,Male,0,Yes,No,18,Yes,No,DSL,No,No,No,No,No,No,Month-to-month,Yes,Bank transfer (automatic),44.35,768.05,0,12-24,0,1,1,42.669444444444444,2
7088-FBAWU,Female,0,Yes,Yes,17,Yes,No,DSL,Yes,Yes,No,No,Yes,Yes,Month-to-month,No,Mailed check,74.55,1215.8,0,12-24,0,5,1,71.51764705882353,2
8313-AFGBW,Male,0,Yes,No,47,Yes,No,DSL,No,Yes,Yes,No,Yes,Yes,Two year,No,Electronic check,73.6,3522.65,0,36-48,0,5,1,74.95,0
3943-KDREE,Female,0,No,No,26,Yes,Yes,Fiber optic,No,No,No,No,No,No,Month-to-month,Yes,Bank transfer (automatic),74.95,1834.95,1,24-36,0,2,1,70.575,2
9239-ZBZZV,Female,0,No,No,6,No,No,DSL,No,No,Yes,No,Yes,Yes,Month-to-month,Yes,Electronic check,47.95,305.1,1,0-12,1,3,0,50.85,2
3097-IDVPU,Male,0,Yes,Yes,19,Yes,Yes,DSL,No,No,No,No,No,No,Month-to-month,No,Credit card (automatic),50.1,910.45,0,12-24,0,2,1,47.91842105263158,2
4398-HSCJH,Female,0,No,No,3,Yes,Yes,DSL,No,No,No,Yes,Yes,No,Month-to-month,Yes,Electronic check,63.6,155.65,1,0-12,1,4,1,51.88333333333333,2
2197-OMWGI,Female,1,Yes,Yes,68,No,No,DSL,No,Yes,Yes,No,Yes,Yes,Two year,Yes,Electronic check,53.0,3656.25,0,60-72,0,4,0,53.768382352941174,0
2303-PJYHN,Female,0,Yes,No,2,Yes,No,No,No,No,No,No,No,No,Month-to-month,No,Bank transfer (automatic),19.85,52.0,0,0-12,1,1,0,26.0,2
9795-VOWON,Male,0,No,No,7,No,No,DSL,No,No,No,No,No,No,One year,Yes,Credit card (automatic),24.35,150.85,0,0-12,0,0,0,21.55,1
1237-WIYYZ,Female,0,No,No,18,Yes,No,No,No,No,No,No,No,No,Month-to-month,Yes,Mailed check,19.55,389.25,0,12-24,0,1,0,21.625,2
1987-AUELQ,Female,0,Yes,No,71,Yes,Yes,No,No,No,No,No,No,No,Two year,No,Credit card (automatic),25.05,1873.7,0,60-72,0,2,0,26.390140845070423,0
7852-LECYP,Male,1,Yes,No,13,Yes,Yes,Fiber optic,Yes,Yes,No,No,No,Yes,Month-to-month,No,Credit card (automatic),93.8,1261.0,0,12-24,0,5,1,97.0,2
4430-UZIPO,Male,0,No,No,3,No,No,DSL,No,Yes,No,Yes,No,No,Month-to-month,Yes,Mailed check,36.85,108.7,1,0-12,1,2,0,36.233333333333334,2
4822-LPTYJ,Male,0,Yes,No,72,Yes,Yes,Fiber optic,No,Yes,Yes,No,Yes,Yes,Two year,Yes,Bank transfer (automatic),103.75,7346.2,0,60-72,0,6,1,102.03055555555555,0
8165-CBKXO,Male,0,Yes,Yes,66,No,No,DSL,No,Yes,Yes,No,Yes,Yes,Two year,Yes,Credit card (automatic),56.75,3708.4,0,60-72,0,4,0,56.18787878787879,0
6527-PZFPV,Male,0,Yes,Yes,24,Yes,No,No,No,No,No,No,No,No,One year,Yes,Credit card (automatic),20.8,469.65,0,12-24,0,1,0,19.568749999999998,1
4855-SNKMY,Female,0,No,No,1,Yes,No,DSL,No,No,No,No,No,No,Month-to-month,Yes,Electronic check,44.1,44.1,1,0-12,1,1,1,44.1,2
9593-CVZKR,Female,0,Yes,Yes,56,Yes,Yes,No,No,No,No,No,No,No,Two year,Yes,Mailed check,24.45,1385.85,0,48-60,0,2,0,24.74732142857143,0
8595-SIZNC,Female,1,Yes,No,22,Yes,Yes,No,No,No,No,No,No,No,One year,No,Bank transfer (automatic),25.6,548.8,0,12-24,0,2,0,24.94545454545454,1
8008-HAWED,Male,0,No,No,14,No,No,DSL,No,No,Yes,No,Yes,Yes,Month-to-month,Yes,Electronic check,50.75,712.75,1,12-24,0,3,0,50.910714285714285,2
7124-UGSUR,Female,1,Yes,No,61,Yes,Yes,Fiber optic,No,Yes,Yes,No,Yes,Yes,One year,Yes,Credit card (automatic),104.4,6405.0,1,60-72,0,6,1,105.0,1
1862-SKORY,Female,1,Yes,No,40,No,No,DSL,No,Yes,No,No,Yes,No,Month-to-month,Yes,Electronic check,39.3,1637.4,1,36-48,0,2,0,40.935,2
5236-XMZJY,Female,0,No,No,42,Yes,No,DSL,Yes,Yes,Yes,No,No,No,Month-to-month,No,Bank transfer (automatic),59.65,2536.55,0,36-48,0,4,1,60.394047619047626,2
4827-DPADN,Female,0,Yes,Yes,72,Yes,Yes,DSL,Yes,No,Yes,Yes,Yes,Yes,Two year,Yes,Bank transfer (automatic),83.3,6042.7,0,60-72,0,7,1,83.92638888888888,0
2694-CIUMO,Female,0,No,No,12,Yes,Yes,Fiber optic,No,No,No,Yes,No,No,Month-to-month,Yes,Credit card (automatic),79.55,958.25,0,0-12,0,3,1,79.85416666666667,2
5846-ABOBJ,Male,0,Yes,No,71,Yes,Yes,No,No,No,No,No,No,No,Two year,No,Bank transfer (automatic),24.45,1730.65,0,60-72,0,2,0,24.375352112676058,0
1439-LCGVL,Female,0,Yes,No,26,Yes,No,No,No,No,No,No,No,No,One year,No,Mailed check,19.2,459.6,0,24-36,0,1,0,17.676923076923078,1
0909-SDHNU,Female,0,No,Yes,7,No,No,DSL,Yes,No,No,No,No,No,Month-to-month,No,Mailed check,29.8,201.95,0,0-12,0,1,0,28.849999999999998,2
4647-XXZAM,Female,0,Yes,Yes,6,Yes,No,DSL,No,No,No,No,No,No,Month-to-month,No,Mailed check,45.5,285.2,0,0-12,1,1,1,47.53333333333333,2
1502-XFCVR,Female,0,No,No,58,Yes,No,Fiber optic,Yes,Yes,Yes,No,Yes,Yes,One year,Yes,Electronic check,106.45,6145.85,1,48-60,0,6,1,105.96293103448276,1
7740-KKCXF,Male,0,Yes,No,51,No,No,DSL,No,Yes,No,No,No,No,Month-to-month,Yes,Credit card (automatic),30.05,1529.45,0,48-60,0,1,0,29.98921568627451,2
5360-XGYAZ,Male,0,Yes,Yes,72,No,No,DSL,Yes,Yes,Yes,Yes,Yes,Yes,Two year,Yes,Bank transfer (automatic),65.65,4664.5,0,60-72,0,6,0,64.78472222222223,0
9692-TUSXH,Female,0,No,No,18,Yes,No,Fiber optic,Yes,No,No,No,Yes,Yes,Month-to-month,Yes,Electronic check,96.05,1740.7,1,12-24,0,4,1,96.70555555555556,2
7912-SYRQT,Female,0,No,No,7,Yes,Yes,Fiber optic,No,No,No,No,No,No,Month-to-month,Yes,Bank transfer (automatic),75.1,552.95,1,0-12,0,2,1,78.99285714285715,2
3557-HTYWR,Female,0,No,No,47,Yes,Yes,DSL,Yes,Yes,No,Yes,No,Yes,Two year,No,Mailed check,74.05,3496.3,0,36-48,0,6,1,74.38936170212766,0
4816-JBHOV,Male,1,No,No,2,Yes,No,DSL,No,No,No,No,No,No,Month-to-month,Yes,Electronic check,44.7,93.7,1,0-12,1,1,1,46.85,2
8920-NAVAY,Male,1,No,No,62,Yes,Yes,Fiber optic,No,Yes,Yes,Yes,Yes,Yes,One year,Yes,Bank transfer (automatic),110.75,7053.35,0,60-72,0,7,1,113.76370967741936,1
1699-TLDLZ,Female,0,Yes,Yes,16,Yes,No,No,No,No,No,No,No,No,Two year,No,Mailed check,19.7,301.55,0,12-24,0,1,0,18.846875,0
5600-PDUJF,Male,0,No,No,6,Yes,No,DSL,No,No,No,Yes,No,No,Month-to-month,Yes,Credit card (automatic),49.5,312.7,0,0-12,1,2,1,52.11666666666667,2
8292-TYSPY,Male,0,No,No,19,Yes,No,DSL,No,No,Yes,Yes,No,No,Month-to-month,Yes,Credit card (automatic),55.0,1046.5,1,12-24,0,3,1,55.078947368421055,2
0567-XRHCU,Female,0,Yes,Yes,69,No,No,DSL,Yes,No,Yes,No,No,Yes,Two year,Yes,Credit card (automatic),43.95,2960.1,0,60-72,0,3,0,42.9,0
1867-BDVFH,Male,0,Yes,Yes,11,Yes,Yes,Fiber optic,No,No,No,No,No,No,Month-to-month,Yes,Electronic check,74.35,834.2,1,0-12,0,2,1,75.83636363636364,2
2067-QYTCF,Female,0,Yes,No,64,Yes,Yes,Fiber optic,No,Yes,Yes,Yes,Yes,Yes,Month-to-month,Yes,Electronic check,111.15,6953.4,0,60-72,0,7,1,108.646875,2
2359-QWQUL,Female,0,Yes,No,39,Yes,No,Fiber optic,Yes,No,Yes,Yes,Yes,Yes,One year,Yes,Credit card (automatic),104.7,4134.85,1,36-48,0,6,1,106.02179487179488,1
9103-TCIHJ,Female,0,No,No,15,Yes,Yes,DSL,Yes,No,No,No,No,No,Month-to-month,Yes,Mailed check,55.7,899.8,1,12-24,0,3,1,59.986666666666665,2
7407-SUJIZ,Male,0,No,No,25,Yes,No,No,No,No,No,No,No,No,Month-to-month,No,Mailed check,20.6,541.5,0,24-36,0,1,0,21.66,2
9150-KPBJQ,Female,0,No,No,6,Yes,No,No,No,No,No,No,No,No,Two year,No,Credit card (automatic),19.65,116.85,0,0-12,1,1,0,19.474999999999998,0
0052-DCKON,Male,0,Yes,No,66,Yes,Yes,Fiber optic,Yes,Yes,Yes,Yes,Yes,Yes,One year,No,Bank transfer (automatic),115.8,7942.15,0,60-72,0,8,1,120.33560606060605,1
3654-ARMGP,Female,0,No,No,61,Yes,Yes,DSL,No,Yes,Yes,Yes,Yes,Yes,Two year,No,Credit card (automatic),88.65,5321.25,0,60-72,0,7,1,87.23360655737704,0
9699-UBQFS,Female,1,Yes,No,43,Yes,Yes,Fiber optic,Yes,Yes,No,No,Yes,No,Month-to-month,Yes,Electronic check,94.5,4156.8,0,36-48,0,5,1,96.66976744186047,2
9367-TCUYN,Female,0,No,No,12,Yes,No,No,No,No,No,No,No,No,Month-to-month,No,Mailed check,20.1,223.6,0,0-12,0,1,0,18.633333333333333,2
1261-FWTTE,Male,1,No,No,23,No,No,DSL,No,No,No,No,No,Yes,Month-to-month,Yes,Bank transfer (automatic),34.65,768.45,0,12-24,0,1,0,33.410869565217396,2
3528-HFRIQ,Male,1,Yes,No,71,No,No,DSL,No,Yes,Yes,No,Yes,Yes,Month-to-month,Yes,Bank transfer (automatic),52.3,3765.05,0,60-72,0,4,0,53.02887323943662,2
0708-SJDIS,Female,0,No,No,34,Yes,Yes,DSL,No,No,No,Yes,Yes,No,Month-to-month,No,Mailed check,65.0,2157.5,0,24-36,0,4,1,63.455882352941174,2
4140-WJAWW,Female,0,No,No,5,Yes,No,No,No,No,No,No,No,No,Month-to-month,No,Credit card (automatic),19.85,108.05,1,0-12,1,1,0,21.61,2
2073-QBVBI,Female,0,Yes,No,41,No,No,DSL,No,Yes,No,Yes,No,No,One year,No,Mailed check,35.45,1391.65,0,36-48,0,2,0,33.94268292682927,1
6928-ONTRW,Female,0,Yes,Yes,72,Yes,No,No,No,No,No,No,No,No,Two year,No,Credit card (automatic),19.7,1379.8,0,60-72,0,1,0,19.163888888888888,0
3320-VEOYC,Male,1,No,No,14,Yes,Yes,Fiber optic,No,No,No,No,Yes,Yes,Month-to-month,Yes,Electronic check,95.6,1273.3,0,12-24,0,4,1,90.95,2
5231-FIQPA,Female,0,No,No,41,Yes,No,No,No,No,No,No,No,No,Two year,Yes,Mailed check,19.85,810.45,0,36-48,0,1,0,19.76707317073171,0
6617-WLBQC,Female,0,Yes,Yes,23,Yes,Yes,Fiber optic,Yes,No,No,No,No,No,One year,No,Credit card (automatic),81.85,1810.85,0,12-24,0,3,1,78.73260869565217,1
2599-CIPQE,Male,0,Yes,Yes,71,Yes,No,Fiber optic,Yes,Yes,Yes,Yes,Yes,Yes,Two year,No,Credit card (automatic),109.3,7782.85,0,60-72,0,7,1,109.61760563380282,0
6653-CBBOM,Female,0,No,No,1,Yes,No,Fiber optic,No,No,No,No,No,No,Month-to-month,Yes,Electronic check,70.3,70.3,1,0-12,1,1,1,70.3,2
8774-GSBUN,Male,0,Yes,No,72,Yes,Yes,No,No,No,No,No,No,No,Two year,No,Mailed check,25.4,1797.1,0,60-72,0,2,0,24.959722222222222,0
7326-RIGQZ,Male,0,Yes,Yes,6,Yes,No,Fiber optic,No,No,No,No,No,No,Month-to-month,Yes,Electronic check,69.8,377.85,0,0-12,1,1,1,62.975,2
1401-FTHFQ,Male,0,Yes,Yes,23,Yes,No,No,No,No,No,No,No,No,One year,Yes,Credit card (automatic),20.0,445.3,0,12-24,0,1,0,19.360869565217392,1
3247-ZVOUO,Male,1,Yes,No,10,Yes,Yes,Fiber optic,No,No,No,No,No,Yes,Month-to-month,No,Electronic check,85.55,851.75,1,0-12,0,3,1,85.175,2
0254-FNMCI,Female,0,No,No,72,Yes,No,Fiber optic,Yes,Yes,Yes,Yes,Yes,Yes,Two year,Yes,Electronic check,109.9,7624.2,0,60-72,0,7,1,105.89166666666667,0
1848-LBZHY,Female,0,Yes,No,7,Yes,No,DSL,Yes,No,No,No,No,No,Month-to-month,Yes,Bank transfer (automatic),50.3,355.1,0,0-12,0,2,1,50.728571428571435,2
6101-IMRMM,Male,0,No,Yes,6,Yes,No,Fiber optic,No,No,Yes,No,Yes,Yes,Month-to-month,No,Mailed check,94.5,575.45,1,0-12,1,4,1,95.90833333333335,2
8118-TJAFG,Male,0,Yes,Yes,9,Yes,No,Fiber optic,No,Yes,No,Yes,Yes,Yes,Month-to-month,Yes,Electronic check,101.5,906.85,0,0-12,0,5,1,100.76111111111112,2
5429-LWCMV,Female,0,No,No,12,Yes,Yes,Fiber optic,No,Yes,No,No,No,Yes,Month-to-month,Yes,Electronic check,89.15,1057.55,0,0-12,0,4,1,88.12916666666666,2
7298-IZWLY,Female,0,No,No,1,Yes,No,No,No,No,No,No,No,No,Month-to-month,Yes,Mailed check,19.4,19.4,0,0-12,1,1,0,19.4,2
9758-MFWGD,Female,1,Yes,Yes,48,No,No,DSL,No,Yes,No,No,No,No,One year,No,Bank transfer (automatic),29.9,1388.75,0,36-48,0,1,0,28.932291666666668,1
3955-JBZZM,Male,0,No,No,20,Yes,No,Fiber optic,No,No,No,No,Yes,No,Month-to-month,No,Electronic check,78.8,1641.3,0,12-24,0,2,1,82.065,2
1268-ASBGA,Female,1,Yes,No,16,Yes,Yes,Fiber optic,No,No,No,No,No,Yes,Month-to-month,Yes,Credit card (automatic),85.35,1375.15,1,12-24,0,3,1,85.946875,2
8943-URTMR,Female,0,No,No,2,Yes,No,Fiber optic,No,No,No,No,Yes,No,Month-to-month,Yes,Mailed check,79.65,152.7,1,0-12,1,2,1,76.35,2
4815-TUMEQ,Female,0,No,No,10,Yes,No,No,No,No,No,No,No,No,One year,Yes,Mailed check,19.3,185.2,0,0-12,0,1,0,18.52,1
4713-LZDRV,Female,1,No,No,2,Yes,No,Fiber optic,No,No,No,No,No,Yes,Month-to-month,Yes,Electronic check,79.6,195.05,1,0-12,1,2,1,97.525,2
9909-IDLEK,Male,0,Yes,Yes,20,Yes,Yes,Fiber optic,No,Yes,No,Yes,Yes,No,Month-to-month,No,Mailed check,96.8,1826.7,0,12-24,0,5,1,91.33500000000001,2
4092-OFQZS,Male,0,Yes,No,20,Yes,No,No,No,No,No,No,No,No,One year,No,Mailed check,20.65,417.5,0,12-24,0,1,0,20.875,1
1561-BWHIN,Male,0,Yes,Yes,19,Yes,No,No,No,No,No,No,No,No,One year,No,Mailed check,19.8,344.5,0,12-24,0,1,0,18.13157894736842,1
4325-NFSKC,Male,1,No,No,19,Yes,Yes,Fiber optic,Yes,No,No,No,Yes,No,Month-to-month,Yes,Electronic check,90.6,1660.0,1,12-24,0,4,1,87.36842105263158,2
9927-DSWDF,Male,0,Yes,No,22,Yes,No,Fiber optic,Yes,Yes,No,Yes,Yes,Yes,Month-to-month,Yes,Electronic check,104.6,2180.55,0,12-24,0,6,1,99.1159090909091,2
9500-LTVBP,Female,0,No,No,35,Yes,Yes,Fiber optic,No,No,No,Yes,No,No,Month-to-month,No,Credit card (automatic),80.05,2835.9,0,24-36,0,3,1,81.02571428571429,2
7252-NTGSS,Female,0,No,No,1,Yes,No,DSL,No,No,No,No,No,No,Month-to-month,No,Mailed check,45.15,45.15,0,0-12,1,1,1,45.15,2
8149-AIQCG,Male,0,No,No,39,Yes,Yes,Fiber optic,No,No,No,No,No,No,Month-to-month,Yes,Credit card (automatic),73.15,2730.85,0,36-48,0,2,1,70.02179487179487,2
1360-JYXKQ,Female,1,Yes,No,54,Yes,No,Fiber optic,No,No,Yes,Yes,Yes,Yes,One year,Yes,Electronic check,99.1,5437.1,0,48-60,0,5,1,100.68703703703704,1
2955-PSXOE,Female,0,No,No,1,Yes,No,No,No,No,No,No,No,No,Month-to-month,Yes,Bank transfer (automatic),20.2,20.2,1,0-12,1,1,0,20.2,2
7762-URZQH,Male,0,Yes,No,66,Yes,Yes,Fiber optic,Yes,No,Yes,No,Yes,Yes,Two year,Yes,Credit card (automatic),106.05,6981.35,1,60-72,0,6,1,105.7780303030303,0
0899-WZRSD,Male,0,No,No,56,Yes,Yes,Fiber optic,Yes,No,No,Yes,Yes,Yes,Month-to-month,Yes,Mailed check,105.35,5794.45,0,48-60,0,6,1,103.47232142857142,2
3255-GRXMG,Male,0,No,Yes,18,Yes,No,DSL,No,No,No,No,No,No,Month-to-month,Yes,Credit card (automatic),45.65,747.2,0,12-24,0,1,1,41.51111111111111,2
4828-FAZPK,Female,0,Yes,Yes,16,Yes,Yes,Fiber optic,No,Yes,No,No,No,No,Month-to-month,Yes,Credit card (automatic),79.95,1267.95,0,12-24,0,3,1,79.246875,2
6094-ZIVKX,Female,0,No,No,68,Yes,No,DSL,Yes,No,Yes,No,No,No,One year,Yes,Credit card (automatic),54.45,3674.95,0,60-72,0,3,1,54.04338235294117,1
6925-BAYGL,Female,1,Yes,No,53,Yes,Yes,No,No,No,No,No,No,No,Two year,No,Credit card (automatic),25.1,1275.6,0,48-60,0,2,0,24.067924528301884,0
3262-EIDHV,Female,0,Yes,Yes,72,Yes,Yes,DSL,Yes,No,Yes,Yes,Yes,Yes,Two year,No,Credit card (automatic),84.7,5893.9,0,60-72,0,7,1,81.85972222222222,0
7354-OIJLX,Male,0,No,No,9,Yes,Yes,Fiber optic,No,No,No,No,No,No,Month-to-month,Yes,Electronic check,75.85,724.65,0,0-12,0,2,1,80.51666666666667,2
1376-HHBDV,Female,0,No,No,30,Yes,No,DSL,Yes,No,No,No,No,No,Month-to-month,Yes,Mailed check,48.8,1536.75,0,24-36,0,2,1,51.225,2
6907-NZZIJ,Female,0,No,No,36,Yes,Yes,Fiber optic,No,Yes,No,No,Yes,Yes,Month-to-month,Yes,Electronic check,99.15,3615.6,1,24-36,0,5,1,100.43333333333334,2
6133-OZILE,Female,0,No,No,18,No,No,DSL,No,No,Yes,Yes,No,No,Month-to-month,Yes,Electronic check,35.2,607.3,0,12-24,0,2,0,33.73888888888889,2
4135-FRWKJ,Female,1,Yes,Yes,55,Yes,Yes,DSL,Yes,No,Yes,Yes,Yes,No,One year,No,Electronic check,76.25,4154.55,0,48-60,0,6,1,75.53727272727274,1
2911-UREFD,Female,0,Yes,No,39,No,No,DSL,Yes,No,Yes,No,Yes,Yes,Month-to-month,No,Electronic check,55.9,2184.35,1,36-48,0,4,0,56.008974358974356,2
3744-ZRRDZ,Male,0,No,No,21,Yes,Yes,Fiber optic,No,Yes,No,No,No,No,Month-to-month,Yes,Electronic check,82.35,1852.85,1,12-24,0,3,1,88.23095238095237,2
5673-TIYIB,Male,0,No,No,2,No,No,DSL,No,Yes,Yes,Yes,No,No,Month-to-month,Yes,Credit card (automatic),40.4,77.15,1,0-12,1,3,0,38.575,2
6551-ZCOTS,Male,1,No,No,33,Yes,Yes,No,No,No,No,No,No,No,One year,Yes,Bank transfer (automatic),24.9,847.8,0,24-36,0,2,0,25.690909090909088,1
7191-ADRGF,Male,0,Yes,No,44,No,No,DSL,No,Yes,Yes,No,Yes,Yes,Two year,No,Bank transfer (automatic),54.3,2390.45,0,36-48,0,4,0,54.32840909090908,0
5018-LXQQG,Female,0,Yes,Yes,30,Yes,No,DSL,Yes,No,No,Yes,No,Yes,Month-to-month,No,Bank transfer (automatic),66.3,1923.5,0,24-36,0,4,1,64.11666666666666,2
6892-BOGQE,Female,0,Yes,No,71,Yes,No,No,No,No,No,No,No,No,Two year,Yes,Bank transfer (automatic),20.9,1493.2,0,60-72,0,1,0,21.03098591549296,0
1602-IJQQE,Female,0,No,No,4,Yes,Yes,Fiber optic,No,No,No,No,No,No,Month-to-month,No,Electronic check,75.35,338.1,1,0-12,1,2,1,84.525,2
4628-WQCQQ,Male,0,No,Yes,35,Yes,No,Fiber optic,No,No,Yes,No,Yes,No,One year,Yes,Electronic check,85.15,3030.6,1,24-36,0,3,1,86.58857142857143,1
1746-TGTWV,Male,0,Yes,No,1,Yes,No,Fiber optic,No,No,Yes,No,No,No,Month-to-month,No,Credit card (automatic),75.35,75.35,0,0-12,1,2,1,75.35,2
5995-SNNEW,Male,1,Yes,No,23,Yes,Yes,Fiber optic,No,Yes,Yes,No,Yes,Yes,Month-to-month,Yes,Electronic check,104.45,2184.85,0,12-24,0,6,1,94.99347826086957,2
8050-WYBND,Female,0,No,Yes,22,No,No,DSL,No,No,Yes,No,Yes,Yes,One year,Yes,Credit card (automatic),49.45,1031.4,0,12-24,0,3,0,46.88181818181818,1
2821-WARNZ,Female,0,No,Yes,49,Yes,No,No,No,No,No,No,No,No,One year,No,Credit card (automatic),19.45,921.3,0,48-60,0,1,0,18.802040816326528,1
4879-GZLFH,Female,0,Yes,Yes,42,Yes,No,Fiber optic,No,No,Yes,No,Yes,Yes,Month-to-month,Yes,Electronic check,92.15,3875.4,0,36-48,0,4,1,92.27142857142857,2
1644-IRKSF,Female,0,Yes,Yes,33,Yes,No,Fiber optic,No,No,Yes,No,Yes,Yes,One year,Yes,Electronic check,93.8,3124.5,1,24-36,0,4,1,94.68181818181819,1
8314-HTWVE,Female,0,Yes,Yes,7,Yes,No,No,No,No,No,No,No,No,Two year,No,Mailed check,19.85,144.15,0,0-12,0,1,0,20.592857142857145,0
9402-ROUMJ,Female,0,Yes,Yes,67,Yes,Yes,Fiber optic,Yes,No,Yes,Yes,No,Yes,One year,Yes,Bank transfer (automatic),100.25,6689.0,0,60-72,0,6,1,99.83582089552239,1
2507-QZPQS,Male,0,No,No,15,Yes,Yes,Fiber optic,No,Yes,No,Yes,No,Yes,Month-to-month,No,Electronic check,95.7,1451.1,0,12-24,0,5,1,96.74,2
7159-NOKYQ,Male,0,Yes,No,67,Yes,Yes,Fiber optic,No,Yes,Yes,No,No,Yes,Two year,Yes,Electronic check,93.15,6368.2,0,60-72,0,5,1,95.04776119402985,0
5707-ZMDJP,Male,0,Yes,Yes,53,Yes,No,DSL,Yes,Yes,No,Yes,Yes,No,Two year,Yes,Mailed check,69.7,3729.6,0,48-60,0,5,1,70.36981132075472,0
8779-YIQQA,Male,0,Yes,Yes,21,Yes,No,No,No,No,No,No,No,No,One year,No,Mailed check,19.8,350.1,0,12-24,0,1,0,16.67142857142857,1
7136-IHZJA,Female,0,Yes,Yes,40,Yes,No,DSL,Yes,Yes,No,Yes,No,Yes,Month-to-month,Yes,Mailed check,71.35,2847.2,0,36-48,0,5,1,71.17999999999999,2
8966-OIQHG,Female,0,Yes,Yes,22,Yes,No,No,No,No,No,No,No,No,One year,No,Bank transfer (automatic),20.75,452.35,0,12-24,0,1,0,20.561363636363637,1
7074-STDCN,Male,0,No,No,39,No,No,DSL,No,No,No,Yes,No,Yes,Month-to-month,Yes,Electronic check,40.6,1494.5,0,36-48,0,2,0,38.32051282051282,2
3705-PSNGL,Male,0,No,No,45,Yes,No,No,No,No,No,No,No,No,One year,Yes,Electronic check,20.4,930.45,1,36-48,0,1,0,20.67666666666667,1
8739-QOTTN,Female,0,Yes,No,2,Yes,No,No,No,No,No,No,No,No,Month-to-month,No,Mailed check,20.35,41.85,0,0-12,1,1,0,20.925,2
1399-OUPJN,Female,0,Yes,Yes,57,Yes,No,No,No,No,No,No,No,No,Two year,No,Bank transfer (automatic),19.75,1272.05,0,48-60,0,1,0,22.316666666666666,0
0277-BKSQP,Male,0,Yes,Yes,8,Yes,No,DSL,No,No,No,No,Yes,No,Month-to-month,Yes,Electronic check,54.4,475.1,0,0-12,0,2,1,59.3875,2
6502-HCJTI,Male,1,Yes,No,7,Yes,Yes,Fiber optic,Yes,Yes,No,No,No,Yes,Month-to-month,Yes,Credit card (automatic),94.7,673.1,1,0-12,0,5,1,96.15714285714286,2
2606-RMDHZ,Male,0,No,No,6,No,No,DSL,No,Yes,No,No,No,No,Month-to-month,Yes,Credit card (automatic),30.5,208.7,1,0-12,1,1,0,34.78333333333333,2
5774-XZTQC,Female,0,Yes,Yes,7,Yes,No,No,No,No,No,No,No,No,Month-to-month,No,Mailed check,20.45,150.75,0,0-12,0,1,0,21.535714285714285,2
2676-SSLTO,Male,0,No,No,49,Yes,Yes,DSL,No,No,No,Yes,Yes,No,Two year,Yes,Bank transfer (automatic),66.15,3199.0,0,48-60,0,4,1,65.28571428571429,0
6266-QHOJZ,Female,0,No,No,65,Yes,Yes,Fiber optic,Yes,Yes,No,Yes,No,No,One year,Yes,Electronic check,89.85,5844.65,0,60-72,0,5,1,89.9176923076923,1
7269-JISCY,Female,0,No,No,55,Yes,No,DSL,No,No,No,No,No,No,One year,No,Bank transfer (automatic),45.05,2462.6,0,48-60,0,1,1,44.77454545454545,1
0363-SVHYR,Male,0,Yes,Yes,71,Yes,Yes,DSL,Yes,Yes,Yes,Yes,Yes,Yes,Two year,No,Bank transfer (automatic),86.85,6263.8,0,60-72,0,8,1,88.22253521126761,0
8547-NSBBO,Male,0,No,No,35,Yes,Yes,Fiber optic,Yes,Yes,Yes,Yes,No,No,Month-to-month,Yes,Mailed check,96.75,3403.4,0,24-36,0,6,1,97.24000000000001,2
8258-GSTJK,Male,1,No,No,3,Yes,Yes,Fiber optic,No,No,No,No,No,No,Month-to-month,Yes,Electronic check,77.0,237.75,1,0-12,1,2,1,79.25,2
6861-OKBCE,Female,0,No,Yes,11,Yes,No,No,No,No,No,No,No,No,Month-to-month,No,Credit card (automatic),20.1,221.35,1,0-12,0,1,0,20.12272727272727,2
9940-RHLFB,Female,0,No,No,1,Yes,No,Fiber optic,No,No,Yes,No,No,No,Month-to-month,No,Electronic check,75.3,75.3,1,0-12,1,2,1,75.3,2
6591-QGOYB,Male,0,No,No,17,Yes,Yes,Fiber optic,Yes,Yes,Yes,Yes,Yes,No,Month-to-month,Yes,Bank transfer (automatic),106.65,1672.1,0,12-24,0,7,1,98.35882352941177,2
9070-BCKQP,Female,0,Yes,No,72,Yes,Yes,Fiber optic,Yes,No,Yes,Yes,Yes,Yes,Two year,Yes,Credit card (automatic),110.15,7881.2,0,60-72,0,7,1,109.46111111111111,0
6421-SZVEM,Female,0,Yes,Yes,28,Yes,No,Fiber optic,Yes,No,No,No,No,Yes,One year,Yes,Bank transfer (automatic),82.85,2320.8,0,24-36,0,3,1,82.88571428571429,1
1328-EUZHC,Female,0,Yes,No,18,Yes,No,No,No,No,No,No,No,No,Two year,No,Mailed check,20.1,370.5,0,12-24,0,1,0,20.583333333333332,0
2995-UPRYS,Female,1,Yes,No,40,Yes,No,Fiber optic,No,Yes,No,Yes,Yes,Yes,One year,Yes,Credit card (automatic),99.2,4062.2,1,36-48,0,5,1,101.55499999999999,1
8878-RYUKI,Female,0,No,No,52,Yes,No,DSL,No,No,Yes,No,No,Yes,Month-to-month,Yes,Electronic check,59.45,3043.7,0,48-60,0,3,1,58.5326923076923,2
9633-DENPU,Female,0,Yes,No,47,Yes,No,DSL,No,Yes,No,No,Yes,No,Month-to-month,Yes,Bank transfer (automatic),58.6,2723.4,0,36-48,0,3,1,57.94468085106383,2
7811-JIVPF,Female,0,No,No,23,Yes,No,DSL,No,No,Yes,No,No,No,Month-to-month,No,Credit card (automatic),49.7,1081.25,0,12-24,0,2,1,47.01086956521739,2
7113-HIPFI,Male,0,Yes,Yes,66,Yes,No,DSL,Yes,Yes,Yes,Yes,No,No,Two year,No,Mailed check,65.85,4097.05,0,60-72,0,5,1,62.07651515151515,0
8541-QVFKM,Female,0,No,No,8,Yes,Yes,Fiber optic,No,No,No,No,No,No,Month-to-month,Yes,Electronic check,73.5,632.2,0,0-12,0,2,1,79.025,2
6686-YPGHK,Male,1,No,No,47,Yes,No,Fiber optic,Yes,No,No,No,No,Yes,Month-to-month,No,Mailed check,85.5,4042.3,1,36-48,0,3,1,86.00638297872341,2
1383-EZRWL,Female,0,No,No,7,Yes,No,No,No,No,No,No,No,No,Month-to-month,No,Mailed check,20.05,164.85,1,0-12,0,1,0,23.55,2
9258-CNWAC,Female,0,Yes,Yes,71,Yes,Yes,Fiber optic,Yes,Yes,Yes,Yes,Yes,Yes,Two year,No,Credit card (automatic),113.65,8166.8,0,60-72,0,8,1,115.02535211267606,0
5371-VYLSX,Female,1,No,No,50,Yes,Yes,Fiber optic,Yes,Yes,No,No,No,No,Month-to-month,Yes,Electronic check,83.4,4113.7,0,48-60,0,4,1,82.274,2
6374-AFWOX,Male,0,Yes,No,46,Yes,No,DSL,Yes,Yes,Yes,Yes,No,No,Two year,No,Mailed check,65.65,3047.15,0,36-48,0,5,1,66.24239130434783,0
4759-TRPLW,Male,0,No,No,1,Yes,No,Fiber optic,No,No,No,No,No,No,Month-to-month,No,Electronic check,70.4,70.4,1,0-12,1,1,1,70.4,2
5317-FLPJF,Female,0,No,No,66,No,No,DSL,Yes,No,Yes,Yes,Yes,Yes,Two year,Yes,Bank transfer (automatic),61.35,4193.4,0,60-72,0,5,0,63.53636363636363,0
7621-VPNET,Female,0,Yes,No,42,Yes,Yes,Fiber optic,No,No,Yes,Yes,No,No,Month-to-month,Yes,Credit card (automatic),85.9,3729.75,0,36-48,0,4,1,88.80357142857143,2
6034-YMTOB,Female,0,No,No,5,Yes,No,Fiber optic,No,No,No,Yes,No,No,Month-to-month,Yes,Mailed check,75.65,399.45,0,0-12,1,2,1,79.89,2
8563-IIOXK,Male,0,Yes,Yes,7,Yes,No,DSL,Yes,No,No,No,No,No,One year,Yes,Electronic check,49.75,331.3,1,0-12,0,2,1,47.32857142857143,1
4903-CNOZC,Male,0,No,No,29,Yes,Yes,DSL,No,Yes,Yes,No,No,Yes,One year,No,Credit card (automatic),70.9,1964.6,0,24-36,0,5,1,67.7448275862069,1
4353-HYOJD,Female,0,Yes,Yes,27,Yes,No,DSL,No,Yes,No,No,No,No,Month-to-month,No,Mailed check,49.85,1336.15,0,24-36,0,2,1,49.48703703703704,2
8020-BWHYL,Female,1,No,No,15,Yes,No,Fiber optic,No,Yes,No,No,No,No,Month-to-month,Yes,Credit card (automatic),75.3,1147.45,1,12-24,0,2,1,76.49666666666667,2
7267-FRMJW,Female,0,Yes,Yes,25,Yes,No,No,No,No,No,No,No,No,Two year,No,Mailed check,20.1,486.05,0,24-36,0,1,0,19.442,0
2982-VPSGI,Female,0,Yes,No,11,Yes,Yes,Fiber optic,No,No,No,No,Yes,Yes,Month-to-month,Yes,Electronic check,94.0,1078.9,1,0-12,0,4,1,98.08181818181819,2
4188-FRABG,Male,0,Yes,No,57,Yes,Yes,Fiber optic,Yes,Yes,Yes,Yes,Yes,No,Month-to-month,Yes,Electronic check,103.05,5925.75,0,48-60,0,7,1,103.96052631578948,2
8199-ZLLSA,Male,0,No,No,67,Yes,Yes,Fiber optic,Yes,Yes,Yes,Yes,Yes,Yes,One year,Yes,Bank transfer (automatic),118.35,7804.15,1,60-72,0,8,1,116.47985074626865,1
4128-ETESU,Female,1,Yes,No,47,Yes,Yes,Fiber optic,No,No,Yes,No,Yes,Yes,Month-to-month,No,Electronic check,99.7,4747.2,0,36-48,0,5,1,101.00425531914894,2
0620-DLSLK,Female,0,No,No,13,Yes,No,Fiber optic,No,No,No,No,Yes,No,Month-to-month,Yes,Mailed check,81.9,1028.9,0,12-24,0,2,1,79.14615384615385,2
4625-EWPTF,Male,0,No,No,8,No,No,DSL,Yes,No,No,No,No,No,Month-to-month,Yes,Electronic check,30.45,226.45,1,0-12,0,1,0,28.30625,2
5980-NOPLP,Female,0,Yes,No,44,Yes,Yes,Fiber optic,No,No,No,No,Yes,Yes,Month-to-month,Yes,Electronic check,96.1,4364.1,1,36-48,0,4,1,99.18409090909091,2
3850-OKINF,Male,0,Yes,Yes,71,Yes,Yes,DSL,Yes,No,No,No,Yes,No,One year,Yes,Electronic check,66.2,4692.55,0,60-72,0,4,1,66.09225352112676,1
6892-XPFPU,Male,1,Yes,No,24,Yes,Yes,Fiber optic,No,Yes,Yes,No,Yes,Yes,Month-to-month,Yes,Electronic check,104.25,2433.9,1,12-24,0,6,1,101.41250000000001,2
8010-EZLOU,Male,1,No,No,15,Yes,Yes,Fiber optic,No,Yes,No,No,No,No,Month-to-month,Yes,Electronic check,80.2,1217.25,1,12-24,0,3,1,81.15,2
1156-ZFYDO,Female,0,No,No,1,Yes,No,No,No,No,No,No,No,No,Month-to-month,No,Electronic check,19.75,19.75,0,0-12,1,1,0,19.75,2
3295-YVUSR,Male,1,No,No,2,Yes,Yes,Fiber optic,No,No,No,No,No,No,Month-to-month,Yes,Mailed check,72.6,154.3,0,0-12,1,2,1,77.15,2
8016-NCFVO,Male,1,No,No,55,Yes,Yes,Fiber optic,Yes,Yes,Yes,Yes,Yes,Yes,Month-to-month,Yes,Electronic check,116.5,6382.55,0,48-60,0,8,1,116.04636363636364,2
4119-ZYPZY,Male,1,No,No,71,Yes,Yes,Fiber optic,No,Yes,No,Yes,Yes,Yes,Two year,Yes,Electronic check,106.8,7623.2,0,60-72,0,6,1,107.36901408450704,0
5549-ZGHFB,Male,0,Yes,Yes,50,Yes,Yes,No,No,No,No,No,No,No,Two year,No,Mailed check,24.95,1261.45,0,48-60,0,2,0,25.229,0
7577-SWIFR,Male,0,No,No,1,Yes,No,Fiber optic,No,No,No,No,Yes,Yes,Month-to-month,Yes,Electronic check,89.25,89.25,0,0-12,1,3,1,89.25,2
0303-WMMRN,Male,0,No,No,5,Yes,No,No,No,No,No,No,No,No,Month-to-month,Yes,Mailed check,19.25,86.05,0,0-12,1,1,0,17.21,2
6408-OTUBZ,Female,0,No,No,66,Yes,Yes,Fiber optic,Yes,Yes,Yes,Yes,Yes,No,One year,Yes,Bank transfer (automatic),104.55,6779.05,0,60-72,0,7,1,102.7128787878788,1
5204-HMGYF,Female,0,Yes,Yes,49,Yes,No,DSL,Yes,Yes,Yes,Yes,Yes,Yes,One year,Yes,Mailed check,87.2,4345.0,0,48-60,0,7,1,88.6734693877551,1
1078-TDCRN,Female,1,Yes,No,3,No,No,DSL,No,Yes,No,No,No,No,Month-to-month,Yes,Electronic check,30.75,82.85,0,0-12,1,1,0,27.616666666666664,2
3727-OVPRY,Male,0,Yes,Yes,66,Yes,Yes,No,No,No,No,No,No,No,One year,Yes,Credit card (automatic),25.7,1714.55,0,60-72,0,2,0,25.9780303030303,1
3797-FKOGQ,Male,0,No,Yes,11,Yes,Yes,Fiber optic,No,No,No,No,No,Yes,Month-to-month,No,Electronic check,86.2,893.2,0,0-12,0,3,1,81.2,2
7622-NXQZR,Male,0,No,No,28,No,No,DSL,No,No,No,Yes,No,No,Month-to-month,Yes,Credit card (automatic),30.1,810.85,0,24-36,0,1,0,28.958928571428572,2
6196-HBOBZ,Male,0,Yes,No,65,Yes,Yes,Fiber optic,Yes,Yes,Yes,No,Yes,No,Two year,Yes,Electronic check,99.35,6347.55,0,60-72,0,6,1,97.65461538461538,0
3970-XGJDU,Female,0,No,No,62,Yes,No,No,No,No,No,No,No,No,Two year,Yes,Credit card (automatic),19.2,1123.65,0,60-72,0,1,0,18.123387096774195,0
7017-VFULY,Female,0,Yes,No,2,Yes,No,No,No,No,No,No,No,No,Month-to-month,No,Bank transfer (automatic),20.1,43.15,0,0-12,1,1,0,21.575,2
5562-YJQGT,Female,0,No,No,2,Yes,No,No,No,No,No,No,No,No,Month-to-month,No,Credit card (automatic),20.35,35.1,0,0-12,1,1,0,17.55,2
8807-OPMBM,Female,0,Yes,Yes,55,Yes,Yes,No,No,No,No,No,No,No,Two year,Yes,Credit card (automatic),25.65,1388.0,0,48-60,0,2,0,25.236363636363638,0
5439-WIKXB,Male,1,Yes,No,41,Yes,No,Fiber optic,No,Yes,No,No,Yes,Yes,Month-to-month,Yes,Electronic check,94.55,3851.45,0,36-48,0,4,1,93.93780487804878,2
9874-QLCLH,Female,0,Yes,Yes,17,Yes,Yes,Fiber optic,Yes,No,Yes,No,Yes,Yes,Month-to-month,Yes,Electronic check,104.2,1743.5,1,12-24,0,6,1,102.55882352941177,2
8294-UIMBA,Female,0,No,No,30,Yes,No,Fiber optic,No,No,No,Yes,Yes,Yes,One year,Yes,Bank transfer (automatic),94.4,2638.1,0,24-36,0,4,1,87.93666666666667,1
8109-YUOHE,Male,0,No,No,17,Yes,No,DSL,Yes,Yes,No,No,No,No,One year,No,Mailed check,56.1,946.95,0,12-24,0,3,1,55.70294117647059,1
5840-NVDCG,Female,0,Yes,Yes,16,Yes,No,DSL,Yes,Yes,No,Yes,No,Yes,Two year,No,Bank transfer (automatic),68.25,1114.85,0,12-24,0,5,1,69.678125,0
8092-NLTGF,Male,0,No,No,72,Yes,Yes,No,No,No,No,No,No,No,Two year,No,Bank transfer (automatic),24.75,1777.6,0,60-72,0,2,0,24.688888888888886,0
5928-QLDHB,Male,0,No,No,9,Yes,Yes,Fiber optic,No,No,No,No,No,No,Month-to-month,Yes,Electronic check,76.25,684.85,0,0-12,0,2,1,76.09444444444445,2
9840-EFJQB,Female,0,No,No,1,Yes,No,Fiber optic,No,Yes,No,No,No,No,Month-to-month,No,Electronic check,74.35,74.35,0,0-12,1,2,1,74.35,2
0696-UKTOX,Male,0,No,Yes,23,Yes,No,DSL,No,Yes,No,Yes,No,No,Month-to-month,No,Electronic check,54.15,1312.45,0,12-24,0,3,1,57.06304347826087,2
4801-KFYKL,Male,0,No,Yes,8,Yes,No,No,No,No,No,No,No,No,Month-to-month,No,Bank transfer (automatic),19.45,159.2,0,0-12,0,1,0,19.9,2
3472-OAOOR,Male,0,Yes,Yes,19,No,No,DSL,Yes,Yes,No,No,No,No,Month-to-month,Yes,Mailed check,34.95,610.2,0,12-24,0,2,0,32.11578947368421,2
6135-OZQVA,Female,0,No,No,7,Yes,Yes,DSL,Yes,No,No,No,No,No,Month-to-month,Yes,Electronic check,53.65,404.35,0,0-12,0,3,1,57.76428571428572,2
8062-YBDOE,Male,1,No,No,1,Yes,No,Fiber optic,No,No,No,No,No,No,Month-to-month,Yes,Electronic check,69.65,69.65,1,0-12,1,1,1,69.65,2
2252-JHJGE,Male,0,No,No,61,Yes,Yes,Fiber optic,Yes,No,Yes,No,Yes,Yes,One year,No,Electronic check,104.0,6363.45,0,60-72,0,6,1,104.31885245901638,1
4188-PCPIG,Female,0,Yes,No,57,Yes,No,DSL,Yes,Yes,No,Yes,Yes,No,Two year,Yes,Credit card (automatic),70.35,4124.65,0,48-60,0,5,1,72.36228070175439,0
6000-APYLU,Male,0,No,No,9,Yes,No,Fiber optic,No,No,No,No,No,Yes,Month-to-month,Yes,Electronic check,80.8,713.1,1,0-12,0,2,1,79.23333333333333,2
7105-BENQF,Male,0,No,Yes,15,Yes,No,DSL,Yes,No,Yes,No,No,Yes,One year,No,Mailed check,64.85,950.75,0,12-24,0,4,1,63.38333333333333,1
7721-DVEKZ,Female,0,No,No,1,Yes,No,No,No,No,No,No,No,No,Month-to-month,No,Mailed check,19.65,19.65,0,0-12,1,1,0,19.65,2
3566-VVORZ,Female,0,Yes,No,12,Yes,No,DSL,No,No,No,No,No,No,Month-to-month,No,Bank transfer (automatic),45.9,505.95,0,0-12,0,1,1,42.1625,2
9507-HSMMZ,Male,0,No,No,54,Yes,No,No,No,No,No,No,No,No,Two year,No,Mailed check,20.0,1149.65,0,48-60,0,1,0,21.289814814814818,0
2480-SQIOB,Male,0,Yes,Yes,4,Yes,No,DSL,No,No,No,No,No,No,Month-to-month,No,Electronic check,44.8,169.65,0,0-12,1,1,1,42.4125,2
0947-IDHRQ,Female,0,No,No,7,Yes,No,Fiber optic,No,No,No,No,Yes,No,Month-to-month,Yes,Mailed check,80.3,526.7,1,0-12,0,2,1,75.24285714285715,2
7813-TKCVO,Female,0,Yes,No,20,Yes,No,No,No,No,No,No,No,No,One year,No,Mailed check,20.35,393.15,0,12-24,0,1,0,19.6575,1
0128-MKWSG,Female,0,No,Yes,26,No,No,DSL,Yes,No,No,Yes,No,Yes,Month-to-month,No,Mailed check,45.8,1147.0,0,24-36,0,3,0,44.11538461538461,2
3672-YITQD,Male,1,Yes,No,36,Yes,Yes,Fiber optic,No,No,No,No,No,Yes,Month-to-month,Yes,Electronic check,84.1,3021.6,1,24-36,0,3,1,83.93333333333334,2
4350-ZTLPI,Female,0,Yes,No,53,Yes,Yes,Fiber optic,No,Yes,Yes,Yes,Yes,Yes,One year,Yes,Bank transfer (automatic),108.95,5718.2,0,48-60,0,7,1,107.89056603773585,1
9048-JVYVF,Male,0,No,No,3,Yes,No,DSL,No,No,No,Yes,Yes,Yes,Month-to-month,Yes,Electronic check,69.35,191.35,1,0-12,1,4,1,63.78333333333333,2
0361-HJRDX,Female,0,No,No,68,No,No,DSL,Yes,Yes,Yes,Yes,Yes,Yes,Two year,No,Credit card (automatic),64.35,4539.6,0,60-72,0,6,0,66.75882352941177,0
5727-MYATE,Male,0,Yes,Yes,72,Yes,Yes,DSL,Yes,Yes,Yes,Yes,Yes,Yes,Two year,Yes,Credit card (automatic),90.8,6397.6,0,60-72,0,8,1,88.85555555555555,0
3823-KYNQY,Male,0,No,No,12,Yes,Yes,No,No,No,No,No,No,No,One year,No,Credit card (automatic),24.95,280.4,0,0-12,0,2,0,23.366666666666664,1
8988-ECPJR,Female,1,Yes,Yes,34,Yes,Yes,Fiber optic,No,Yes,No,No,No,No,Month-to-month,Yes,Mailed check,79.6,2718.3,1,24-36,0,3,1,79.95,2
7570-WELNY,Female,0,Yes,No,68,Yes,Yes,Fiber optic,Yes,Yes,No,No,No,No,Two year,Yes,Bank transfer (automatic),84.7,5711.05,0,60-72,0,4,1,83.9860294117647,0
3021-VLNRJ,Female,0,No,Yes,50,Yes,No,DSL,Yes,No,Yes,Yes,Yes,No,One year,Yes,Credit card (automatic),70.8,3478.15,0,48-60,0,5,1,69.563,1
3776-EKTKM,Female,1,No,No,1,No,No,DSL,No,No,No,No,Yes,No,Month-to-month,Yes,Electronic check,36.45,36.45,1,0-12,1,1,0,36.45,2
2080-CAZNM,Female,1,No,No,41,Yes,Yes,Fiber optic,No,Yes,Yes,No,Yes,Yes,Month-to-month,Yes,Electronic check,104.4,4133.95,0,36-48,0,6,1,100.8280487804878,2
1028-FFNJK,Male,1,Yes,No,30,Yes,Yes,Fiber optic,No,No,No,Yes,Yes,Yes,Month-to-month,Yes,Electronic check,101.5,2917.65,0,24-36,0,5,1,97.25500000000001,2
6907-FLBER,Male,0,No,No,1,Yes,Yes,DSL,No,Yes,No,No,No,No,Month-to-month,No,Electronic check,54.3,54.3,0,0-12,1,3,1,54.3,2
3001-UNBTL,Male,1,Yes,Yes,29,Yes,Yes,Fiber optic,No,No,Yes,No,Yes,Yes,Month-to-month,Yes,Electronic check,103.95,2964.8,0,24-36,0,5,1,102.2344827586207,2
5982-PSMKW,Female,0,Yes,Yes,23,Yes,Yes,DSL,Yes,Yes,Yes,Yes,Yes,Yes,Two year,Yes,Credit card (automatic),91.1,2198.3,0,12-24,0,8,1,95.57826086956523,0
3507-GASNP,Male,0,No,Yes,60,Yes,No,No,No,No,No,No,No,No,Two year,No,Mailed check,19.95,1189.9,0,48-60,0,1,0,19.831666666666667,0
7096-ZNBZI,Female,0,Yes,No,72,Yes,Yes,No,No,No,No,No,No,No,Two year,No,Credit card (automatic),26.45,1914.5,0,60-72,0,2,0,26.59027777777778,0
1902-XBTFB,Male,0,No,Yes,22,Yes,No,Fiber optic,No,Yes,Yes,No,Yes,No,Month-to-month,Yes,Electronic check,89.4,2001.5,1,12-24,0,4,1,90.97727272727273,2
1676-MQAOA,Male,0,No,No,72,Yes,No,DSL,Yes,Yes,Yes,Yes,Yes,No,Two year,Yes,Bank transfer (automatic),75.1,5336.35,0,60-72,0,6,1,74.11597222222223,0
0786-IVLAW,Female,1,No,No,66,Yes,Yes,Fiber optic,No,Yes,Yes,No,Yes,Yes,One year,No,Bank transfer (automatic),108.1,7238.6,0,60-72,0,6,1,109.67575757575759,1
7566-DSRLQ,Female,0,Yes,No,72,Yes,Yes,Fiber optic,No,Yes,Yes,Yes,Yes,Yes,Two year,Yes,Electronic check,110.15,7998.8,0,60-72,0,7,1,111.09444444444445,0
0643-OKLRP,Female,1,Yes,No,47,Yes,Yes,Fiber optic,Yes,No,No,No,No,No,Month-to-month,No,Electronic check,80.35,3825.85,1,36-48,0,3,1,81.40106382978723,2
7245-JMTTQ,Female,0,No,No,51,Yes,Yes,Fiber optic,No,Yes,Yes,Yes,Yes,Yes,One year,Yes,Electronic check,111.5,5703.25,0,48-60,0,7,1,111.82843137254902,1
6050-IJRHS,Female,0,Yes,Yes,70,Yes,Yes,Fiber optic,No,Yes,Yes,No,Yes,Yes,One year,Yes,Electronic check,106.5,7397.0,0,60-72,0,6,1,105.67142857142858,1
6202-JVYEU,Male,0,No,No,9,Yes,No,No,No,No,No,No,No,No,One year,Yes,Electronic check,19.9,164.6,0,0-12,0,1,0,18.288888888888888,1
8591-TKMZH,Male,0,Yes,Yes,59,Yes,Yes,Fiber optic,Yes,Yes,No,Yes,Yes,Yes,Two year,Yes,Mailed check,111.1,6555.2,0,48-60,0,7,1,111.10508474576271,0
0734-OXWBT,Male,0,No,Yes,3,Yes,No,DSL,No,No,No,Yes,Yes,Yes,Month-to-month,No,Mailed check,70.7,225.65,0,0-12,1,4,1,75.21666666666667,2
4282-ACRXS,Male,1,Yes,No,38,No,No,DSL,No,No,No,No,No,No,Month-to-month,Yes,Electronic check,24.85,955.75,0,36-48,0,0,0,25.151315789473685,2
0365-TRTPY,Female,0,No,No,37,Yes,Yes,Fiber optic,Yes,Yes,Yes,No,No,No,Month-to-month,No,Bank transfer (automatic),91.2,3382.3,0,36-48,0,5,1,91.41351351351352,2
7349-ALMUX,Male,0,No,No,37,Yes,No,DSL,Yes,Yes,Yes,Yes,No,No,Two year,No,Bank transfer (automatic),65.6,2313.8,0,36-48,0,5,1,62.53513513513514,0
9381-NDKME,Female,1,Yes,No,24,No,No,DSL,No,No,Yes,No,No,Yes,Month-to-month,Yes,Credit card (automatic),40.65,933.3,1,12-24,0,2,0,38.887499999999996,2
6502-KUGLL,Female,0,Yes,Yes,14,Yes,No,DSL,Yes,Yes,No,Yes,No,No,Month-to-month,No,Bank transfer (automatic),59.45,780.85,0,12-24,0,4,1,55.775,2
1841-YSJGV,Male,0,Yes,No,72,Yes,Yes,Fiber optic,Yes,Yes,No,Yes,Yes,Yes,Two year,Yes,Credit card (automatic),109.95,7852.4,0,60-72,0,7,1,109.0611111111111,0
2794-XIMMO,Male,0,Yes,No,53,No,No,DSL,No,Yes,Yes,Yes,Yes,Yes,One year,Yes,Electronic check,60.45,3184.25,1,48-60,0,5,0,60.08018867924528,1
8382-SHQEH,Female,0,Yes,No,8,Yes,Yes,Fiber optic,No,No,No,No,No,Yes,Month-to-month,Yes,Electronic check,84.9,764.95,1,0-12,0,3,1,95.61875,2
3511-BFTJW,Male,0,Yes,Yes,72,No,No,DSL,Yes,Yes,Yes,No,No,No,Two year,No,Credit card (automatic),38.5,2763.0,0,60-72,0,3,0,38.375,0
7668-XCFYV,Female,1,Yes,No,17,Yes,Yes,Fiber optic,No,No,No,No,Yes,Yes,Month-to-month,Yes,Electronic check,92.55,1614.7,0,12-24,0,4,1,94.98235294117647,2
2983-ZANRP,Female,0,Yes,Yes,2,Yes,No,Fiber optic,No,Yes,No,No,No,No,Month-to-month,Yes,Bank transfer (automatic),73.55,145.4,1,0-12,1,2,1,72.7,2
7845-URHJN,Female,0,Yes,No,8,Yes,No,No,No,No,No,No,No,No,Month-to-month,No,Bank transfer (automatic),20.15,156.25,1,0-12,0,1,0,19.53125,2
3034-ZBEQN,Female,0,Yes,No,48,No,No,DSL,No,Yes,Yes,No,No,No,One year,No,Mailed check,34.7,1604.5,1,36-48,0,2,0,33.427083333333336,1
5018-HEKFO,Female,0,No,No,10,Yes,Yes,No,No,No,No,No,No,No,Month-to-month,Yes,Mailed check,24.5,270.15,0,0-12,0,2,0,27.014999999999997,2
2923-ARZLG,Male,0,Yes,Yes,0,Yes,No,No,No,No,No,No,No,No,One year,Yes,Mailed check,19.7,0.0,0,0-12,1,1,0,19.7,1
3976-NLDEZ,Male,0,No,No,1,Yes,No,No,No,No,No,No,No,No,Month-to-month,No,Mailed check,20.6,20.6,0,0-12,1,1,0,20.6,2
2282-YGNOR,Female,0,No,No,29,Yes,No,DSL,Yes,No,Yes,Yes,No,No,One year,No,Credit card (automatic),58.0,1734.5,0,24-36,0,4,1,59.810344827586206,1
5336-UFNZP,Female,1,Yes,Yes,65,Yes,Yes,Fiber optic,No,Yes,Yes,No,Yes,Yes,One year,Yes,Electronic check,107.45,7047.5,0,60-72,0,6,1,108.42307692307692,1
6854-EXGSF,Female,0,No,No,8,Yes,Yes,DSL,Yes,Yes,Yes,No,No,No,Month-to-month,Yes,Bank transfer (automatic),65.5,573.15,0,0-12,0,5,1,71.64375,2
1241-EZFMJ,Male,0,Yes,No,61,Yes,Yes,No,No,No,No,No,No,No,Two year,No,Bank transfer (automatic),25.45,1538.6,0,60-72,0,2,0,25.22295081967213,0
9233-PSYHO,Female,1,No,No,45,Yes,Yes,Fiber optic,No,No,Yes,No,Yes,Yes,One year,Yes,Bank transfer (automatic),100.15,4459.8,0,36-48,0,5,1,99.10666666666667,1
5376-PCKNB,Male,0,Yes,Yes,72,Yes,Yes,Fiber optic,No,Yes,Yes,No,Yes,Yes,One year,Yes,Credit card (automatic),104.45,7459.0,0,60-72,0,6,1,103.59722222222223,1
8044-BGWPI,Male,0,Yes,Yes,12,Yes,No,No,No,No,No,No,No,No,Month-to-month,Yes,Electronic check,21.15,306.05,0,0-12,0,1,0,25.504166666666666,2
4060-LDNLU,Male,0,No,No,7,Yes,Yes,Fiber optic,No,No,No,No,Yes,Yes,Month-to-month,No,Electronic check,96.2,639.7,0,0-12,0,4,1,91.38571428571429,2
3589-PPVKW,Male,0,No,No,9,Yes,No,DSL,No,No,No,No,No,No,Month-to-month,Yes,Mailed check,44.4,348.15,0,0-12,0,1,1,38.68333333333333,2
8327-LZKAS,Female,1,Yes,No,43,Yes,Yes,Fiber optic,No,No,Yes,Yes,Yes,Yes,One year,Yes,Electronic check,107.55,4533.9,1,36-48,0,6,1,105.43953488372092,1
5887-IKKYO,Male,0,Yes,Yes,58,Yes,Yes,Fiber optic,No,No,Yes,Yes,No,Yes,Two year,No,Bank transfer (automatic),94.35,5563.65,0,48-60,0,5,1,95.925,0
1075-BGWOH,Male,1,Yes,No,16,Yes,Yes,Fiber optic,No,No,Yes,No,Yes,Yes,Month-to-month,Yes,Electronic check,98.75,1587.55,1,12-24,0,5,1,99.221875,2
1755-RMCXH,Male,0,Yes,Yes,2,Yes,No,No,No,No,No,No,No,No,Month-to-month,No,Mailed check,20.3,40.25,0,0-12,1,1,0,20.125,2
0302-JOIVN,Female,0,Yes,No,8,Yes,No,Fiber optic,No,Yes,Yes,No,Yes,Yes,Month-to-month,No,Electronic check,101.15,842.9,1,0-12,0,5,1,105.3625,2
3858-XHYJO,Female,0,Yes,No,40,Yes,Yes,Fiber optic,Yes,No,Yes,No,Yes,Yes,One year,No,Bank transfer (automatic),105.75,4228.55,0,36-48,0,6,1,105.71375,1
4299-SIMNS,Male,0,No,No,9,Yes,Yes,Fiber optic,Yes,No,No,No,No,No,Month-to-month,Yes,Electronic check,81.15,784.45,0,0-12,0,3,1,87.16111111111111,2
7025-IWFHT,Male,0,No,No,41,Yes,No,Fiber optic,No,Yes,No,Yes,Yes,No,One year,Yes,Electronic check,89.55,3729.75,0,36-48,0,4,1,90.96951219512195,1
6261-LHRTG,Female,0,No,No,26,Yes,No,DSL,No,Yes,Yes,No,No,No,Month-to-month,Yes,Credit card (automatic),54.75,1406.9,0,24-36,0,3,1,54.111538461538466,2
7841-FCRQD,Female,0,Yes,No,33,Yes,No,DSL,No,Yes,No,Yes,No,No,One year,Yes,Credit card (automatic),53.75,1857.3,0,24-36,0,3,1,56.28181818181818,1
2056-EVGZL,Male,0,Yes,Yes,68,Yes,No,Fiber optic,No,Yes,Yes,Yes,Yes,Yes,One year,No,Credit card (automatic),105.75,7322.5,0,60-72,0,6,1,107.68382352941177,1
8777-MBMTS,Female,1,Yes,No,65,Yes,No,Fiber optic,No,Yes,Yes,Yes,Yes,Yes,Two year,Yes,Credit card (automatic),105.85,6725.5,0,60-72,0,6,1,103.46923076923076,0
7753-USQYQ,Male,0,No,No,55,Yes,No,DSL,No,Yes,No,Yes,No,Yes,One year,Yes,Electronic check,64.2,3627.3,0,48-60,0,4,1,65.9509090909091,1
5366-IJEQJ,Male,0,No,No,20,Yes,Yes,Fiber optic,No,No,Yes,No,Yes,No,Month-to-month,Yes,Electronic check,88.7,1761.45,1,12-24,0,4,1,88.0725,2
7661-CPURM,Male,0,No,No,19,Yes,No,Fiber optic,No,No,No,Yes,No,Yes,One year,Yes,Credit card (automatic),87.7,1725.95,0,12-24,0,3,1,90.83947368421053,1
6233-HXJMX,Female,0,No,No,45,Yes,Yes,Fiber optic,No,No,Yes,No,No,Yes,Month-to-month,Yes,Credit card (automatic),89.3,4192.15,0,36-48,0,4,1,93.15888888888888,2
5902-WBLSE,Female,0,Yes,Yes,70,Yes,No,No,No,No,No,No,No,No,Two year,Yes,Credit card (automatic),20.15,1411.2,0,60-72,0,1,0,20.16,0
1981-INRFU,Female,0,No,No,2,Yes,No,Fiber optic,No,No,No,No,Yes,No,Month-to-month,Yes,Electronic check,79.75,164.5,1,0-12,1,2,1,82.25,2
4971-PUYQO,Female,0,No,No,27,Yes,Yes,Fiber optic,No,No,No,No,Yes,Yes,Month-to-month,Yes,Mailed check,94.55,2724.6,1,24-36,0,4,1,100.91111111111111,2
3239-TPHPZ,Female,0,Yes,No,12,Yes,No,No,No,No,No,No,No,No,Two year,Yes,Electronic check,20.05,264.55,0,0-12,0,1,0,22.045833333333334,0
5115-GZDEL,Male,0,No,Yes,72,No,No,DSL,Yes,Yes,Yes,Yes,Yes,Yes,Two year,No,Credit card (automatic),67.2,4671.7,0,60-72,0,6,0,64.88472222222222,0
3338-CVVEH,Male,0,No,No,12,Yes,Yes,Fiber optic,No,No,No,No,Yes,Yes,Month-to-month,No,Electronic check,94.55,1173.55,0,0-12,0,4,1,97.79583333333333,2
8485-GJCDN,Female,1,No,No,5,Yes,No,Fiber optic,No,No,No,No,No,No,Month-to-month,Yes,Mailed check,69.05,318.5,1,0-12,1,1,1,63.7,2
2615-YVMYX,Male,1,Yes,No,71,Yes,Yes,Fiber optic,Yes,Yes,Yes,No,Yes,Yes,Month-to-month,Yes,Electronic check,107.5,7713.55,0,60-72,0,7,1,108.64154929577465,2
2851-STERV,Male,1,No,No,35,Yes,No,DSL,No,No,Yes,Yes,Yes,Yes,One year,Yes,Electronic check,73.0,2471.25,0,24-36,0,5,1,70.60714285714286,1
4393-GEADV,Male,0,Yes,Yes,70,Yes,Yes,Fiber optic,Yes,Yes,Yes,Yes,Yes,Yes,Two year,No,Credit card (automatic),114.75,7842.3,0,60-72,0,8,1,112.03285714285714,0
8486-AYEQH,Female,0,No,No,31,Yes,Yes,Fiber optic,No,No,No,No,No,No,Month-to-month,Yes,Electronic check,76.05,2227.8,0,24-36,0,2,1,71.86451612903227,2
1527-SXDPN,Male,0,Yes,Yes,52,Yes,Yes,Fiber optic,No,No,Yes,Yes,No,Yes,Two year,Yes,Bank transfer (automatic),96.25,4990.25,1,48-60,0,5,1,95.96634615384616,0
6029-WTIPC,Male,1,No,No,37,Yes,Yes,Fiber optic,No,No,Yes,No,Yes,Yes,Month-to-month,Yes,Electronic check,101.1,3744.05,1,36-48,0,5,1,101.19054054054054,2
8634-CILSZ,Male,0,No,No,69,Yes,Yes,Fiber optic,No,Yes,No,Yes,Yes,Yes,One year,Yes,Bank transfer (automatic),104.7,7220.35,1,60-72,0,6,1,104.64275362318841,1
5419-JKZNQ,Male,1,Yes,No,30,Yes,Yes,Fiber optic,No,No,No,No,No,No,Month-to-month,No,Mailed check,77.9,2351.45,0,24-36,0,2,1,78.38166666666666,2
2495-KZNFB,Female,0,No,No,33,Yes,Yes,Fiber optic,Yes,No,No,No,No,Yes,Month-to-month,Yes,Electronic check,90.65,2989.6,0,24-36,0,4,1,90.5939393939394,2
1409-PHXTF,Male,1,Yes,No,54,Yes,Yes,Fiber optic,No,Yes,Yes,Yes,Yes,Yes,Two year,Yes,Electronic check,110.45,6077.75,0,48-60,0,7,1,112.55092592592592,0
4560-WQAQW,Female,0,No,No,59,Yes,Yes,DSL,Yes,No,No,Yes,No,Yes,One year,No,Bank transfer (automatic),68.7,4070.95,0,48-60,0,5,1,68.99915254237288,1
9591-YVTEB,Male,1,No,No,55,No,No,DSL,Yes,Yes,No,No,Yes,No,Month-to-month,Yes,Electronic check,44.85,2479.05,0,48-60,0,3,0,45.07363636363637,2
9309-BZGNT,Male,1,Yes,No,69,No,No,DSL,No,No,Yes,No,No,No,One year,Yes,Credit card (automatic),29.8,2134.3,0,60-72,0,1,0,30.93188405797102,1
4274-DRSQT,Female,0,No,No,66,Yes,Yes,Fiber optic,No,Yes,No,No,Yes,No,One year,Yes,Bank transfer (automatic),88.9,6000.1,0,60-72,0,4,1,90.91060606060607,1
2027-DNKIV,Male,0,Yes,Yes,37,Yes,No,DSL,Yes,No,Yes,Yes,No,No,One year,Yes,Mailed check,58.75,2203.1,0,36-48,0,4,1,59.54324324324324,1
8075-GXIUB,Male,1,Yes,No,9,Yes,No,No,No,No,No,No,No,No,One year,No,Credit card (automatic),19.85,183.15,0,0-12,0,1,0,20.35,1
2885-HIJDH,Male,0,Yes,Yes,69,Yes,Yes,DSL,Yes,No,Yes,Yes,Yes,Yes,Two year,No,Bank transfer (automatic),86.9,6194.1,0,60-72,0,7,1,89.7695652173913,0
5424-RLQLC,Male,0,No,No,10,Yes,No,DSL,No,Yes,No,No,Yes,No,Month-to-month,Yes,Mailed check,59.65,638.95,0,0-12,0,3,1,63.895,2
6682-QJDGB,Male,0,No,Yes,40,Yes,No,DSL,Yes,Yes,No,No,No,No,Month-to-month,Yes,Mailed check,55.25,2139.2,1,36-48,0,3,1,53.48,2
6507-DTJZV,Male,0,No,Yes,13,Yes,No,DSL,No,No,No,No,Yes,Yes,Month-to-month,No,Credit card (automatic),66.4,831.75,0,12-24,0,3,1,63.98076923076923,2
8780-IXSTS,Female,0,No,No,6,Yes,Yes,Fiber optic,No,Yes,No,No,Yes,No,Month-to-month,Yes,Electronic check,90.1,521.3,1,0-12,1,4,1,86.88333333333333,2
7673-BQGKU,Female,0,Yes,Yes,69,Yes,No,No,No,No,No,No,No,No,Two year,No,Bank transfer (automatic),20.15,1337.5,0,60-72,0,1,0,19.384057971014492,0
6723-WSNTY,Female,1,Yes,No,66,Yes,Yes,Fiber optic,No,Yes,Yes,Yes,Yes,Yes,One year,Yes,Credit card (automatic),108.1,7181.95,0,60-72,0,7,1,108.81742424242424,1
9530-EHPOH,Male,0,No,No,11,Yes,Yes,DSL,No,No,Yes,No,No,No,Month-to-month,No,Electronic check,53.75,608.0,1,0-12,0,3,1,55.27272727272727,2
2725-IWWBA,Male,0,Yes,Yes,46,Yes,No,DSL,Yes,No,Yes,Yes,No,No,One year,No,Mailed check,56.9,2560.1,0,36-48,0,4,1,55.654347826086955,1
0345-HKJVM,Female,0,No,No,6,Yes,No,Fiber optic,No,No,No,No,Yes,Yes,Month-to-month,No,Electronic check,89.3,577.6,1,0-12,1,3,1,96.26666666666667,2
1061-PNTHC,Female,0,Yes,Yes,56,Yes,Yes,Fiber optic,Yes,No,Yes,Yes,Yes,Yes,Month-to-month,Yes,Mailed check,109.6,5953.0,0,48-60,0,7,1,106.30357142857143,2
0394-YONDK,Male,0,Yes,Yes,70,Yes,Yes,No,No,No,No,No,No,No,Two year,No,Credit card (automatic),25.15,1790.15,0,60-72,0,2,0,25.57357142857143,0
6574-MCOEH,Female,0,Yes,Yes,33,Yes,Yes,DSL,No,No,Yes,Yes,Yes,Yes,One year,Yes,Electronic check,79.15,2531.4,0,24-36,0,6,1,76.70909090909092,1
7399-QHBJS,Female,0,Yes,Yes,72,Yes,Yes,DSL,Yes,Yes,No,Yes,No,No,Two year,No,Credit card (automatic),66.75,4760.3,0,60-72,0,5,1,66.11527777777778,0
3049-SOLAY,Female,0,Yes,No,3,Yes,Yes,Fiber optic,No,No,No,No,Yes,Yes,Month-to-month,Yes,Electronic check,95.2,292.85,1,0-12,1,4,1,97.61666666666667,2
0997-YTLNY,Female,0,No,Yes,19,Yes,No,DSL,No,No,No,Yes,No,No,Month-to-month,No,Mailed check,48.8,953.65,0,12-24,0,2,1,50.19210526315789,2
3317-HRTNN,Female,1,No,No,5,No,No,DSL,No,No,No,No,Yes,Yes,Month-to-month,No,Electronic check,45.7,198.0,1,0-12,1,2,0,39.6,2
9479-HYNYL,Female,0,Yes,No,71,Yes,No,DSL,No,Yes,Yes,Yes,Yes,Yes,Two year,Yes,Credit card (automatic),80.7,5705.05,0,60-72,0,6,1,80.35281690140846,0
3235-ETOOB,Male,0,Yes,No,8,Yes,No,Fiber optic,Yes,No,No,No,No,No,Month-to-month,Yes,Electronic check,74.5,609.9,1,0-12,0,2,1,76.2375,2
9708-KFDBY,Male,0,No,No,1,Yes,No,No,No,No,No,No,No,No,Month-to-month,No,Credit card (automatic),20.55,20.55,0,0-12,1,1,0,20.55,2
8058-INTPH,Female,0,No,No,1,Yes,No,Fiber optic,No,No,No,No,Yes,No,Month-to-month,Yes,Electronic check,79.65,79.65,1,0-12,1,2,1,79.65,2
3642-GKTCT,Female,0,No,No,61,Yes,Yes,Fiber optic,Yes,Yes,Yes,Yes,Yes,Yes,One year,Yes,Mailed check,115.1,6993.65,0,60-72,0,8,1,114.64999999999999,1
0774-RMNUW,Female,0,Yes,Yes,71,No,No,DSL,Yes,Yes,No,Yes,Yes,Yes,Two year,No,Bank transfer (automatic),59.7,4122.65,0,60-72,0,5,0,58.06549295774647,0
1334-PDUKM,Female,0,Yes,No,68,Yes,Yes,Fiber optic,No,Yes,Yes,No,No,No,One year,No,Credit card (automatic),86.45,5762.95,0,60-72,0,4,1,84.74926470588235,1
0756-MPZRL,Male,0,No,No,46,No,No,DSL,No,No,Yes,Yes,No,No,One year,No,Credit card (automatic),33.7,1537.85,0,36-48,0,2,0,33.43152173913043,1
2242-MFOTG,Male,0,No,No,33,Yes,Yes,Fiber optic,Yes,No,No,No,No,No,One year,No,Bank transfer (automatic),80.1,2603.3,0,24-36,0,3,1,78.88787878787879,1
2927-CVULT,Female,0,Yes,Yes,53,Yes,Yes,Fiber optic,Yes,Yes,Yes,Yes,No,Yes,Two year,Yes,Bank transfer (automatic),104.05,5566.4,0,48-60,0,7,1,105.02641509433961,0
2144-BFDSO,Female,1,Yes,No,50,Yes,Yes,Fiber optic,Yes,Yes,Yes,No,Yes,Yes,Month-to-month,No,Bank transfer (automatic),108.75,5431.9,0,48-60,0,7,1,108.63799999999999,2
8745-PVESG,Female,0,No,No,57,No,No,DSL,Yes,No,Yes,Yes,No,No,One year,Yes,Credit card (automatic),41.1,2258.25,0,48-60,0,3,0,39.61842105263158,1
7647-GYYKX,Female,0,Yes,Yes,54,Yes,No,No,No,No,No,No,No,No,Two year,Yes,Bank transfer (automatic),20.35,1092.35,0,48-60,0,1,0,20.2287037037037,0
5647-FXOTP,Female,1,Yes,No,60,Yes,Yes,Fiber optic,No,Yes,Yes,No,Yes,Yes,Month-to-month,Yes,Electronic check,105.9,6401.25,0,48-60,0,6,1,106.6875,2
5569-OUICF,Female,1,Yes,No,28,Yes,Yes,Fiber optic,No,No,No,Yes,Yes,Yes,Month-to-month,Yes,Credit card (automatic),101.3,2812.2,1,24-36,0,5,1,100.43571428571428,2
8821-XNHVZ,Female,0,Yes,Yes,1,Yes,No,Fiber optic,No,No,No,No,Yes,No,Month-to-month,Yes,Mailed check,80.05,80.05,1,0-12,1,2,1,80.05,2
2082-OJVTK,Male,0,Yes,Yes,29,Yes,Yes,Fiber optic,No,No,Yes,No,No,Yes,Month-to-month,Yes,Electronic check,89.2,2698.35,1,24-36,0,4,1,93.04655172413793,2
9700-ISPUP,Female,0,Yes,Yes,10,Yes,No,DSL,No,Yes,No,Yes,No,Yes,Month-to-month,Yes,Electronic check,65.5,616.9,0,0-12,0,4,1,61.69,2
9839-ETQOE,Male,0,No,Yes,43,No,No,DSL,Yes,Yes,Yes,No,No,No,Month-to-month,Yes,Electronic check,40.45,1912.85,0,36-48,0,3,0,44.48488372093023,2
6078-VESFR,Male,1,Yes,No,13,Yes,No,Fiber optic,No,No,No,No,No,No,Month-to-month,No,Bank transfer (automatic),70.45,849.1,0,12-24,0,1,1,65.31538461538462,2
9027-TMATR,Female,0,Yes,No,43,Yes,No,DSL,Yes,No,Yes,Yes,Yes,Yes,Two year,Yes,Electronic check,78.8,3460.3,0,36-48,0,6,1,80.47209302325582,0
5940-NFXKV,Male,0,Yes,Yes,19,Yes,Yes,Fiber optic,No,No,No,No,No,Yes,Month-to-month,Yes,Electronic check,83.65,1465.75,1,12-24,0,3,1,77.14473684210526,2
1941-HOSAM,Male,0,Yes,Yes,1,Yes,No,Fiber optic,No,No,No,No,Yes,Yes,Month-to-month,Yes,Electronic check,90.1,90.1,0,0-12,1,3,1,90.1,2
9110-HSGTV,Female,0,No,No,69,Yes,No,DSL,Yes,No,Yes,Yes,Yes,Yes,Two year,Yes,Credit card (automatic),82.45,5555.3,0,60-72,0,6,1,80.51159420289855,0
0704-VCUMB,Female,0,Yes,No,61,Yes,No,No,No,No,No,No,No,No,Two year,No,Credit card (automatic),20.25,1278.8,0,60-72,0,1,0,20.963934426229507,0
6171-ZTVYB,Male,0,Yes,No,43,Yes,Yes,DSL,Yes,Yes,No,Yes,No,No,Month-to-month,No,Bank transfer (automatic),66.25,2907.35,0,36-48,0,5,1,67.61279069767441,2
8053-WWDRO,Female,0,Yes,No,6,Yes,No,No,No,No,No,No,No,No,Month-to-month,No,Bank transfer (automatic),19.5,146.3,1,0-12,1,1,0,24.383333333333336,2
9564-KCLHR,Male,0,No,No,1,Yes,No,DSL,No,No,No,Yes,No,No,Month-to-month,No,Mailed check,51.25,51.25,1,0-12,1,2,1,51.25,2
1935-IMVBB,Male,0,Yes,No,56,Yes,No,Fiber optic,No,No,No,No,Yes,Yes,Month-to-month,No,Mailed check,89.7,4952.95,0,48-60,0,3,1,88.44553571428571,2
2535-PBCGC,Female,0,Yes,No,70,No,No,DSL,Yes,Yes,Yes,Yes,Yes,Yes,Two year,No,Bank transfer (automatic),64.55,4504.9,0,60-72,0,6,0,64.35571428571428,0
2082-CEFLT,Male,0,No,No,1,Yes,No,DSL,No,No,No,No,No,No,Month-to-month,Yes,Electronic check,45.6,45.6,1,0-12,1,1,1,45.6,2
1470-PSXNM,Male,0,Yes,Yes,49,Yes,Yes,Fiber optic,No,Yes,Yes,No,Yes,No,One year,Yes,Electronic check,93.65,4520.15,0,48-60,0,5,1,92.24795918367346,1
1213-NGCUN,Female,0,No,No,6,Yes,No,DSL,No,No,No,Yes,No,No,Month-to-month,Yes,Bank transfer (automatic),49.65,267.35,1,0-12,1,2,1,44.55833333333334,2
2498-XLDZR,Female,0,Yes,Yes,32,Yes,No,DSL,Yes,Yes,Yes,Yes,No,Yes,Two year,No,Mailed check,73.6,2316.85,0,24-36,0,6,1,72.4015625,0
9866-OCCKE,Female,1,Yes,No,72,Yes,Yes,Fiber optic,Yes,No,Yes,Yes,Yes,Yes,Two year,Yes,Mailed check,109.75,8075.35,0,60-72,0,7,1,112.1576388888889,0
5338-YHWYT,Male,0,No,Yes,37,Yes,No,DSL,Yes,Yes,No,Yes,No,No,Two year,No,Credit card (automatic),61.45,2302.35,0,36-48,0,4,1,62.225675675675674,0
7718-UPSKJ,Female,0,Yes,No,69,Yes,No,Fiber optic,Yes,Yes,No,Yes,Yes,Yes,One year,Yes,Credit card (automatic),106.4,7251.9,0,60-72,0,6,1,105.1,1
8731-WBBMB,Female,0,Yes,No,26,Yes,No,DSL,No,Yes,Yes,Yes,Yes,Yes,Month-to-month,No,Bank transfer (automatic),81.9,2078.55,0,24-36,0,6,1,79.94423076923077,2
1448-CYWKC,Female,0,Yes,Yes,58,Yes,Yes,Fiber optic,No,Yes,Yes,No,Yes,Yes,One year,Yes,Credit card (automatic),105.2,6225.4,0,48-60,0,6,1,107.33448275862068,1
7901-IIDQV,Male,0,No,No,24,Yes,Yes,DSL,No,No,No,Yes,No,No,One year,No,Bank transfer (automatic),54.6,1242.25,0,12-24,0,3,1,51.760416666666664,1
2690-DVRVK,Male,0,Yes,Yes,5,Yes,No,No,No,No,No,No,No,No,One year,No,Electronic check,20.55,99.45,0,0-12,1,1,0,19.89,1
5688-KZTSN,Male,0,Yes,Yes,15,Yes,No,No,No,No,No,No,No,No,Month-to-month,Yes,Electronic check,20.0,288.05,1,12-24,0,1,0,19.203333333333333,2
1270-XKUCC,Female,0,Yes,Yes,30,Yes,No,No,No,No,No,No,No,No,Two year,No,Mailed check,19.7,599.25,0,24-36,0,1,0,19.975,0
0334-ZFJSR,Female,0,Yes,No,55,Yes,Yes,DSL,Yes,Yes,No,Yes,No,No,One year,Yes,Credit card (automatic),66.05,3462.1,0,48-60,0,5,1,62.947272727272725,1
2894-QOJRX,Female,0,Yes,No,25,No,No,DSL,No,No,No,No,Yes,No,Month-to-month,Yes,Bank transfer (automatic),34.0,853.0,1,24-36,0,1,0,34.12,2
5747-PMBSQ,Male,1,Yes,No,10,Yes,No,Fiber optic,No,Yes,Yes,Yes,Yes,No,Month-to-month,Yes,Mailed check,92.5,934.1,1,0-12,0,5,1,93.41,2
5583-EJXRD,Male,0,Yes,Yes,44,No,No,DSL,Yes,Yes,Yes,Yes,No,Yes,Two year,Yes,Credit card (automatic),54.05,2375.2,0,36-48,0,5,0,53.98181818181818,0
4565-EVZMJ,Female,0,No,No,47,Yes,No,DSL,Yes,Yes,No,Yes,No,No,One year,Yes,Mailed check,58.9,2813.05,0,36-48,0,4,1,59.85212765957447,1
3143-JQEGI,Female,0,Yes,Yes,13,Yes,No,Fiber optic,No,No,No,No,Yes,Yes,Month-to-month,No,Electronic check,88.35,1222.8,1,12-24,0,3,1,94.06153846153846,2
6386-SZZKH,Female,0,Yes,Yes,49,Yes,Yes,Fiber optic,No,Yes,Yes,Yes,Yes,Yes,Two year,Yes,Bank transfer (automatic),107.95,5293.2,1,48-60,0,7,1,108.02448979591837,0
3327-YBAKM,Female,0,Yes,No,64,Yes,No,Fiber optic,Yes,No,No,Yes,Yes,Yes,One year,Yes,Mailed check,96.9,6314.35,0,60-72,0,5,1,98.66171875,1
9441-QHEVC,Male,0,No,No,1,Yes,No,No,No,No,No,No,No,No,Month-to-month,No,Mailed check,19.1,19.1,0,0-12,1,1,0,19.1,2
6705-LNMDD,Male,0,No,No,20,Yes,No,DSL,No,No,No,Yes,No,No,Month-to-month,No,Mailed check,50.0,1003.05,0,12-24,0,2,1,50.152499999999996,2
2580-ASVVY,Female,0,Yes,No,37,No,No,DSL,Yes,No,No,Yes,Yes,No,Two year,No,Electronic check,45.4,1593.1,0,36-48,0,3,0,43.056756756756755,0
3370-GQEAL,Male,0,Yes,Yes,30,Yes,Yes,Fiber optic,No,No,No,No,Yes,No,Month-to-month,No,Electronic check,85.45,2509.95,0,24-36,0,3,1,83.66499999999999,2
5032-USPKF,Female,0,No,No,38,Yes,Yes,DSL,Yes,Yes,Yes,No,Yes,Yes,One year,No,Bank transfer (automatic),84.1,3187.65,0,36-48,0,7,1,83.88552631578948,1
2982-IHMFT,Female,1,No,No,1,Yes,Yes,Fiber optic,No,No,No,No,No,No,Month-to-month,Yes,Mailed check,74.45,74.45,1,0-12,1,2,1,74.45,2
3521-SYVOR,Female,0,No,No,37,Yes,No,DSL,No,No,No,No,Yes,Yes,Month-to-month,Yes,Electronic check,64.75,2345.2,1,36-48,0,3,1,63.38378378378378,2
4254-QPEDE,Female,0,Yes,No,52,No,No,DSL,Yes,Yes,Yes,Yes,Yes,Yes,Two year,No,Credit card (automatic),66.25,3330.1,0,48-60,0,6,0,64.04038461538461,0
6283-GITPX,Male,0,No,Yes,71,Yes,No,DSL,Yes,Yes,Yes,Yes,Yes,No,Two year,Yes,Credit card (automatic),76.9,5522.7,0,60-72,0,6,1,77.78450704225352,0
9526-JAWYF,Male,0,No,No,26,Yes,No,Fiber optic,No,Yes,Yes,No,Yes,No,Month-to-month,No,Electronic check,89.8,2335.3,1,24-36,0,4,1,89.81923076923077,2
0771-CHWSK,Male,0,No,No,66,Yes,Yes,DSL,Yes,Yes,Yes,No,No,Yes,Two year,Yes,Credit card (automatic),74.6,4798.4,0,60-72,0,6,1,72.7030303030303,0
9788-HNGUT,Male,0,Yes,No,72,Yes,Yes,Fiber optic,Yes,Yes,Yes,Yes,Yes,Yes,Two year,Yes,Credit card (automatic),116.95,8594.4,0,60-72,0,8,1,119.36666666666666,0
9495-REDIY,Male,0,No,Yes,25,No,No,DSL,Yes,No,No,No,Yes,No,One year,Yes,Credit card (automatic),40.65,970.55,0,24-36,0,2,0,38.821999999999996,1
5375-XLDOF,Male,0,Yes,Yes,69,Yes,Yes,Fiber optic,Yes,Yes,Yes,Yes,Yes,Yes,Two year,Yes,Bank transfer (automatic),114.35,7665.8,0,60-72,0,8,1,111.09855072463769,0
1172-VIYBP,Male,0,Yes,Yes,53,Yes,Yes,DSL,Yes,Yes,No,No,No,Yes,Two year,No,Bank transfer (automatic),69.7,3686.05,0,48-60,0,5,1,69.54811320754717,0
5649-VUKMC,Female,0,No,No,12,Yes,No,Fiber optic,No,No,Yes,No,Yes,Yes,One year,No,Mailed check,95.5,1115.15,1,0-12,0,4,1,92.92916666666667,1
6559-PDZLR,Male,0,No,No,26,Yes,No,Fiber optic,No,No,Yes,Yes,Yes,Yes,Month-to-month,Yes,Electronic check,98.65,2537.0,0,24-36,0,5,1,97.57692307692308,2
8992-OBVDG,Male,0,No,No,21,Yes,No,DSL,No,No,Yes,No,No,Yes,Month-to-month,No,Mailed check,61.65,1393.6,0,12-24,0,3,1,66.36190476190475,2
4273-MBHYA,Female,0,No,Yes,1,Yes,No,Fiber optic,No,No,No,No,Yes,Yes,Month-to-month,Yes,Electronic check,89.35,89.35,0,0-12,1,3,1,89.35,2
4724-WXVWF,Male,0,No,No,48,Yes,Yes,Fiber optic,Yes,No,No,Yes,No,Yes,Month-to-month,Yes,Electronic check,95.4,4445.3,0,36-48,0,5,1,92.61041666666667,2
5701-GUXDC,Female,0,Yes,No,26,No,No,DSL,Yes,No,Yes,No,No,No,One year,No,Credit card (automatic),35.4,978.6,0,24-36,0,2,0,37.63846153846154,1
1460-UZPRJ,Male,0,Yes,No,60,Yes,No,No,No,No,No,No,No,No,Two year,No,Mailed check,19.95,1258.15,0,48-60,0,1,0,20.96916666666667,0
6082-GLJIX,Male,0,No,No,18,Yes,No,No,No,No,No,No,No,No,Month-to-month,No,Mailed check,19.25,331.35,0,12-24,0,1,0,18.408333333333335,2
5143-EGQFK,Female,1,No,No,10,No,No,DSL,No,No,No,Yes,No,No,Month-to-month,Yes,Electronic check,29.65,291.4,1,0-12,0,1,0,29.139999999999997,2
4919-IKATY,Male,0,Yes,Yes,5,Yes,Yes,Fiber optic,Yes,No,Yes,No,No,No,Month-to-month,Yes,Electronic check,84.5,453.75,1,0-12,1,4,1,90.75,2
2495-TTHBQ,Female,0,No,Yes,4,Yes,No,No,No,No,No,No,No,No,One year,Yes,Mailed check,20.4,84.75,0,0-12,1,1,0,21.1875,1
0485-ZBSLN,Male,0,Yes,Yes,65,Yes,Yes,No,No,No,No,No,No,No,Two year,No,Credit card (automatic),24.75,1715.1,0,60-72,0,2,0,26.386153846153846,0
3810-PJUHR,Male,0,Yes,Yes,70,Yes,Yes,No,No,No,No,No,No,No,Two year,No,Mailed check,25.35,1715.15,0,60-72,0,2,0,24.502142857142857,0
9050-QLROH,Male,0,No,No,18,Yes,Yes,Fiber optic,No,No,Yes,No,No,Yes,Month-to-month,Yes,Credit card (automatic),90.7,1597.25,1,12-24,0,4,1,88.73611111111111,2
0847-HGRML,Male,0,No,Yes,62,Yes,No,No,No,No,No,No,No,No,Two year,No,Bank transfer (automatic),20.0,1250.1,0,60-72,0,1,0,20.16290322580645,0
8232-CTLKO,Female,0,Yes,Yes,66,Yes,No,DSL,Yes,No,No,No,Yes,No,Two year,Yes,Electronic check,59.75,3996.8,0,60-72,0,3,1,60.55757575757576,0
9227-YBAXE,Female,0,Yes,Yes,65,Yes,Yes,DSL,Yes,Yes,No,Yes,Yes,Yes,Two year,Yes,Bank transfer (automatic),82.5,5215.1,0,60-72,0,7,1,80.2323076923077,0
6168-WFVVF,Female,1,No,No,3,Yes,No,Fiber optic,No,No,No,No,No,No,Month-to-month,Yes,Electronic check,70.3,235.5,1,0-12,1,1,1,78.5,2
9860-LISIZ,Female,0,No,No,34,Yes,No,No,No,No,No,No,No,No,Month-to-month,No,Mailed check,20.35,673.2,0,24-36,0,1,0,19.8,2
0112-QAWRZ,Male,0,Yes,Yes,16,Yes,Yes,Fiber optic,No,No,Yes,No,Yes,No,Month-to-month,Yes,Bank transfer (automatic),90.8,1442.2,0,12-24,0,4,1,90.1375,2
0877-SDMBN,Female,0,No,No,54,Yes,Yes,Fiber optic,Yes,No,Yes,No,Yes,Yes,One year,Yes,Bank transfer (automatic),103.95,5639.05,1,48-60,0,6,1,104.42685185185185,1
2786-GCDPI,Female,1,No,No,50,Yes,Yes,Fiber optic,No,No,Yes,Yes,Yes,Yes,Month-to-month,Yes,Electronic check,104.95,5222.35,0,48-60,0,6,1,104.447,2
4043-MKDTV,Male,0,Yes,No,71,Yes,No,Fiber optic,No,Yes,Yes,Yes,Yes,Yes,Two year,Yes,Electronic check,105.25,7291.75,0,60-72,0,6,1,102.70070422535211,0
8065-YKXKD,Female,0,No,No,10,Yes,Yes,Fiber optic,No,No,No,No,No,No,Month-to-month,Yes,Electronic check,74.75,799.65,1,0-12,0,2,1,79.965,2
9637-EIHEQ,Female,0,No,No,1,Yes,No,DSL,No,No,No,Yes,No,No,Month-to-month,Yes,Electronic check,50.8,50.8,1,0-12,1,2,1,50.8,2
9229-RQABD,Male,0,No,No,18,Yes,Yes,No,No,No,No,No,No,No,One year,No,Mailed check,23.75,424.5,0,12-24,0,2,0,23.583333333333332,1
8313-KTIHG,Male,0,No,No,4,Yes,No,DSL,No,No,No,Yes,Yes,No,Month-to-month,Yes,Electronic check,61.3,249.4,0,0-12,1,3,1,62.35,2
5320-BRKGK,Female,0,Yes,Yes,58,Yes,Yes,DSL,Yes,No,Yes,Yes,Yes,No,Two year,No,Mailed check,75.8,4415.75,0,48-60,0,6,1,76.13362068965517,0
6284-KMNUF,Female,0,Yes,No,56,Yes,Yes,Fiber optic,Yes,No,No,No,Yes,Yes,One year,Yes,Electronic check,98.0,5270.6,0,48-60,0,5,1,94.11785714285715,1
9689-PTNPG,Male,0,No,No,2,Yes,No,Fiber optic,No,No,No,No,Yes,No,Month-to-month,Yes,Electronic check,80.25,144.55,1,0-12,1,2,1,72.275,2
9465-RWMXL,Male,0,Yes,No,32,Yes,Yes,Fiber optic,No,No,Yes,No,No,No,Month-to-month,Yes,Electronic check,78.9,2447.95,1,24-36,0,3,1,76.4984375,2
6229-UOLQL,Male,0,Yes,Yes,56,No,No,DSL,Yes,Yes,No,Yes,Yes,No,One year,Yes,Mailed check,52.0,2884.9,0,48-60,0,4,0,51.51607142857143,1
2362-IBOOY,Male,0,No,No,36,Yes,Yes,Fiber optic,No,No,No,No,No,Yes,Month-to-month,Yes,Electronic check,84.75,3050.15,1,24-36,0,3,1,84.72638888888889,2
3137-LUPIX,Female,0,No,No,4,Yes,Yes,DSL,No,No,No,Yes,Yes,No,Month-to-month,Yes,Mailed check,64.4,253.0,0,0-12,1,4,1,63.25,2
0843-WTBXE,Male,0,No,No,53,Yes,Yes,Fiber optic,No,No,No,No,Yes,No,Month-to-month,No,Bank transfer (automatic),85.45,4517.25,1,48-60,0,3,1,85.23113207547169,2
6143-JQKEA,Male,0,No,No,10,Yes,No,DSL,No,No,No,No,No,No,Month-to-month,Yes,Credit card (automatic),45.8,436.2,0,0-12,0,1,1,43.62,2
8676-OOQEJ,Male,0,No,No,4,No,No,DSL,No,No,No,Yes,No,No,Month-to-month,No,Electronic check,30.5,118.4,0,0-12,1,1,0,29.6,2
5515-IDEJJ,Male,0,Yes,Yes,1,Yes,No,No,No,No,No,No,No,No,Month-to-month,No,Mailed check,19.9,19.9,1,0-12,1,1,0,19.9,2
9701-CDXHR,Female,0,Yes,No,51,Yes,No,Fiber optic,No,No,No,No,No,No,Month-to-month,No,Mailed check,69.15,3649.6,0,48-60,0,1,1,71.56078431372549,2
7450-NWRTR,Male,1,No,No,12,Yes,Yes,Fiber optic,No,No,Yes,No,Yes,Yes,Month-to-month,Yes,Electronic check,99.45,1200.15,1,0-12,0,5,1,100.0125,2
8124-NZVGJ,Female,0,No,No,6,No,No,DSL,No,No,No,Yes,Yes,Yes,One year,Yes,Mailed check,49.25,255.6,0,0-12,1,3,0,42.6,1
2162-FRZAA,Male,0,Yes,Yes,63,No,No,DSL,No,Yes,Yes,Yes,No,No,Two year,No,Bank transfer (automatic),39.35,2395.05,0,60-72,0,3,0,38.01666666666667,0
5376-DEQCP,Female,0,No,No,1,Yes,No,Fiber optic,No,No,No,No,No,No,Month-to-month,Yes,Electronic check,70.6,70.6,1,0-12,1,1,1,70.6,2
5118-MUEYH,Female,0,Yes,No,48,Yes,Yes,Fiber optic,No,Yes,No,Yes,Yes,Yes,Month-to-month,Yes,Credit card (automatic),105.1,5083.55,0,36-48,0,6,1,105.90729166666667,2
9095-HFAFX,Female,0,No,No,5,Yes,No,Fiber optic,No,No,No,No,Yes,No,Month-to-month,Yes,Credit card (automatic),81.0,389.6,1,0-12,1,2,1,77.92,2
5627-TVBPP,Female,0,No,Yes,35,Yes,No,No,No,No,No,No,No,No,One year,Yes,Credit card (automatic),20.1,644.5,0,24-36,0,1,0,18.414285714285715,1
2379-ENZGV,Male,0,No,No,6,Yes,No,Fiber optic,No,Yes,No,No,Yes,No,Month-to-month,Yes,Electronic check,84.85,523.5,1,0-12,1,3,1,87.25,2
3936-QQFLL,Male,0,No,No,2,Yes,No,No,No,No,No,No,No,No,Month-to-month,No,Mailed check,19.75,39.3,0,0-12,1,1,0,19.65,2
2589-AYCRP,Female,0,No,No,50,Yes,No,No,No,No,No,No,No,No,One year,No,Bank transfer (automatic),19.75,989.05,0,48-60,0,1,0,19.781,1
4067-HLYQI,Female,0,No,No,33,Yes,No,Fiber optic,No,No,No,No,No,No,Month-to-month,Yes,Bank transfer (automatic),70.4,2406.1,0,24-36,0,1,1,72.9121212121212,2
5124-EOGYE,Male,0,No,No,31,Yes,No,No,No,No,No,No,No,No,Two year,No,Mailed check,20.45,638.55,0,24-36,0,1,0,20.598387096774193,0
5057-RKGLH,Female,0,Yes,Yes,9,Yes,No,No,No,No,No,No,No,No,Two year,No,Mailed check,20.35,191.1,0,0-12,0,1,0,21.233333333333334,0
0292-WEGCH,Female,0,Yes,Yes,54,Yes,Yes,DSL,No,Yes,Yes,Yes,Yes,Yes,Month-to-month,Yes,Electronic check,86.2,4524.05,0,48-60,0,7,1,83.77870370370371,2
8910-ICHIU,Female,0,No,No,46,Yes,No,Fiber optic,Yes,Yes,Yes,No,Yes,No,One year,Yes,Credit card (automatic),95.65,4664.2,0,36-48,0,5,1,101.39565217391304,1
4097-YODCF,Male,0,No,Yes,34,Yes,Yes,Fiber optic,Yes,Yes,No,No,Yes,Yes,One year,Yes,Electronic check,103.8,3470.8,0,24-36,0,6,1,102.08235294117648,1
9715-WZCLW,Male,0,Yes,Yes,71,Yes,Yes,Fiber optic,Yes,No,No,No,Yes,Yes,Two year,Yes,Electronic check,97.2,6910.3,0,60-72,0,5,1,97.32816901408451,0
9786-YWNHU,Female,0,Yes,Yes,63,Yes,No,DSL,Yes,Yes,Yes,Yes,No,No,Two year,No,Mailed check,63.55,4014.2,0,60-72,0,5,1,63.717460317460315,0
6407-GSJNL,Female,0,No,No,51,Yes,Yes,No,No,No,No,No,No,No,Two year,No,Bank transfer (automatic),24.95,1288.0,0,48-60,0,2,0,25.254901960784313,0
6005-OBZPH,Female,1,No,No,26,Yes,Yes,Fiber optic,No,Yes,No,No,Yes,No,Month-to-month,Yes,Electronic check,89.15,2277.65,1,24-36,0,4,1,87.60192307692309,2
4049-ZPALD,Female,0,Yes,No,64,Yes,No,Fiber optic,Yes,No,Yes,No,Yes,Yes,Two year,Yes,Bank transfer (automatic),99.0,6375.8,0,60-72,0,5,1,99.621875,0
7932-WPTDS,Female,1,Yes,No,1,No,No,DSL,No,No,No,No,No,No,Month-to-month,Yes,Electronic check,24.8,24.8,1,0-12,1,0,0,24.8,2
3733-UOCWF,Male,1,Yes,No,61,Yes,Yes,Fiber optic,No,Yes,No,Yes,No,No,One year,Yes,Bank transfer (automatic),85.55,5251.75,0,60-72,0,4,1,86.09426229508196,1
6833-JMZYP,Female,0,No,No,15,Yes,No,Fiber optic,No,No,Yes,No,Yes,Yes,Month-to-month,Yes,Credit card (automatic),94.0,1505.45,0,12-24,0,4,1,100.36333333333333,2
2722-VOJQL,Male,0,No,No,64,Yes,Yes,Fiber optic,No,Yes,No,Yes,Yes,Yes,One year,Yes,Credit card (automatic),105.65,6903.1,1,60-72,0,6,1,107.8609375,1
1310-QRITU,Female,0,No,No,18,Yes,Yes,DSL,No,No,No,No,No,No,Month-to-month,Yes,Electronic check,50.3,913.3,0,12-24,0,2,1,50.73888888888889,2
8961-QDZZJ,Female,0,Yes,Yes,57,Yes,No,Fiber optic,No,Yes,No,No,Yes,Yes,One year,Yes,Electronic check,95.0,5535.8,0,48-60,0,4,1,97.11929824561403,1
9715-SBVSU,Male,0,Yes,Yes,14,Yes,No,DSL,Yes,Yes,No,No,No,Yes,Two year,Yes,Bank transfer (automatic),61.4,815.55,0,12-24,0,4,1,58.253571428571426,0
8490-BXHEO,Male,1,No,No,18,Yes,Yes,Fiber optic,No,Yes,No,No,No,No,Month-to-month,Yes,Credit card (automatic),80.55,1411.65,0,12-24,0,3,1,78.42500000000001,2
7173-TETGO,Female,1,Yes,No,72,Yes,Yes,Fiber optic,Yes,No,No,No,No,No,Two year,No,Bank transfer (automatic),78.5,5602.25,0,60-72,0,3,1,77.80902777777777,0
7929-SKFGK,Male,0,Yes,No,70,Yes,Yes,Fiber optic,Yes,Yes,Yes,Yes,Yes,Yes,Two year,No,Credit card (automatic),114.3,8244.3,0,60-72,0,8,1,117.77571428571427,0
2300-RQGOI,Female,0,No,No,38,Yes,No,No,No,No,No,No,No,No,Two year,No,Mailed check,20.05,741.5,0,36-48,0,1,0,19.513157894736842,0
3563-SVYLG,Male,0,Yes,Yes,68,Yes,No,DSL,Yes,Yes,Yes,Yes,No,No,Two year,No,Credit card (automatic),62.65,4375.8,0,60-72,0,5,1,64.35000000000001,0
5228-EXCET,Male,0,No,No,13,Yes,No,Fiber optic,No,No,No,No,No,Yes,Month-to-month,Yes,Electronic check,80.85,1008.7,1,12-24,0,2,1,77.5923076923077,2
6435-VWCCY,Male,1,Yes,No,65,Yes,Yes,Fiber optic,Yes,Yes,No,No,Yes,No,Two year,Yes,Credit card (automatic),92.7,5968.4,0,60-72,0,5,1,91.82153846153845,0
4998-IKFSE,Female,0,No,No,30,Yes,Yes,Fiber optic,No,No,Yes,No,Yes,Yes,Month-to-month,No,Electronic check,100.45,3096.9,0,24-36,0,5,1,103.23,2
8630-QSGXK,Male,0,Yes,No,51,Yes,Yes,DSL,No,No,No,Yes,Yes,Yes,Two year,Yes,Bank transfer (automatic),75.2,3901.25,0,48-60,0,5,1,76.49509803921569,0
2455-USLMV,Female,0,No,No,31,Yes,Yes,Fiber optic,Yes,No,Yes,No,No,No,Month-to-month,Yes,Credit card (automatic),84.75,2613.4,0,24-36,0,4,1,84.30322580645162,2
7394-FKDNK,Female,0,Yes,No,9,Yes,No,Fiber optic,No,No,No,No,Yes,Yes,Month-to-month,No,Electronic check,89.45,853.1,1,0-12,0,3,1,94.78888888888889,2
9488-FVZCC,Female,0,Yes,Yes,72,Yes,Yes,DSL,Yes,Yes,Yes,Yes,No,Yes,Two year,Yes,Bank transfer (automatic),79.5,5661.7,0,60-72,0,7,1,78.63472222222222,0
6331-LWDTQ,Male,0,No,No,10,Yes,Yes,DSL,No,No,No,No,Yes,Yes,Month-to-month,Yes,Credit card (automatic),72.15,794.25,1,0-12,0,4,1,79.425,2
5995-WWKKG,Female,0,No,No,37,Yes,No,No,No,No,No,No,No,No,One year,Yes,Electronic check,19.8,695.05,0,36-48,0,1,0,18.785135135135135,1
1597-FZREH,Female,0,No,No,2,Yes,No,DSL,No,No,Yes,Yes,Yes,Yes,Month-to-month,No,Electronic check,76.4,160.8,1,0-12,1,5,1,80.4,2
7879-CGSFV,Male,0,No,No,55,Yes,No,Fiber optic,Yes,Yes,No,No,Yes,Yes,One year,Yes,Mailed check,100.9,5552.05,0,48-60,0,5,1,100.94636363636364,1
9921-EZKBY,Male,0,No,Yes,33,Yes,Yes,Fiber optic,Yes,No,Yes,No,No,Yes,Month-to-month,Yes,Bank transfer (automatic),95.3,3275.15,0,24-36,0,5,1,99.2469696969697,2
7432-FFVAR,Female,0,Yes,Yes,46,Yes,No,Fiber optic,No,No,Yes,Yes,No,Yes,One year,No,Bank transfer (automatic),90.95,4236.6,0,36-48,0,4,1,92.10000000000001,1
7246-ZGQDF,Female,0,No,Yes,1,Yes,No,DSL,Yes,No,No,Yes,No,No,Month-to-month,No,Electronic check,54.5,54.5,0,0-12,1,3,1,54.5,2
7000-WCEVQ,Female,1,No,No,20,Yes,Yes,DSL,No,No,No,No,No,Yes,Month-to-month,Yes,Mailed check,61.6,1174.35,1,12-24,0,3,1,58.717499999999994,2
0727-IWKVK,Male,0,Yes,No,9,Yes,No,Fiber optic,No,Yes,Yes,No,No,No,Month-to-month,Yes,Electronic check,79.9,741.7,1,0-12,0,3,1,82.41111111111111,2
5959-BELXA,Male,1,No,No,32,Yes,Yes,Fiber optic,No,No,No,No,Yes,Yes,Month-to-month,Yes,Credit card (automatic),96.15,3019.25,1,24-36,0,4,1,94.3515625,2
4456-RHSNB,Female,0,Yes,Yes,19,Yes,No,DSL,No,No,Yes,No,No,No,Month-to-month,Yes,Bank transfer (automatic),49.6,962.9,0,12-24,0,2,1,50.67894736842105,2
3512-IZIKN,Female,0,Yes,No,70,Yes,Yes,DSL,Yes,No,Yes,Yes,No,No,Two year,No,Credit card (automatic),65.3,4759.75,1,60-72,0,5,1,67.99642857142857,0
2481-SBOYW,Female,0,No,Yes,61,Yes,Yes,No,No,No,No,No,No,No,Two year,Yes,Credit card (automatic),25.0,1498.35,0,60-72,0,2,0,24.563114754098358,0
7109-MFBYV,Male,0,No,No,26,Yes,No,DSL,No,No,No,No,No,No,Month-to-month,No,Electronic check,45.45,1233.15,0,24-36,0,1,1,47.42884615384616,2
1833-TCXKK,Male,0,Yes,No,45,Yes,Yes,Fiber optic,No,Yes,Yes,No,Yes,Yes,Month-to-month,Yes,Bank transfer (automatic),107.75,4882.8,0,36-48,0,6,1,108.50666666666667,2
1832-PEUTS,Male,0,Yes,Yes,62,Yes,Yes,Fiber optic,No,No,Yes,No,Yes,No,Two year,Yes,Credit card (automatic),89.1,5411.65,0,60-72,0,4,1,87.28467741935484,0
6141-OOXUQ,Male,0,No,No,1,Yes,No,No,No,No,No,No,No,No,Month-to-month,No,Mailed check,19.65,19.65,1,0-12,1,1,0,19.65,2
8660-BUETV,Female,0,No,No,3,Yes,No,DSL,No,No,No,No,No,No,Month-to-month,No,Mailed check,44.75,148.05,0,0-12,1,1,1,49.35,2
0580-PIQHM,Female,0,Yes,Yes,41,Yes,Yes,Fiber optic,Yes,Yes,Yes,No,No,Yes,One year,Yes,Bank transfer (automatic),101.6,3930.55,0,36-48,0,6,1,95.86707317073171,1
5696-CEIQJ,Male,0,Yes,Yes,67,Yes,No,Fiber optic,No,Yes,Yes,Yes,Yes,Yes,Two year,No,Bank transfer (automatic),103.15,6895.5,0,60-72,0,6,1,102.91791044776119,0
7503-ZGUZJ,Male,0,No,No,1,Yes,Yes,Fiber optic,No,No,No,No,Yes,No,Month-to-month,Yes,Mailed check,84.65,84.65,1,0-12,1,3,1,84.65,2
1696-HXOWK,Female,0,Yes,No,71,Yes,Yes,Fiber optic,Yes,Yes,No,No,Yes,No,One year,No,Mailed check,95.65,6856.95,0,60-72,0,5,1,96.57676056338028,1
3026-ATZYV,Female,0,Yes,Yes,37,Yes,No,DSL,Yes,Yes,No,No,Yes,Yes,One year,No,Bank transfer (automatic),75.1,2658.8,0,36-48,0,5,1,71.85945945945946,1
4012-YCFAI,Male,0,Yes,No,60,Yes,No,DSL,Yes,Yes,No,Yes,No,No,Two year,Yes,Mailed check,61.35,3766.2,0,48-60,0,4,1,62.769999999999996,0
2506-TNFCO,Female,1,Yes,No,1,Yes,No,Fiber optic,No,No,No,No,No,No,Month-to-month,Yes,Electronic check,69.55,69.55,1,0-12,1,1,1,69.55,2
9970-QBCDA,Female,0,No,No,6,Yes,No,No,No,No,No,No,No,No,Month-to-month,No,Credit card (automatic),19.7,129.55,0,0-12,1,1,0,21.59166666666667,2
8718-PTMEZ,Female,0,No,No,13,No,No,DSL,No,Yes,No,No,No,No,Month-to-month,Yes,Electronic check,31.05,347.25,1,12-24,0,1,0,26.71153846153846,2
9496-IVVRP,Female,0,Yes,Yes,11,Yes,No,DSL,Yes,No,No,No,No,No,Month-to-month,No,Bank transfer (automatic),51.0,581.7,0,0-12,0,2,1,52.88181818181818,2
2207-OBZNX,Male,0,No,No,7,Yes,No,DSL,Yes,No,No,No,No,No,Month-to-month,Yes,Mailed check,51.0,354.05,1,0-12,0,2,1,50.57857142857143,2
2657-VPXTA,Female,0,Yes,Yes,10,Yes,No,Fiber optic,No,No,No,No,Yes,Yes,Month-to-month,Yes,Electronic check,88.85,929.45,0,0-12,0,3,1,92.94500000000001,2
6551-VLJMV,Male,0,Yes,No,34,Yes,No,No,No,No,No,No,No,No,Two year,No,Credit card (automatic),20.05,679.0,0,24-36,0,1,0,19.970588235294116,0
1221-GHZEP,Female,0,No,No,62,Yes,No,DSL,Yes,No,No,Yes,No,Yes,Two year,Yes,Mailed check,65.1,3846.75,0,60-72,0,4,1,62.04435483870968,0
9289-LBQVU,Male,0,Yes,No,64,Yes,Yes,DSL,No,Yes,No,Yes,No,Yes,One year,Yes,Mailed check,70.15,4480.7,0,60-72,0,5,1,70.0109375,1
6142-VSJQO,Female,0,Yes,Yes,1,Yes,No,DSL,No,No,No,No,No,No,Month-to-month,Yes,Bank transfer (automatic),44.35,44.35,1,0-12,1,1,1,44.35,2
3458-IDMFK,Male,0,No,No,25,Yes,No,No,No,No,No,No,No,No,Two year,Yes,Mailed check,20.75,499.4,0,24-36,0,1,0,19.976,0
6933-FHBZC,Female,0,No,No,26,Yes,No,DSL,No,Yes,Yes,No,No,No,One year,Yes,Mailed check,56.05,1553.2,0,24-36,0,3,1,59.73846153846154,1
0221-NAUXK,Male,0,No,Yes,10,Yes,No,No,No,No,No,No,No,No,One year,Yes,Bank transfer (automatic),19.95,219.5,0,0-12,0,1,0,21.95,1
9770-KXGQU,Female,0,No,No,53,Yes,Yes,Fiber optic,Yes,Yes,Yes,No,Yes,No,One year,No,Mailed check,98.6,5311.85,0,48-60,0,6,1,100.22358490566039,1
6437-UKHMV,Female,0,No,No,7,Yes,No,Fiber optic,No,No,No,No,Yes,No,Month-to-month,Yes,Electronic check,79.7,586.05,1,0-12,0,2,1,83.72142857142856,2
6538-POCHL,Male,0,No,No,33,Yes,No,Fiber optic,No,Yes,Yes,No,No,No,Month-to-month,Yes,Credit card (automatic),79.0,2576.8,0,24-36,0,3,1,78.0848484848485,2
6726-NNFWD,Female,1,Yes,No,71,Yes,No,Fiber optic,No,Yes,Yes,No,No,Yes,Two year,No,Credit card (automatic),89.45,6435.25,0,60-72,0,4,1,90.63732394366197,0
3002-WQZWT,Female,0,No,No,29,Yes,Yes,Fiber optic,No,No,No,No,No,No,Month-to-month,Yes,Electronic check,74.2,1993.25,0,24-36,0,2,1,68.73275862068965,2
4277-UDIEF,Male,0,Yes,Yes,24,Yes,Yes,DSL,Yes,No,No,Yes,Yes,Yes,Month-to-month,No,Bank transfer (automatic),81.0,1923.85,0,12-24,0,6,1,80.16041666666666,2
1208-NBVFH,Male,0,Yes,Yes,20,Yes,No,DSL,No,No,Yes,No,No,No,Month-to-month,Yes,Electronic check,49.6,939.8,0,12-24,0,2,1,46.989999999999995,2
4912-PIGUY,Female,0,No,No,1,Yes,Yes,Fiber optic,No,No,No,No,Yes,No,Month-to-month,Yes,Electronic check,84.6,84.6,0,0-12,1,3,1,84.6,2
1114-CENIM,Male,0,No,Yes,54,Yes,Yes,DSL,No,Yes,No,No,No,No,Month-to-month,Yes,Credit card (automatic),55.0,3092.65,1,48-60,0,3,1,57.2712962962963,2
6060-DRTNL,Female,1,No,No,5,Yes,No,Fiber optic,No,No,Yes,No,Yes,No,Month-to-month,Yes,Mailed check,84.85,415.55,1,0-12,1,3,1,83.11,2
2725-TTRIQ,Female,0,Yes,Yes,72,Yes,Yes,DSL,Yes,No,Yes,Yes,Yes,Yes,Two year,Yes,Bank transfer (automatic),84.2,5986.55,0,60-72,0,7,1,83.14652777777778,0
3374-TTZTK,Male,0,Yes,No,52,Yes,No,Fiber optic,Yes,Yes,Yes,Yes,Yes,Yes,Two year,Yes,Electronic check,106.3,5487.0,0,48-60,0,7,1,105.51923076923077,0
8990-ZXLSU,Female,0,No,No,9,Yes,No,Fiber optic,No,No,No,No,No,No,Month-to-month,No,Electronic check,69.05,651.5,0,0-12,0,1,1,72.38888888888889,2
2275-RBYQS,Female,0,No,No,1,Yes,No,DSL,No,No,No,No,No,No,Month-to-month,Yes,Mailed check,45.4,45.4,0,0-12,1,1,1,45.4,2
8473-VUVJN,Male,1,No,No,1,Yes,Yes,Fiber optic,No,No,No,No,No,No,Month-to-month,Yes,Electronic check,73.65,73.65,1,0-12,1,2,1,73.65,2
6289-CPNLD,Male,0,Yes,Yes,33,Yes,No,DSL,No,No,Yes,Yes,Yes,Yes,One year,Yes,Mailed check,73.9,2405.05,1,24-36,0,5,1,72.88030303030304,1
5536-SLHPM,Female,0,Yes,No,55,Yes,Yes,Fiber optic,No,No,Yes,No,No,No,Month-to-month,Yes,Electronic check,77.75,4458.15,1,48-60,0,3,1,81.05727272727272,2
4419-UJMUS,Male,0,Yes,Yes,69,Yes,Yes,Fiber optic,No,No,No,Yes,Yes,Yes,Two year,Yes,Electronic check,99.35,6856.45,0,60-72,0,5,1,99.36884057971014,0
7794-JASDG,Male,0,No,No,1,Yes,No,DSL,Yes,No,No,No,No,No,Month-to-month,Yes,Mailed check,50.75,50.75,0,0-12,1,2,1,50.75,2
7609-YBPXG,Male,0,No,No,54,Yes,Yes,DSL,Yes,No,Yes,Yes,Yes,Yes,Two year,No,Bank transfer (automatic),87.1,4735.2,0,48-60,0,7,1,87.68888888888888,0
5519-TEEUH,Male,0,No,Yes,33,Yes,No,No,No,No,No,No,No,No,One year,Yes,Mailed check,20.15,682.15,0,24-36,0,1,0,20.671212121212122,1
7856-GANIL,Male,1,Yes,No,45,Yes,Yes,Fiber optic,No,Yes,Yes,Yes,Yes,No,One year,Yes,Bank transfer (automatic),98.7,4525.8,0,36-48,0,6,1,100.57333333333334,1
0804-XBFBV,Female,0,No,Yes,11,No,No,DSL,No,No,No,No,No,No,Month-to-month,No,Electronic check,25.2,321.05,0,0-12,0,0,0,29.186363636363637,2
2676-OXPPQ,Male,0,No,No,6,Yes,No,DSL,Yes,Yes,No,No,No,No,Month-to-month,Yes,Bank transfer (automatic),55.7,335.65,0,0-12,1,3,1,55.94166666666666,2
3703-TTEPD,Male,0,No,No,21,Yes,No,DSL,Yes,No,Yes,No,Yes,No,Month-to-month,No,Bank transfer (automatic),65.35,1424.4,0,12-24,0,4,1,67.82857142857144,2
2799-TSLAG,Female,0,Yes,Yes,65,Yes,Yes,No,No,No,No,No,No,No,Two year,Yes,Bank transfer (automatic),25.3,1748.55,0,60-72,0,2,0,26.90076923076923,0
0196-VULGZ,Female,1,Yes,No,6,Yes,Yes,Fiber optic,No,No,No,No,No,Yes,Month-to-month,Yes,Electronic check,84.35,474.9,1,0-12,1,3,1,79.14999999999999,2
8837-VVWLQ,Female,0,No,No,8,Yes,No,Fiber optic,Yes,No,No,No,Yes,No,Month-to-month,No,Electronic check,84.95,668.4,1,0-12,0,3,1,83.55,2
2696-NARTR,Male,0,No,No,11,Yes,No,Fiber optic,No,No,No,Yes,No,No,Month-to-month,Yes,Electronic check,73.85,926.25,1,0-12,0,2,1,84.20454545454545,2
2208-NKVVH,Male,0,Yes,Yes,43,Yes,Yes,No,No,No,No,No,No,No,Two year,No,Mailed check,24.25,1077.95,0,36-48,0,2,0,25.06860465116279,0
7614-QVWQL,Male,0,Yes,Yes,49,No,No,DSL,No,Yes,No,No,Yes,Yes,One year,Yes,Bank transfer (automatic),51.8,2541.25,1,48-60,0,3,0,51.86224489795919,1
1976-CFOCS,Female,1,Yes,No,1,Yes,No,DSL,No,No,No,No,No,No,Month-to-month,No,Electronic check,46.0,46.0,1,0-12,1,1,1,46.0,2
4631-OACRM,Male,1,No,No,15,Yes,No,Fiber optic,No,No,No,No,No,Yes,Month-to-month,Yes,Electronic check,79.4,1156.1,1,12-24,0,2,1,77.07333333333332,2
7139-JZFVG,Male,0,Yes,Yes,60,Yes,No,DSL,Yes,Yes,Yes,No,No,No,Two year,No,Bank transfer (automatic),60.5,3694.45,0,48-60,0,4,1,61.57416666666666,0
4987-GQWPO,Male,0,No,No,17,No,No,DSL,No,No,No,No,No,No,Month-to-month,No,Credit card (automatic),25.1,382.8,0,12-24,0,0,0,22.51764705882353,2
3755-JBMNH,Male,1,Yes,No,16,Yes,No,Fiber optic,No,No,No,No,No,No,Month-to-month,Yes,Bank transfer (automatic),71.8,1167.8,1,12-24,0,1,1,72.9875,2
1757-TCATG,Male,0,Yes,Yes,35,Yes,No,No,No,No,No,No,No,No,One year,No,Bank transfer (automatic),20.05,746.75,0,24-36,0,1,0,21.335714285714285,1
6345-ULYRW,Male,1,Yes,No,44,Yes,Yes,Fiber optic,No,Yes,No,No,No,Yes,One year,No,Mailed check,88.4,3912.9,1,36-48,0,4,1,88.92954545454546,1
4776-XSKYQ,Female,0,Yes,Yes,12,No,No,DSL,No,No,No,Yes,No,No,One year,No,Credit card (automatic),30.25,368.85,0,0-12,0,1,0,30.7375,1
8048-DSDFQ,Male,0,No,No,1,Yes,No,No,No,No,No,No,No,No,Month-to-month,No,Mailed check,20.2,20.2,0,0-12,1,1,0,20.2,2
5753-QQWPW,Female,0,No,No,28,Yes,No,DSL,Yes,Yes,No,Yes,No,No,One year,Yes,Electronic check,59.9,1654.7,0,24-36,0,4,1,59.096428571428575,1
6010-DDPPW,Male,0,Yes,No,70,Yes,Yes,No,No,No,No,No,No,No,Two year,No,Bank transfer (automatic),25.15,1940.85,0,60-72,0,2,0,27.72642857142857,0
1809-DMJHQ,Female,0,No,Yes,5,Yes,No,DSL,No,No,No,No,No,No,Month-to-month,No,Mailed check,46.0,221.7,1,0-12,1,1,1,44.339999999999996,2
6693-FRIRW,Male,0,No,No,18,Yes,No,Fiber optic,No,Yes,Yes,No,Yes,Yes,Month-to-month,No,Credit card (automatic),101.3,1794.65,0,12-24,0,5,1,99.70277777777778,2
6586-MYGKD,Male,0,Yes,No,70,Yes,Yes,DSL,Yes,No,No,Yes,Yes,Yes,Two year,Yes,Credit card (automatic),76.95,5289.8,0,60-72,0,6,1,75.56857142857143,0
3173-NVMPX,Female,0,Yes,Yes,9,Yes,Yes,DSL,No,Yes,No,No,No,No,Month-to-month,Yes,Mailed check,55.3,501.2,0,0-12,0,3,1,55.68888888888889,2
0248-PGHBZ,Female,1,No,No,67,Yes,No,Fiber optic,Yes,Yes,No,Yes,Yes,No,Two year,Yes,Bank transfer (automatic),92.45,6140.85,0,60-72,0,5,1,91.65447761194031,0
0623-GDISB,Female,0,No,No,1,Yes,No,DSL,Yes,No,No,No,No,No,Month-to-month,Yes,Bank transfer (automatic),48.45,48.45,0,0-12,1,2,1,48.45,2
2892-GESUL,Female,0,Yes,Yes,18,Yes,No,No,No,No,No,No,No,No,Two year,No,Mailed check,19.35,309.25,0,12-24,0,1,0,17.180555555555557,0
6923-EFPNL,Male,0,No,No,4,Yes,Yes,DSL,No,No,No,No,No,No,Month-to-month,No,Credit card (automatic),51.75,201.1,1,0-12,1,2,1,50.275,2
7472-EQOAV,Male,1,Yes,Yes,71,Yes,No,Fiber optic,Yes,Yes,Yes,No,No,No,One year,Yes,Bank transfer (automatic),86.7,6179.35,0,60-72,0,4,1,87.0330985915493,1
9574-RKJIF,Male,0,Yes,Yes,30,Yes,Yes,Fiber optic,Yes,Yes,No,No,Yes,No,Month-to-month,Yes,Electronic check,94.4,2838.7,1,24-36,0,5,1,94.62333333333332,2
2043-WVTQJ,Male,0,Yes,No,1,Yes,No,DSL,Yes,No,Yes,No,No,No,Month-to-month,No,Mailed check,55.7,55.7,0,0-12,1,3,1,55.7,2
8034-RYTVV,Female,0,No,No,55,Yes,Yes,Fiber optic,Yes,No,Yes,No,No,No,One year,Yes,Credit card (automatic),84.25,4589.85,0,48-60,0,4,1,83.45181818181818,1
3863-QSTYI,Male,0,No,No,59,Yes,No,DSL,No,No,Yes,Yes,Yes,No,Month-to-month,Yes,Electronic check,64.65,3735.45,0,48-60,0,4,1,63.31271186440678,2
2619-WFQWU,Female,0,No,No,1,Yes,No,Fiber optic,No,No,No,No,No,No,Month-to-month,Yes,Mailed check,70.15,70.15,1,0-12,1,1,1,70.15,2
5044-LRQAQ,Female,0,Yes,No,7,Yes,No,Fiber optic,No,No,No,No,No,No,Month-to-month,Yes,Bank transfer (automatic),69.2,477.55,0,0-12,0,1,1,68.22142857142858,2
1716-LSAMB,Male,0,Yes,Yes,45,Yes,No,DSL,Yes,No,No,Yes,No,No,Two year,No,Bank transfer (automatic),54.65,2553.7,0,36-48,0,3,1,56.748888888888885,0
1333-PBMXB,Female,0,Yes,Yes,54,Yes,Yes,No,No,No,No,No,No,No,One year,Yes,Bank transfer (automatic),24.75,1342.15,0,48-60,0,2,0,24.85462962962963,1
6546-OPBBH,Male,0,Yes,Yes,51,Yes,Yes,No,No,No,No,No,No,No,One year,Yes,Mailed check,23.95,1216.35,0,48-60,0,2,0,23.849999999999998,1
5985-BEHZK,Female,1,Yes,No,72,Yes,Yes,Fiber optic,No,Yes,Yes,No,Yes,Yes,One year,No,Credit card (automatic),105.0,7578.05,0,60-72,0,6,1,105.25069444444445,1
9127-QRZMH,Male,0,Yes,No,44,Yes,No,DSL,Yes,Yes,No,Yes,No,No,One year,Yes,Bank transfer (automatic),59.85,2603.95,0,36-48,0,4,1,59.18068181818182,1
5919-VCZYM,Male,0,No,No,2,Yes,No,No,No,No,No,No,No,No,Month-to-month,No,Mailed check,20.05,42.7,0,0-12,1,1,0,21.35,2
9644-KVCNC,Female,0,No,No,66,Yes,Yes,Fiber optic,No,No,Yes,No,Yes,No,One year,Yes,Bank transfer (automatic),92.15,6056.9,0,60-72,0,4,1,91.77121212121212,1
2137-DQMEV,Male,0,Yes,Yes,68,No,No,DSL,Yes,Yes,No,No,Yes,No,One year,No,Mailed check,44.8,2983.65,0,60-72,0,3,0,43.87720588235294,1
8174-LNWMW,Female,0,No,No,31,Yes,No,No,No,No,No,No,No,No,Two year,No,Credit card (automatic),20.9,689.35,0,24-36,0,1,0,22.23709677419355,0
9279-CJEOJ,Female,1,No,No,21,Yes,Yes,Fiber optic,No,No,No,No,Yes,Yes,Month-to-month,Yes,Bank transfer (automatic),95.4,2025.1,0,12-24,0,4,1,96.43333333333332,2
7964-VEXDG,Male,0,No,Yes,21,Yes,Yes,Fiber optic,Yes,No,No,No,No,No,Month-to-month,No,Electronic check,80.35,1747.2,0,12-24,0,3,1,83.2,2
2404-JIBFC,Female,0,Yes,Yes,55,Yes,Yes,DSL,Yes,No,Yes,Yes,Yes,Yes,Two year,Yes,Bank transfer (automatic),85.1,4657.95,0,48-60,0,7,1,84.69,0
0778-NELLA,Male,0,No,No,9,No,No,DSL,No,No,No,No,Yes,No,Month-to-month,Yes,Credit card (automatic),34.7,296.1,1,0-12,0,1,0,32.900000000000006,2
8029-XYPWT,Male,1,Yes,No,71,Yes,Yes,Fiber optic,Yes,Yes,Yes,Yes,Yes,Yes,Two year,Yes,Bank transfer (automatic),115.05,8016.6,0,60-72,0,8,1,112.90985915492958,0
4614-NUVZD,Female,0,No,No,1,Yes,No,Fiber optic,No,No,No,No,No,Yes,Month-to-month,Yes,Electronic check,81.1,81.1,1,0-12,1,2,1,81.1,2
4632-PAOYU,Male,0,Yes,Yes,22,Yes,No,No,No,No,No,No,No,No,One year,No,Mailed check,19.95,433.5,0,12-24,0,1,0,19.704545454545453,1
3803-KMQFW,Female,0,Yes,Yes,1,Yes,No,No,No,No,No,No,No,No,Month-to-month,No,Mailed check,20.55,20.55,1,0-12,1,1,0,20.55,2
6804-GDMOI,Female,0,No,No,61,Yes,Yes,Fiber optic,No,No,Yes,Yes,Yes,Yes,Two year,Yes,Electronic check,106.6,6428.4,1,60-72,0,6,1,105.38360655737705,0
2990-OGYTD,Female,0,Yes,No,67,Yes,Yes,DSL,No,Yes,Yes,Yes,Yes,Yes,Two year,No,Bank transfer (automatic),86.15,5883.85,0,60-72,0,7,1,87.81865671641792,0
6646-JPPHA,Female,1,No,No,14,Yes,No,Fiber optic,Yes,Yes,No,No,No,No,Month-to-month,No,Electronic check,78.85,1043.8,0,12-24,0,3,1,74.55714285714285,2
9572-MTILT,Male,0,Yes,No,59,Yes,Yes,Fiber optic,Yes,Yes,Yes,Yes,Yes,No,Month-to-month,Yes,Electronic check,106.75,6252.9,1,48-60,0,7,1,105.98135593220339,2
7658-UYUQS,Male,1,Yes,No,21,Yes,No,Fiber optic,No,No,Yes,No,Yes,No,Month-to-month,No,Bank transfer (automatic),86.55,1857.25,0,12-24,0,3,1,88.44047619047619,2
7880-XSOJX,Male,0,No,No,4,No,No,DSL,Yes,Yes,No,Yes,No,No,Month-to-month,No,Mailed check,42.4,146.4,0,0-12,1,3,0,36.6,2
9611-CTWIH,Female,0,No,No,3,Yes,No,Fiber optic,No,No,No,No,Yes,Yes,Month-to-month,Yes,Electronic check,89.45,240.45,1,0-12,1,3,1,80.14999999999999,2
4589-IUAJB,Male,0,Yes,No,70,Yes,Yes,No,No,No,No,No,No,No,Two year,No,Bank transfer (automatic),24.25,1724.15,0,60-72,0,2,0,24.630714285714287,0
0329-GTIAJ,Female,0,No,No,3,Yes,No,Fiber optic,No,Yes,No,Yes,Yes,Yes,Month-to-month,Yes,Electronic check,97.9,315.3,1,0-12,1,5,1,105.10000000000001,2
8746-BFOAJ,Male,1,No,No,21,Yes,No,No,No,No,No,No,No,No,One year,No,Bank transfer (automatic),20.5,429.55,0,12-24,0,1,0,20.454761904761906,1
8457-XIGKN,Male,0,No,No,20,Yes,No,No,No,No,No,No,No,No,Month-to-month,Yes,Credit card (automatic),19.6,356.15,0,12-24,0,1,0,17.807499999999997,2
6072-NUQCB,Male,0,Yes,Yes,22,Yes,No,No,No,No,No,No,No,No,One year,No,Bank transfer (automatic),20.25,488.25,0,12-24,0,1,0,22.193181818181817,1
6629-CZTTH,Male,0,No,No,1,Yes,No,DSL,No,No,No,No,No,Yes,Month-to-month,Yes,Mailed check,55.7,55.7,1,0-12,1,2,1,55.7,2
8838-GPHZP,Female,0,No,No,63,Yes,No,No,No,No,No,No,No,No,Two year,Yes,Mailed check,20.6,1298.7,0,60-72,0,1,0,20.614285714285714,0
8750-QWZAJ,Female,0,Yes,Yes,70,Yes,No,No,No,No,No,No,No,No,Two year,No,Bank transfer (automatic),19.8,1378.75,0,60-72,0,1,0,19.696428571428573,0
5364-EVNIB,Male,0,No,No,13,Yes,No,Fiber optic,No,Yes,Yes,No,No,No,Month-to-month,Yes,Electronic check,79.8,973.45,1,12-24,0,3,1,74.88076923076923,2
6918-UMQCG,Female,0,No,No,5,Yes,No,Fiber optic,No,No,No,No,Yes,No,Month-to-month,No,Electronic check,80.2,384.25,0,0-12,1,2,1,76.85,2
0675-NCDYU,Female,0,Yes,Yes,72,Yes,Yes,Fiber optic,Yes,Yes,Yes,Yes,Yes,Yes,Two year,Yes,Credit card (automatic),116.4,8543.25,0,60-72,0,8,1,118.65625,0
6339-DKLMK,Female,0,No,No,13,No,No,DSL,No,Yes,No,No,No,No,Month-to-month,Yes,Electronic check,31.65,389.95,0,12-24,0,1,0,29.996153846153845,2
1346-PJWTK,Male,0,Yes,No,61,Yes,No,Fiber optic,No,Yes,Yes,Yes,No,Yes,Month-to-month,No,Credit card (automatic),94.15,5731.85,0,60-72,0,5,1,93.96475409836066,2
5088-QZLRL,Male,0,No,No,1,Yes,No,No,No,No,No,No,No,No,Month-to-month,No,Electronic check,20.65,20.65,0,0-12,1,1,0,20.65,2
8023-QHAIO,Female,1,Yes,No,56,Yes,Yes,Fiber optic,No,No,No,Yes,No,No,Month-to-month,Yes,Bank transfer (automatic),76.85,4275.75,0,48-60,0,3,1,76.35267857142857,2
4397-FRLTA,Female,0,No,No,4,Yes,No,No,No,No,No,No,No,No,Month-to-month,No,Mailed check,20.15,84.5,0,0-12,1,1,0,21.125,2
3057-VJJQE,Male,0,No,No,35,Yes,Yes,DSL,Yes,No,No,No,No,No,Two year,No,Mailed check,55.25,1924.1,0,24-36,0,3,1,54.97428571428571,0
5087-SUURX,Female,0,Yes,No,18,No,No,DSL,No,No,Yes,No,Yes,No,Month-to-month,Yes,Electronic check,39.05,669.85,1,12-24,0,2,0,37.21388888888889,2
2302-OUZXB,Male,0,Yes,No,72,Yes,Yes,DSL,No,Yes,Yes,No,Yes,Yes,Two year,No,Bank transfer (automatic),82.15,5784.3,0,60-72,0,6,1,80.3375,0
8133-ANHHJ,Female,1,No,No,49,Yes,Yes,Fiber optic,Yes,Yes,Yes,Yes,No,Yes,One year,No,Bank transfer (automatic),103.0,5166.2,0,48-60,0,7,1,105.43265306122449,1
2270-CHBFN,Female,0,Yes,No,44,Yes,Yes,Fiber optic,Yes,Yes,Yes,Yes,No,No,Month-to-month,Yes,Credit card (automatic),95.1,4060.55,0,36-48,0,6,1,92.28522727272728,2
0013-EXCHZ,Female,1,Yes,No,3,Yes,No,Fiber optic,No,No,No,Yes,Yes,No,Month-to-month,Yes,Mailed check,83.9,267.4,1,0-12,1,3,1,89.13333333333333,2
5982-FPVQN,Female,0,Yes,Yes,37,Yes,Yes,Fiber optic,No,Yes,Yes,No,No,Yes,Month-to-month,Yes,Electronic check,95.15,3532.85,0,36-48,0,5,1,95.48243243243243,2
9107-UKCKY,Male,0,Yes,No,61,Yes,Yes,DSL,No,Yes,Yes,No,Yes,Yes,One year,Yes,Electronic check,79.8,4914.8,0,60-72,0,6,1,80.57049180327868,1
4654-ULTTN,Male,0,Yes,No,70,Yes,Yes,DSL,Yes,No,Yes,Yes,No,Yes,Two year,Yes,Credit card (automatic),74.8,5315.8,0,60-72,0,6,1,75.94,0
5550-VFRLC,Female,1,No,No,1,Yes,No,Fiber optic,No,No,No,No,No,No,Month-to-month,Yes,Electronic check,69.85,69.85,1,0-12,1,1,1,69.85,2
5546-BYZSM,Female,0,No,No,41,Yes,No,No,No,No,No,No,No,No,Month-to-month,No,Electronic check,20.45,775.6,0,36-48,0,1,0,18.917073170731708,2
1492-KGETH,Male,0,Yes,Yes,70,Yes,Yes,DSL,Yes,Yes,Yes,Yes,No,Yes,One year,No,Bank transfer (automatic),78.35,5445.95,0,60-72,0,7,1,77.79928571428572,1
4929-BSTRX,Female,0,No,No,1,Yes,No,DSL,No,No,No,No,Yes,No,Month-to-month,Yes,Mailed check,53.55,53.55,1,0-12,1,2,1,53.55,2
4163-HFTUK,Male,0,No,No,51,Yes,No,No,No,No,No,No,No,No,One year,No,Electronic check,19.1,1007.8,0,48-60,0,1,0,19.76078431372549,1
8215-NGSPE,Female,0,Yes,Yes,42,Yes,No,No,No,No,No,No,No,No,Two year,No,Mailed check,20.0,833.55,0,36-48,0,1,0,19.84642857142857,0
2225-ZRGSG,Female,0,Yes,Yes,70,Yes,Yes,Fiber optic,Yes,Yes,Yes,Yes,No,No,Two year,No,Bank transfer (automatic),93.9,6579.05,1,60-72,0,6,1,93.98642857142858,0
8859-YSTWS,Male,0,No,No,48,Yes,No,No,No,No,No,No,No,No,One year,No,Bank transfer (automatic),19.95,1004.5,0,36-48,0,1,0,20.927083333333332,1
5271-YNWVR,Male,0,Yes,Yes,68,Yes,Yes,Fiber optic,Yes,Yes,Yes,Yes,Yes,Yes,Two year,Yes,Electronic check,113.15,7856.0,1,60-72,0,8,1,115.52941176470588,0
7601-DHFWZ,Female,0,No,No,48,Yes,Yes,No,No,No,No,No,No,No,Two year,No,Credit card (automatic),24.0,1183.05,0,36-48,0,2,0,24.646874999999998,0
2657-ALMWY,Female,1,Yes,No,26,Yes,No,Fiber optic,No,Yes,No,No,No,Yes,Month-to-month,No,Electronic check,84.95,2169.75,1,24-36,0,3,1,83.45192307692308,2
6330-JKLPC,Male,0,Yes,No,11,Yes,Yes,Fiber optic,No,Yes,No,No,No,No,Month-to-month,Yes,Bank transfer (automatic),80.5,896.9,1,0-12,0,3,1,81.53636363636363,2
4667-OHGKG,Male,0,No,No,1,Yes,No,No,No,No,No,No,No,No,Month-to-month,Yes,Mailed check,19.3,19.3,1,0-12,1,1,0,19.3,2
1998-VHJHK,Female,0,No,No,27,Yes,No,No,No,No,No,No,No,No,One year,No,Mailed check,19.15,501.35,0,24-36,0,1,0,18.56851851851852,1
1707-HABPF,Female,1,No,No,46,Yes,No,Fiber optic,No,Yes,Yes,No,Yes,No,One year,Yes,Bank transfer (automatic),91.3,4126.35,0,36-48,0,4,1,89.70326086956523,1
1660-HSOOQ,Male,0,No,No,1,Yes,No,DSL,No,No,Yes,No,No,No,Month-to-month,Yes,Mailed check,49.65,49.65,1,0-12,1,2,1,49.65,2
7253-UVNDW,Female,0,No,No,46,Yes,No,DSL,No,No,Yes,Yes,No,No,Two year,No,Credit card (automatic),54.35,2460.15,1,36-48,0,3,1,53.481521739130436,0
0487-VVUVK,Male,0,Yes,Yes,25,Yes,No,No,No,No,No,No,No,No,Month-to-month,Yes,Mailed check,19.15,477.6,0,24-36,0,1,0,19.104,2
7228-OMTPN,Male,0,No,No,4,Yes,No,Fiber optic,No,No,No,No,Yes,Yes,Month-to-month,Yes,Electronic check,88.45,370.65,1,0-12,1,3,1,92.6625,2
5063-IUOKK,Male,0,No,No,13,Yes,No,No,No,No,No,No,No,No,Two year,No,Mailed check,19.75,265.75,0,12-24,0,1,0,20.442307692307693,0
4508-OEBEY,Male,0,Yes,No,31,Yes,No,DSL,Yes,Yes,Yes,Yes,No,Yes,One year,Yes,Credit card (automatic),75.5,2424.45,0,24-36,0,6,1,78.20806451612903,1
0027-KWYKW,Female,0,Yes,Yes,23,Yes,Yes,Fiber optic,No,No,No,No,Yes,No,Month-to-month,Yes,Electronic check,83.75,1849.95,0,12-24,0,3,1,80.43260869565218,2
2308-STERM,Female,0,No,No,2,Yes,No,No,No,No,No,No,No,No,Month-to-month,No,Mailed check,19.4,61.05,0,0-12,1,1,0,30.525,2
5982-XMDEX,Female,0,No,No,65,Yes,Yes,No,No,No,No,No,No,No,Two year,No,Bank transfer (automatic),26.5,1698.55,0,60-72,0,2,0,26.13153846153846,0
6284-AHOOQ,Male,1,No,No,22,Yes,Yes,Fiber optic,No,No,No,Yes,Yes,No,Month-to-month,Yes,Bank transfer (automatic),90.5,1910.6,1,12-24,0,4,1,86.84545454545454,2
6051-PTVNS,Female,0,Yes,Yes,55,Yes,No,No,No,No,No,No,No,No,One year,No,Credit card (automatic),19.15,998.1,0,48-60,0,1,0,18.14727272727273,1
2344-JMOGN,Male,0,Yes,No,9,Yes,No,Fiber optic,No,Yes,Yes,Yes,Yes,No,Month-to-month,Yes,Mailed check,94.85,890.6,1,0-12,0,5,1,98.95555555555556,2
3799-ISUZQ,Male,0,Yes,Yes,7,Yes,No,Fiber optic,No,No,No,No,No,No,Month-to-month,Yes,Bank transfer (automatic),69.95,529.5,1,0-12,0,1,1,75.64285714285714,2
2877-VDUER,Female,0,Yes,Yes,35,No,No,DSL,No,No,No,Yes,Yes,No,One year,No,Mailed check,40.9,1383.6,0,24-36,0,2,0,39.53142857142857,1
9152-AMKAK,Male,0,No,No,6,Yes,No,DSL,Yes,No,Yes,Yes,Yes,Yes,Two year,Yes,Mailed check,80.25,493.4,0,0-12,1,6,1,82.23333333333333,0
1794-HBQTJ,Female,0,No,No,1,Yes,No,DSL,Yes,No,No,No,No,No,Month-to-month,Yes,Credit card (automatic),48.6,48.6,1,0-12,1,2,1,48.6,2
9432-VOFYX,Male,0,No,No,17,Yes,No,Fiber optic,No,No,No,No,No,No,Month-to-month,Yes,Electronic check,70.8,1207.0,0,12-24,0,1,1,71.0,2
8049-WJCLQ,Male,0,Yes,Yes,10,Yes,No,DSL,No,No,Yes,No,Yes,No,Month-to-month,No,Mailed check,60.2,563.5,0,0-12,0,3,1,56.35,2
6586-PSJOX,Male,0,No,Yes,15,Yes,No,DSL,No,No,Yes,Yes,No,No,One year,No,Credit card (automatic),55.2,864.55,0,12-24,0,3,1,57.63666666666666,1
2460-FPSYH,Female,1,No,No,40,No,No,DSL,Yes,Yes,No,No,Yes,Yes,Month-to-month,Yes,Electronic check,55.8,2109.35,1,36-48,0,4,0,52.73375,2
9705-ZJBCG,Female,0,Yes,Yes,13,Yes,No,DSL,Yes,No,No,Yes,No,No,One year,No,Bank transfer (automatic),54.15,701.05,0,12-24,0,3,1,53.926923076923075,1
4818-DRBQT,Male,0,Yes,No,29,Yes,Yes,Fiber optic,No,Yes,No,No,No,No,Month-to-month,Yes,Bank transfer (automatic),80.15,2265.25,1,24-36,0,3,1,78.11206896551724,2
1320-HTRDR,Female,0,No,No,3,Yes,Yes,Fiber optic,No,No,No,No,No,No,Month-to-month,Yes,Electronic check,75.5,220.6,1,0-12,1,2,1,73.53333333333333,2
6847-KJLTS,Female,1,Yes,No,58,Yes,Yes,Fiber optic,No,No,No,Yes,Yes,Yes,Month-to-month,Yes,Bank transfer (automatic),100.4,5749.8,0,48-60,0,5,1,99.13448275862069,2
9670-BPNXF,Female,0,No,No,45,Yes,No,DSL,Yes,Yes,No,Yes,No,No,One year,Yes,Credit card (automatic),62.55,2796.45,0,36-48,0,4,1,62.14333333333333,1
3913-FCUUW,Female,0,Yes,Yes,72,Yes,Yes,DSL,Yes,Yes,Yes,Yes,No,No,Two year,Yes,Bank transfer (automatic),70.45,5165.7,0,60-72,0,6,1,71.74583333333334,0
3301-VKTGC,Male,0,Yes,Yes,68,Yes,Yes,Fiber optic,Yes,Yes,No,No,No,No,One year,Yes,Bank transfer (automatic),85.5,5696.6,0,60-72,0,4,1,83.77352941176471,1
1493-AMTIE,Male,0,No,No,1,Yes,No,No,No,No,No,No,No,No,Month-to-month,Yes,Bank transfer (automatic),20.2,20.2,1,0-12,1,1,0,20.2,2
9555-SAHUZ,Female,0,Yes,Yes,38,Yes,No,DSL,Yes,Yes,No,No,No,No,Month-to-month,No,Electronic check,54.5,2076.05,0,36-48,0,3,1,54.63289473684211,2
0816-TSPHQ,Male,0,No,No,2,Yes,No,No,No,No,No,No,No,No,Month-to-month,No,Mailed check,20.75,44.2,0,0-12,1,1,0,22.1,2
9932-WBWIK,Male,0,No,No,11,Yes,No,No,No,No,No,No,No,No,Month-to-month,No,Mailed check,20.35,215.25,0,0-12,0,1,0,19.568181818181817,2
4619-EVPHY,Female,1,Yes,No,20,Yes,No,Fiber optic,No,No,No,No,Yes,Yes,One year,Yes,Bank transfer (automatic),91.0,1859.5,0,12-24,0,3,1,92.975,1
5286-YHCVC,Male,0,Yes,No,72,Yes,Yes,Fiber optic,No,Yes,Yes,No,Yes,Yes,Two year,Yes,Bank transfer (automatic),104.8,7470.1,0,60-72,0,6,1,103.7513888888889,0
6424-ELEYH,Female,0,Yes,No,3,Yes,Yes,Fiber optic,No,No,No,No,No,No,Month-to-month,Yes,Credit card (automatic),74.75,229.5,1,0-12,1,2,1,76.5,2
4391-RESHN,Male,0,No,No,23,Yes,Yes,Fiber optic,No,No,Yes,Yes,Yes,Yes,Month-to-month,Yes,Mailed check,104.05,2470.1,1,12-24,0,6,1,107.39565217391304,2
9115-YQHGA,Male,0,No,No,40,Yes,No,DSL,No,No,No,Yes,No,No,Month-to-month,Yes,Electronic check,51.1,2092.9,0,36-48,0,2,1,52.322500000000005,2
4462-CYWMH,Male,1,Yes,No,62,Yes,Yes,Fiber optic,No,Yes,No,No,No,Yes,Month-to-month,Yes,Bank transfer (automatic),89.8,5629.55,0,60-72,0,4,1,90.7991935483871,2
8963-MQVYN,Female,0,No,Yes,22,Yes,No,No,No,No,No,No,No,No,Month-to-month,Yes,Electronic check,20.55,469.85,0,12-24,0,1,0,21.356818181818184,2
2458-EOMRE,Female,0,No,No,11,Yes,No,DSL,Yes,No,Yes,No,No,Yes,Month-to-month,No,Bank transfer (automatic),64.05,733.95,0,0-12,0,4,1,66.72272727272728,2
9334-GWGOW,Male,1,Yes,No,7,Yes,Yes,Fiber optic,No,No,No,No,No,No,Month-to-month,Yes,Electronic check,74.85,485.25,0,0-12,0,2,1,69.32142857142857,2
6821-BUXUX,Female,0,No,No,13,Yes,Yes,Fiber optic,Yes,Yes,No,No,Yes,No,Month-to-month,Yes,Electronic check,96.65,1244.5,1,12-24,0,5,1,95.73076923076923,2
5028-HTLJB,Male,1,No,No,1,Yes,No,No,No,No,No,No,No,No,Month-to-month,No,Mailed check,20.05,20.05,1,0-12,1,1,0,20.05,2
9801-GDWGV,Female,0,No,No,39,Yes,Yes,Fiber optic,No,Yes,Yes,No,Yes,Yes,Month-to-month,Yes,Electronic check,103.45,3994.45,1,36-48,0,6,1,102.42179487179487,2
6542-LWGXJ,Male,0,Yes,No,3,No,No,DSL,No,No,No,No,No,No,Month-to-month,No,Mailed check,25.0,78.25,0,0-12,1,0,0,26.083333333333332,2
5567-GZKQY,Male,0,No,No,58,Yes,No,No,No,No,No,No,No,No,Two year,No,Credit card (automatic),20.3,1131.5,0,48-60,0,1,0,19.50862068965517,0
1222-LRYKO,Male,0,No,Yes,6,Yes,Yes,No,No,No,No,No,No,No,Month-to-month,No,Mailed check,26.35,184.05,0,0-12,1,2,0,30.675,2
2320-JRSDE,Female,0,Yes,Yes,1,Yes,No,No,No,No,No,No,No,No,Month-to-month,Yes,Electronic check,19.9,19.9,1,0-12,1,1,0,19.9,2
2087-QAREY,Female,0,Yes,No,22,Yes,No,DSL,No,Yes,Yes,No,No,No,Month-to-month,Yes,Mailed check,54.7,1178.75,0,12-24,0,3,1,53.57954545454545,2
0601-WZHJF,Male,0,Yes,No,14,No,No,DSL,No,No,No,No,Yes,Yes,Month-to-month,No,Electronic check,46.35,667.7,1,12-24,0,2,0,47.69285714285714,2
4423-JWZJN,Male,0,Yes,Yes,64,Yes,Yes,Fiber optic,No,No,Yes,No,No,Yes,One year,No,Credit card (automatic),90.25,5629.15,0,60-72,0,4,1,87.95546875,1
5143-WMWOG,Male,0,No,No,1,Yes,No,No,No,No,No,No,No,No,Month-to-month,No,Electronic check,19.95,19.95,1,0-12,1,1,0,19.95,2
6490-FGZAT,Male,0,No,No,6,Yes,No,No,No,No,No,No,No,No,Month-to-month,No,Mailed check,20.65,109.3,0,0-12,1,1,0,18.216666666666665,2
5393-RXQSZ,Male,0,No,No,1,Yes,No,Fiber optic,No,No,No,No,No,Yes,Month-to-month,No,Electronic check,79.6,79.6,1,0-12,1,2,1,79.6,2
7452-FOLON,Male,0,No,Yes,39,Yes,Yes,No,No,No,No,No,No,No,One year,No,Bank transfer (automatic),25.45,958.45,0,36-48,0,2,0,24.575641025641026,1
2320-TZRRH,Female,0,No,No,20,Yes,No,No,No,No,No,No,No,No,One year,No,Mailed check,19.5,403.15,0,12-24,0,1,0,20.1575,1
0231-LXVAP,Male,0,No,No,1,Yes,No,Fiber optic,No,No,No,Yes,No,No,Month-to-month,Yes,Electronic check,75.9,75.9,1,0-12,1,2,1,75.9,2
9444-JTXHZ,Male,0,Yes,No,1,Yes,No,Fiber optic,No,No,Yes,No,No,No,Month-to-month,No,Electronic check,76.2,76.2,1,0-12,1,2,1,76.2,2
4942-VZZOM,Male,0,Yes,No,64,Yes,Yes,DSL,Yes,No,No,No,Yes,No,One year,Yes,Credit card (automatic),66.15,4392.5,0,60-72,0,4,1,68.6328125,1
5510-BOIUJ,Male,0,No,Yes,1,Yes,No,No,No,No,No,No,No,No,Month-to-month,No,Mailed check,19.25,19.25,1,0-12,1,1,0,19.25,2
7502-BNYGS,Female,0,Yes,No,46,Yes,No,DSL,No,Yes,No,No,Yes,Yes,Month-to-month,Yes,Credit card (automatic),69.1,3168.0,0,36-48,0,4,1,68.8695652173913,2
4291-HYEBC,Female,1,Yes,Yes,28,No,No,DSL,No,Yes,No,No,No,Yes,One year,Yes,Electronic check,39.1,1096.6,0,24-36,0,2,0,39.16428571428571,1
6147-CBCRA,Female,0,Yes,No,33,Yes,No,No,No,No,No,No,No,No,Month-to-month,No,Mailed check,20.05,669.45,0,24-36,0,1,0,20.28636363636364,2
6047-SUHPR,Male,0,Yes,Yes,39,Yes,No,DSL,Yes,Yes,Yes,No,No,No,One year,No,Electronic check,59.8,2343.85,0,36-48,0,4,1,60.09871794871795,1
4471-KXAUH,Female,0,Yes,No,42,Yes,Yes,Fiber optic,No,No,Yes,Yes,No,No,Month-to-month,Yes,Electronic check,84.3,3588.4,1,36-48,0,4,1,85.43809523809524,2
9752-ZNQUT,Female,0,No,No,1,Yes,No,DSL,No,Yes,No,No,No,No,Month-to-month,Yes,Electronic check,48.6,48.6,0,0-12,1,2,1,48.6,2
7638-QVMVY,Female,0,No,No,7,Yes,No,Fiber optic,No,No,No,No,Yes,No,Month-to-month,Yes,Electronic check,79.0,522.95,1,0-12,0,2,1,74.70714285714287,2
1576-PFZIW,Male,1,Yes,No,70,Yes,No,Fiber optic,Yes,Yes,Yes,No,Yes,Yes,Two year,No,Credit card (automatic),105.35,7511.9,0,60-72,0,6,1,107.31285714285714,0
5666-MBJPT,Male,0,No,No,65,Yes,Yes,No,No,No,No,No,No,No,Two year,Yes,Bank transfer (automatic),25.1,1725.0,0,60-72,0,2,0,26.53846153846154,0
7312-XSBAT,Male,0,No,No,1,Yes,No,DSL,Yes,No,No,No,No,No,Month-to-month,No,Electronic check,49.75,49.75,0,0-12,1,2,1,49.75,2
3096-GKWEB,Male,0,Yes,No,18,Yes,Yes,Fiber optic,No,No,No,No,Yes,Yes,Month-to-month,Yes,Electronic check,94.75,1691.9,0,12-24,0,4,1,93.99444444444445,2
2371-JQHZZ,Male,0,Yes,No,24,Yes,Yes,Fiber optic,No,No,No,No,Yes,Yes,Month-to-month,Yes,Electronic check,93.0,2248.05,0,12-24,0,4,1,93.66875,2
0674-GCDXG,Male,0,No,No,63,Yes,Yes,DSL,Yes,No,Yes,Yes,No,Yes,Two year,Yes,Bank transfer (automatic),71.9,4479.2,0,60-72,0,6,1,71.0984126984127,0
1121-QSIVB,Female,0,No,Yes,44,Yes,Yes,DSL,No,Yes,No,No,Yes,Yes,One year,Yes,Mailed check,77.55,3471.1,0,36-48,0,5,1,78.88863636363637,1
4396-KLSEH,Male,0,No,No,4,Yes,No,No,No,No,No,No,No,No,Month-to-month,Yes,Electronic check,19.85,63.0,0,0-12,1,1,0,15.75,2
3244-DCJWY,Female,0,No,No,1,Yes,No,Fiber optic,No,No,No,No,No,No,Month-to-month,Yes,Electronic check,70.25,70.25,1,0-12,1,1,1,70.25,2
2824-MYYBN,Female,0,Yes,Yes,37,Yes,Yes,Fiber optic,No,No,No,No,Yes,Yes,Month-to-month,Yes,Electronic check,95.25,3314.15,0,36-48,0,4,1,89.57162162162163,2
0875-CABNR,Female,1,No,No,10,Yes,No,Fiber optic,No,No,Yes,No,No,Yes,Month-to-month,Yes,Credit card (automatic),84.6,865.55,1,0-12,0,3,1,86.55499999999999,2
6345-HOVES,Male,0,No,No,34,No,No,DSL,No,No,No,No,No,No,Month-to-month,Yes,Bank transfer (automatic),25.05,852.7,0,24-36,0,0,0,25.079411764705885,2
8318-LCNBW,Male,0,Yes,No,35,No,No,DSL,Yes,No,Yes,No,Yes,Yes,One year,No,Credit card (automatic),53.15,1930.9,0,24-36,0,4,0,55.16857142857143,1
6469-QJKZW,Female,0,Yes,No,4,Yes,No,No,No,No,No,No,No,No,Month-to-month,No,Electronic check,20.15,91.4,0,0-12,1,1,0,22.85,2
0147-ESWWR,Female,1,Yes,No,39,Yes,Yes,Fiber optic,No,No,No,Yes,Yes,Yes,Month-to-month,Yes,Electronic check,101.25,3949.15,0,36-48,0,5,1,101.26025641025642,2
1217-VASWC,Male,1,Yes,No,43,Yes,No,Fiber optic,No,Yes,Yes,No,Yes,Yes,One year,Yes,Bank transfer (automatic),100.55,4304.0,0,36-48,0,5,1,100.09302325581395,1
7812-FZHPE,Female,0,Yes,Yes,17,Yes,Yes,No,No,No,No,No,No,No,Month-to-month,No,Mailed check,24.1,409.9,1,12-24,0,2,0,24.11176470588235,2
6370-ZVHDV,Female,0,Yes,No,61,Yes,Yes,No,No,No,No,No,No,No,Two year,No,Bank transfer (automatic),25.3,1554.9,0,60-72,0,2,0,25.49016393442623,0
5915-DGNVC,Female,0,Yes,No,49,Yes,Yes,DSL,Yes,Yes,Yes,No,No,Yes,One year,No,Electronic check,71.8,3472.05,0,48-60,0,6,1,70.85816326530613,1
6260-XLACS,Male,0,No,No,4,Yes,No,No,No,No,No,No,No,No,One year,No,Mailed check,19.7,117.8,0,0-12,1,1,0,29.45,1
3566-CAAYU,Female,0,Yes,Yes,64,No,No,DSL,No,Yes,Yes,Yes,No,Yes,Two year,No,Electronic check,49.85,3210.35,0,60-72,0,4,0,50.16171875,0
4983-CCWMC,Male,0,No,No,3,Yes,No,Fiber optic,No,No,No,No,No,No,Month-to-month,Yes,Mailed check,69.6,207.4,0,0-12,1,1,1,69.13333333333334,2
9103-CXVOK,Male,0,Yes,Yes,1,Yes,No,No,No,No,No,No,No,No,Month-to-month,No,Electronic check,19.75,19.75,0,0-12,1,1,0,19.75,2
2896-TBNBE,Male,0,Yes,No,40,Yes,No,Fiber optic,No,Yes,Yes,No,No,No,One year,No,Electronic check,80.8,3132.75,0,36-48,0,3,1,78.31875,1
4797-AXPXK,Female,0,No,Yes,1,Yes,No,DSL,Yes,Yes,No,Yes,No,No,Month-to-month,Yes,Electronic check,60.0,60.0,1,0-12,1,4,1,60.0,2
5229-PRWKT,Male,0,No,No,8,Yes,Yes,Fiber optic,No,No,No,No,No,Yes,Month-to-month,Yes,Electronic check,86.55,649.65,1,0-12,0,3,1,81.20625,2
6982-UQZLY,Female,1,Yes,No,1,Yes,No,No,No,No,No,No,No,No,Month-to-month,Yes,Mailed check,20.85,20.85,1,0-12,1,1,0,20.85,2
2522-WLNSF,Female,1,Yes,No,34,Yes,No,DSL,No,No,Yes,Yes,Yes,No,One year,No,Bank transfer (automatic),64.2,2106.3,0,24-36,0,4,1,61.95,1
3841-CONLJ,Female,0,Yes,No,1,No,No,DSL,No,No,No,No,No,Yes,Month-to-month,No,Electronic check,35.0,35.0,0,0-12,1,1,0,35.0,2
5057-LCOUI,Female,0,No,No,39,No,No,DSL,No,No,Yes,No,Yes,Yes,Month-to-month,Yes,Electronic check,50.75,2011.4,1,36-48,0,3,0,51.57435897435898,2
0193-ESZXP,Female,1,Yes,No,58,Yes,No,Fiber optic,Yes,Yes,No,Yes,Yes,Yes,One year,Yes,Credit card (automatic),105.5,6205.5,1,48-60,0,6,1,106.99137931034483,1
4475-NVTLU,Male,0,Yes,Yes,45,Yes,No,No,No,No,No,No,No,No,Two year,No,Electronic check,19.2,903.7,0,36-48,0,1,0,20.082222222222224,0
4369-HTUIF,Male,1,No,No,6,Yes,No,Fiber optic,Yes,No,No,No,Yes,No,Month-to-month,Yes,Bank transfer (automatic),85.15,503.6,1,0-12,1,3,1,83.93333333333334,2
9386-LDCZR,Male,0,No,No,43,Yes,No,Fiber optic,Yes,Yes,Yes,Yes,No,No,One year,Yes,Credit card (automatic),90.65,3882.3,0,36-48,0,5,1,90.28604651162792,1
9585-KKMFD,Male,0,Yes,Yes,41,Yes,No,No,No,No,No,No,No,No,Two year,Yes,Mailed check,20.0,879.8,0,36-48,0,1,0,21.458536585365852,0
5399-ZIMKF,Male,0,No,No,5,Yes,No,Fiber optic,No,Yes,No,No,No,No,Month-to-month,Yes,Electronic check,74.65,383.65,0,0-12,1,2,1,76.72999999999999,2
0336-KXKFK,Male,0,No,No,72,No,No,DSL,Yes,No,Yes,Yes,Yes,Yes,Two year,Yes,Credit card (automatic),61.2,4390.25,0,60-72,0,5,0,60.97569444444444,0
5619-XZZKR,Male,0,No,No,4,Yes,No,No,No,No,No,No,No,No,One year,No,Mailed check,19.95,68.2,0,0-12,1,1,0,17.05,1
3948-FVVRP,Male,0,Yes,Yes,9,Yes,No,DSL,No,Yes,No,Yes,No,No,Month-to-month,No,Mailed check,54.8,452.8,0,0-12,0,3,1,50.31111111111111,2
5327-XOKKY,Male,1,Yes,No,72,Yes,Yes,DSL,No,No,Yes,No,Yes,Yes,Two year,Yes,Credit card (automatic),73.45,5329.0,0,60-72,0,5,1,74.01388888888889,0
0983-TATYJ,Female,0,Yes,No,33,Yes,No,DSL,No,No,No,Yes,No,No,One year,Yes,Mailed check,51.45,1758.9,0,24-36,0,2,1,53.300000000000004,1
1813-JYWTO,Female,0,Yes,No,72,Yes,Yes,Fiber optic,Yes,No,No,No,No,No,Two year,No,Bank transfer (automatic),80.45,5737.6,0,60-72,0,3,1,79.6888888888889,0
0156-FVPTA,Male,0,Yes,No,22,Yes,No,DSL,Yes,No,No,Yes,No,No,Month-to-month,Yes,Electronic check,54.2,1152.7,1,12-24,0,3,1,52.39545454545455,2
1984-FCOWB,Female,0,Yes,No,70,Yes,Yes,Fiber optic,No,Yes,Yes,Yes,Yes,Yes,One year,Yes,Electronic check,109.5,7674.55,1,60-72,0,7,1,109.63642857142857,1
0654-HMSHN,Male,0,Yes,Yes,21,Yes,Yes,Fiber optic,No,Yes,Yes,No,Yes,Yes,Month-to-month,No,Electronic check,104.4,2157.95,1,12-24,0,6,1,102.7595238095238,2
6719-OXYBR,Male,0,No,No,15,Yes,No,Fiber optic,No,No,Yes,No,Yes,No,Month-to-month,No,Electronic check,85.3,1219.85,0,12-24,0,3,1,81.32333333333332,2
3312-ZWLGF,Male,1,Yes,No,29,Yes,Yes,Fiber optic,No,No,No,Yes,No,No,Month-to-month,Yes,Electronic check,79.3,2414.55,0,24-36,0,3,1,83.26034482758621,2
6476-YHMGA,Female,0,Yes,Yes,15,Yes,No,DSL,No,Yes,Yes,Yes,Yes,Yes,Month-to-month,No,Bank transfer (automatic),76.5,1155.6,0,12-24,0,6,1,77.03999999999999,2
5287-QWLKY,Male,1,Yes,Yes,71,Yes,Yes,Fiber optic,Yes,Yes,No,No,Yes,Yes,Month-to-month,Yes,Credit card (automatic),105.1,7548.1,1,60-72,0,6,1,106.3112676056338,2
0795-XCCTE,Male,1,No,No,72,Yes,Yes,No,No,No,No,No,No,No,Two year,No,Bank transfer (automatic),25.4,1809.35,0,60-72,0,2,0,25.12986111111111,0
0168-XZKBB,Female,0,Yes,No,19,Yes,Yes,Fiber optic,No,No,No,No,Yes,No,Month-to-month,Yes,Electronic check,86.85,1564.4,0,12-24,0,3,1,82.33684210526316,2
3785-NRHYR,Male,0,No,No,1,Yes,No,No,No,No,No,No,No,No,Month-to-month,No,Mailed check,19.65,19.65,0,0-12,1,1,0,19.65,2
5196-SGOAK,Female,0,No,No,1,Yes,No,Fiber optic,No,Yes,No,No,No,No,Month-to-month,Yes,Electronic check,75.7,75.7,1,0-12,1,2,1,75.7,2
4537-DKTAL,Female,0,No,No,2,Yes,No,DSL,No,No,No,No,No,No,Month-to-month,No,Electronic check,45.55,84.4,0,0-12,1,1,1,42.2,2
7072-MBHEV,Female,1,Yes,Yes,11,Yes,Yes,Fiber optic,No,No,Yes,No,No,No,Month-to-month,Yes,Credit card (automatic),78.1,864.85,0,0-12,0,3,1,78.62272727272727,2
5602-BVFMK,Female,0,No,No,12,Yes,No,No,No,No,No,No,No,No,One year,No,Mailed check,19.3,228.75,0,0-12,0,1,0,19.0625,1
6297-NOOPG,Female,0,Yes,No,70,Yes,Yes,Fiber optic,No,Yes,Yes,Yes,Yes,Yes,Two year,Yes,Electronic check,110.5,7752.05,0,60-72,0,7,1,110.74357142857143,0
1891-UAWWU,Female,1,Yes,No,20,Yes,Yes,Fiber optic,No,No,Yes,No,Yes,No,Month-to-month,No,Electronic check,90.8,1951.0,1,12-24,0,4,1,97.55,2
8204-TIFGJ,Female,0,No,No,23,Yes,No,No,No,No,No,No,No,No,Month-to-month,Yes,Bank transfer (automatic),20.3,470.6,0,12-24,0,1,0,20.460869565217394,2
8050-DVOJX,Male,1,No,No,49,Yes,Yes,DSL,Yes,Yes,Yes,Yes,No,Yes,Two year,No,Credit card (automatic),81.35,4060.9,0,48-60,0,7,1,82.87551020408164,0
6108-OQZDQ,Female,0,Yes,Yes,4,Yes,Yes,Fiber optic,No,Yes,No,No,Yes,Yes,Month-to-month,Yes,Electronic check,97.95,384.5,1,0-12,1,5,1,96.125,2
0363-QJVFX,Male,0,No,No,32,Yes,Yes,Fiber optic,Yes,Yes,No,Yes,Yes,Yes,Month-to-month,Yes,Credit card (automatic),108.15,3432.9,1,24-36,0,7,1,107.278125,2
8903-XEBGX,Male,0,No,Yes,2,Yes,No,DSL,No,No,No,No,No,Yes,Month-to-month,Yes,Electronic check,55.3,108.65,0,0-12,1,2,1,54.325,2
8169-SAEJD,Male,1,Yes,No,69,No,No,DSL,Yes,Yes,No,No,Yes,Yes,Two year,No,Credit card (automatic),56.55,3952.65,0,60-72,0,4,0,57.28478260869565,0
9840-DVNDC,Male,0,No,No,6,Yes,No,Fiber optic,No,No,No,No,Yes,No,Month-to-month,Yes,Credit card (automatic),80.5,463.05,1,0-12,1,2,1,77.175,2
1089-XZWHH,Female,0,Yes,Yes,24,Yes,No,No,No,No,No,No,No,No,Two year,Yes,Mailed check,19.7,494.05,0,12-24,0,1,0,20.585416666666667,0
2325-WINES,Female,0,No,No,32,Yes,Yes,Fiber optic,No,Yes,Yes,No,Yes,Yes,One year,Yes,Credit card (automatic),104.05,3416.85,0,24-36,0,6,1,106.7765625,1
6064-ZATLR,Female,0,No,No,27,Yes,No,DSL,Yes,Yes,No,No,No,No,Two year,No,Bank transfer (automatic),52.85,1498.65,0,24-36,0,3,1,55.50555555555556,0
3096-JRDSO,Female,1,Yes,No,27,Yes,Yes,Fiber optic,Yes,No,No,Yes,Yes,Yes,Month-to-month,Yes,Bank transfer (automatic),104.3,2867.75,1,24-36,0,6,1,106.21296296296296,2
7824-PANSQ,Male,0,No,No,58,Yes,Yes,Fiber optic,No,No,No,Yes,No,No,Month-to-month,No,Bank transfer (automatic),80.65,4807.35,0,48-60,0,3,1,82.88534482758621,2
8042-JVNFH,Male,0,No,No,1,Yes,No,Fiber optic,No,No,No,No,No,No,Month-to-month,Yes,Mailed check,71.35,71.35,1,0-12,1,1,1,71.35,2
9648-BCHKM,Female,0,Yes,Yes,18,Yes,Yes,No,No,No,No,No,No,No,Two year,Yes,Credit card (automatic),24.65,471.35,0,12-24,0,2,0,26.186111111111114,0
2888-ADFAO,Female,0,Yes,Yes,47,Yes,No,No,No,No,No,No,No,No,Two year,Yes,Bank transfer (automatic),21.3,1041.8,0,36-48,0,1,0,22.16595744680851,0
8707-HOEDG,Female,0,Yes,Yes,70,Yes,Yes,Fiber optic,No,Yes,Yes,Yes,Yes,Yes,Two year,Yes,Electronic check,110.2,7689.8,0,60-72,0,7,1,109.85428571428572,0
3374-LXDEV,Female,0,No,No,13,Yes,Yes,Fiber optic,No,Yes,Yes,Yes,No,No,Month-to-month,No,Electronic check,89.4,1132.35,1,12-24,0,5,1,87.10384615384615,2
4072-IPYLT,Female,0,Yes,Yes,36,Yes,No,DSL,Yes,No,No,No,No,No,Month-to-month,No,Credit card (automatic),51.05,1815.0,0,24-36,0,2,1,50.416666666666664,2
7167-PCEYD,Male,0,No,No,67,Yes,No,No,No,No,No,No,No,No,Two year,Yes,Mailed check,19.8,1311.3,0,60-72,0,1,0,19.571641791044776,0
4936-YPJNK,Female,0,No,No,10,Yes,No,No,No,No,No,No,No,No,Month-to-month,Yes,Mailed check,19.9,199.45,0,0-12,0,1,0,19.945,2
1580-BMCMR,Male,1,No,No,19,Yes,No,Fiber optic,Yes,No,No,No,No,Yes,Month-to-month,Yes,Electronic check,87.3,1637.3,0,12-24,0,3,1,86.17368421052632,2
4817-KEQSP,Female,0,Yes,Yes,71,Yes,No,No,No,No,No,No,No,No,Two year,No,Bank transfer (automatic),19.85,1326.35,0,60-72,0,1,0,18.680985915492958,0
6408-WHTEF,Male,0,Yes,Yes,72,Yes,Yes,DSL,Yes,Yes,Yes,Yes,Yes,Yes,Two year,Yes,Mailed check,89.4,6376.55,0,60-72,0,8,1,88.56319444444445,0
9251-AWQGT,Female,0,Yes,Yes,48,Yes,No,No,No,No,No,No,No,No,Two year,No,Mailed check,20.0,935.9,0,36-48,0,1,0,19.497916666666665,0
8749-CLJXC,Male,0,No,No,1,Yes,No,No,No,No,No,No,No,No,Month-to-month,No,Mailed check,20.05,20.05,0,0-12,1,1,0,20.05,2
7989-VCQOH,Male,0,Yes,Yes,18,Yes,No,DSL,Yes,No,Yes,Yes,Yes,Yes,Month-to-month,No,Electronic check,83.25,1611.15,0,12-24,0,6,1,89.50833333333334,2
5049-GLYVG,Male,0,No,No,1,Yes,No,No,No,No,No,No,No,No,Month-to-month,No,Mailed check,20.6,20.6,1,0-12,1,1,0,20.6,2
4199-QHJNM,Male,1,Yes,No,67,Yes,Yes,Fiber optic,No,Yes,No,Yes,Yes,Yes,Two year,No,Bank transfer (automatic),102.9,6989.7,0,60-72,0,6,1,104.32388059701492,0
8882-TLVRW,Male,0,Yes,Yes,69,No,No,DSL,Yes,No,Yes,Yes,No,No,Two year,No,Mailed check,39.1,2779.5,0,60-72,0,3,0,40.28260869565217,0
5883-GTGVD,Male,0,No,No,19,Yes,Yes,Fiber optic,No,Yes,No,No,Yes,Yes,Month-to-month,Yes,Electronic check,99.95,1931.75,1,12-24,0,5,1,101.67105263157895,2
5135-GRQJV,Male,1,Yes,No,72,Yes,Yes,Fiber optic,Yes,Yes,Yes,Yes,Yes,Yes,Two year,Yes,Mailed check,114.5,8331.95,0,60-72,0,8,1,115.7215277777778,0
2384-OVPSA,Female,1,No,No,38,Yes,No,No,No,No,No,No,No,No,Two year,No,Mailed check,20.2,735.9,0,36-48,0,1,0,19.36578947368421,0
1371-WEPDS,Male,1,Yes,No,40,Yes,No,DSL,No,No,No,No,No,Yes,One year,No,Electronic check,55.8,2283.3,0,36-48,0,2,1,57.0825,1
3580-GICBM,Female,0,Yes,Yes,61,Yes,Yes,No,No,No,No,No,No,No,Two year,Yes,Mailed check,24.2,1445.2,0,60-72,0,2,0,23.691803278688525,0
4817-QRJSX,Female,0,No,No,10,Yes,Yes,Fiber optic,No,Yes,No,No,No,No,Month-to-month,Yes,Credit card (automatic),81.0,818.05,1,0-12,0,3,1,81.80499999999999,2
9730-DRTMJ,Male,0,Yes,No,32,Yes,Yes,DSL,Yes,No,No,Yes,Yes,No,One year,Yes,Credit card (automatic),72.8,2333.05,0,24-36,0,5,1,72.9078125,1
4686-UXDML,Female,0,No,No,21,Yes,Yes,Fiber optic,No,Yes,No,No,Yes,Yes,Month-to-month,Yes,Credit card (automatic),99.85,1992.55,0,12-24,0,5,1,94.88333333333333,2
3349-ANQNH,Female,1,No,No,59,Yes,Yes,Fiber optic,No,No,Yes,No,Yes,Yes,One year,Yes,Electronic check,99.5,5890.0,0,48-60,0,5,1,99.83050847457628,1
2398-YPMUR,Female,1,Yes,No,13,Yes,No,Fiber optic,No,No,No,No,No,No,Month-to-month,Yes,Electronic check,70.15,916.75,1,12-24,0,1,1,70.51923076923077,2
0932-YIXYU,Female,0,No,No,47,Yes,No,No,No,No,No,No,No,No,Two year,No,Credit card (automatic),20.25,1029.8,0,36-48,0,1,0,21.91063829787234,0
7480-SPLEF,Male,0,Yes,Yes,69,Yes,Yes,No,No,No,No,No,No,No,Two year,Yes,Bank transfer (automatic),26.0,1796.55,0,60-72,0,2,0,26.03695652173913,0
7636-XUHWW,Male,0,No,No,2,Yes,No,No,No,No,No,No,No,No,Month-to-month,Yes,Credit card (automatic),19.9,33.7,0,0-12,1,1,0,16.85,2
1431-CYWMH,Female,0,Yes,Yes,22,Yes,No,No,No,No,No,No,No,No,Month-to-month,No,Bank transfer (automatic),19.05,454.05,0,12-24,0,1,0,20.638636363636365,2
5937-EORGB,Male,1,Yes,No,15,Yes,Yes,Fiber optic,Yes,No,Yes,No,Yes,No,Month-to-month,Yes,Electronic check,96.5,1392.25,0,12-24,0,5,1,92.81666666666666,2
6349-JDHQP,Female,0,No,No,53,Yes,No,No,No,No,No,No,No,No,Two year,No,Credit card (automatic),19.85,1049.6,0,48-60,0,1,0,19.80377358490566,0
5539-HIVAK,Female,1,Yes,No,28,Yes,Yes,No,No,No,No,No,No,No,Month-to-month,No,Mailed check,25.7,734.6,0,24-36,0,2,0,26.235714285714288,2
5847-MXBEO,Male,0,No,No,22,Yes,No,No,No,No,No,No,No,No,One year,No,Mailed check,20.3,475.1,0,12-24,0,1,0,21.595454545454547,1
9985-MWVIX,Female,0,No,No,1,Yes,No,Fiber optic,No,No,No,No,No,No,Month-to-month,Yes,Mailed check,70.15,70.15,1,0-12,1,1,1,70.15,2
4583-PARNH,Male,1,Yes,No,16,Yes,No,Fiber optic,No,No,Yes,Yes,No,Yes,Month-to-month,Yes,Electronic check,91.55,1540.05,0,12-24,0,4,1,96.253125,2
1116-FRYVH,Female,0,Yes,Yes,48,No,No,DSL,Yes,Yes,No,Yes,No,No,Two year,No,Mailed check,39.4,1978.65,0,36-48,0,3,0,41.221875000000004,0
1421-HCERK,Male,1,Yes,No,30,Yes,Yes,Fiber optic,Yes,Yes,Yes,Yes,Yes,No,Month-to-month,Yes,Bank transfer (automatic),105.7,3181.8,0,24-36,0,7,1,106.06,2
9633-XQABV,Female,0,No,No,3,Yes,No,Fiber optic,No,No,No,No,No,No,Month-to-month,Yes,Electronic check,70.25,229.7,0,0-12,1,1,1,76.56666666666666,2
0716-BQNDX,Male,1,No,No,57,Yes,Yes,Fiber optic,Yes,No,No,Yes,No,Yes,Two year,No,Electronic check,93.75,5625.55,0,48-60,0,5,1,98.69385964912281,0
1265-XTECC,Female,1,Yes,No,68,Yes,Yes,Fiber optic,Yes,Yes,No,No,No,Yes,One year,Yes,Credit card (automatic),96.55,6581.9,1,60-72,0,5,1,96.79264705882352,1
1183-CANVH,Female,0,Yes,No,23,Yes,No,DSL,No,No,No,Yes,Yes,No,One year,No,Bank transfer (automatic),60.0,1347.15,0,12-24,0,3,1,58.571739130434786,1
1972-XMUWV,Female,0,Yes,No,65,Yes,No,DSL,No,No,No,Yes,Yes,No,Two year,Yes,Credit card (automatic),59.8,3808.2,0,60-72,0,3,1,58.58769230769231,0
8679-LZBMD,Male,0,Yes,No,44,Yes,No,Fiber optic,No,No,No,No,Yes,Yes,One year,Yes,Bank transfer (automatic),90.65,3974.15,0,36-48,0,3,1,90.32159090909092,1
3407-JMJQQ,Female,0,Yes,Yes,71,Yes,Yes,Fiber optic,Yes,Yes,Yes,No,Yes,Yes,Two year,Yes,Bank transfer (automatic),109.0,7661.8,0,60-72,0,7,1,107.91267605633803,0
6252-DFGTK,Female,0,Yes,No,37,Yes,Yes,DSL,Yes,No,Yes,Yes,No,No,One year,No,Credit card (automatic),68.1,2479.25,0,36-48,0,5,1,67.00675675675676,1
1539-LNKHM,Female,0,No,No,12,Yes,No,No,No,No,No,No,No,No,Month-to-month,No,Mailed check,20.4,266.6,0,0-12,0,1,0,22.21666666666667,2
8645-KOMJQ,Male,0,Yes,Yes,69,Yes,Yes,DSL,No,Yes,Yes,Yes,Yes,Yes,Two year,Yes,Bank transfer (automatic),81.95,5601.4,0,60-72,0,7,1,81.17971014492753,0
0289-IVARM,Female,0,No,No,35,Yes,No,DSL,Yes,Yes,Yes,No,No,No,Month-to-month,No,Electronic check,60.55,1982.6,0,24-36,0,4,1,56.645714285714284,2
9761-XUJWD,Male,0,No,No,5,Yes,No,DSL,No,Yes,No,Yes,No,Yes,Month-to-month,Yes,Bank transfer (automatic),65.6,339.9,0,0-12,1,4,1,67.97999999999999,2
4057-FKCZK,Male,0,Yes,Yes,58,Yes,Yes,Fiber optic,No,No,No,No,Yes,No,Two year,No,Bank transfer (automatic),82.5,4828.05,0,48-60,0,3,1,83.24224137931034,0
4291-TPNFG,Male,0,Yes,No,72,Yes,Yes,DSL,Yes,Yes,Yes,Yes,No,Yes,Two year,Yes,Bank transfer (automatic),82.3,5980.55,0,60-72,0,7,1,83.06319444444445,0
6087-YPWHO,Male,0,Yes,No,72,Yes,Yes,DSL,Yes,Yes,Yes,Yes,No,No,Two year,No,Mailed check,68.15,4808.7,0,60-72,0,6,1,66.7875,0
3090-QFUVD,Female,0,No,No,1,Yes,No,No,No,No,No,No,No,No,Month-to-month,No,Credit card (automatic),20.3,20.3,0,0-12,1,1,0,20.3,2
2237-ZFSMY,Female,0,No,No,39,Yes,No,Fiber optic,Yes,No,Yes,Yes,Yes,No,One year,Yes,Electronic check,95.55,3692.85,1,36-48,0,5,1,94.68846153846154,1
1722-LDZJS,Male,0,Yes,Yes,53,Yes,No,No,No,No,No,No,No,No,One year,No,Credit card (automatic),20.2,1068.15,0,48-60,0,1,0,20.15377358490566,1
1818-ESQMW,Female,0,No,No,27,Yes,No,Fiber optic,No,No,Yes,Yes,No,Yes,Month-to-month,Yes,Electronic check,89.2,2383.6,0,24-36,0,4,1,88.28148148148148,2
4871-JTKJF,Female,1,No,No,1,Yes,No,Fiber optic,No,No,No,No,No,No,Month-to-month,Yes,Electronic check,69.65,69.65,1,0-12,1,1,1,69.65,2
1415-YFWLT,Female,1,No,No,1,Yes,No,Fiber optic,No,No,No,No,Yes,Yes,Month-to-month,Yes,Electronic check,89.3,89.3,1,0-12,1,3,1,89.3,2
7401-RUBNK,Female,0,Yes,No,18,Yes,No,Fiber optic,Yes,No,No,No,No,No,Month-to-month,No,Electronic check,74.8,1438.05,0,12-24,0,2,1,79.89166666666667,2
0506-YLVKJ,Male,0,Yes,Yes,46,Yes,No,No,No,No,No,No,No,No,Two year,Yes,Mailed check,20.2,917.45,0,36-48,0,1,0,19.944565217391304,0
8661-BOYNW,Female,0,Yes,No,72,Yes,Yes,DSL,Yes,No,Yes,Yes,Yes,Yes,Two year,Yes,Credit card (automatic),84.4,6096.45,0,60-72,0,7,1,84.67291666666667,0
6711-VTNRE,Female,0,No,No,36,Yes,No,Fiber optic,No,No,Yes,Yes,No,Yes,Month-to-month,Yes,Electronic check,87.55,3078.1,1,24-36,0,4,1,85.50277777777778,2
4815-GBTCD,Female,0,Yes,No,4,No,No,DSL,No,No,No,No,No,No,Month-to-month,Yes,Electronic check,25.15,99.95,0,0-12,1,0,0,24.9875,2
2805-AUFQN,Female,0,No,No,25,Yes,No,No,No,No,No,No,No,No,Two year,No,Credit card (automatic),19.8,475.2,0,24-36,0,1,0,19.008,0
0980-PVMRC,Female,0,Yes,Yes,40,No,No,DSL,No,Yes,No,No,Yes,Yes,Month-to-month,Yes,Electronic check,50.85,2036.55,0,36-48,0,3,0,50.91375,2
7233-DRTRF,Male,0,Yes,No,63,Yes,Yes,Fiber optic,No,Yes,Yes,No,Yes,Yes,Month-to-month,Yes,Electronic check,102.4,6444.05,0,60-72,0,6,1,102.28650793650795,2
3500-RMZLT,Female,1,No,No,15,Yes,No,Fiber optic,Yes,No,Yes,Yes,No,Yes,Month-to-month,Yes,Mailed check,96.3,1426.75,1,12-24,0,5,1,95.11666666666666,2
3873-NFTGI,Male,0,No,No,14,Yes,Yes,DSL,No,Yes,No,No,No,No,Month-to-month,Yes,Credit card (automatic),55.5,767.55,0,12-24,0,3,1,54.824999999999996,2
1162-ECVII,Male,1,Yes,No,72,Yes,Yes,Fiber optic,No,Yes,Yes,Yes,Yes,Yes,Two year,Yes,Bank transfer (automatic),109.75,7932.5,0,60-72,0,7,1,110.17361111111111,0
7048-GXDAY,Male,0,No,No,39,Yes,Yes,Fiber optic,Yes,Yes,No,No,Yes,Yes,Month-to-month,Yes,Electronic check,106.4,4040.65,0,36-48,0,6,1,103.60641025641026,2
8571-ZCMCX,Female,0,Yes,Yes,47,No,No,DSL,Yes,Yes,Yes,No,Yes,Yes,Two year,Yes,Credit card (automatic),60.0,2768.65,0,36-48,0,5,0,58.90744680851064,0
1169-WCVAK,Male,0,Yes,No,19,Yes,Yes,Fiber optic,Yes,Yes,No,Yes,No,No,Month-to-month,Yes,Credit card (automatic),88.8,1672.35,0,12-24,0,5,1,88.01842105263158,2
4548-SDBKE,Female,0,No,No,5,Yes,Yes,Fiber optic,No,No,No,No,Yes,No,Month-to-month,Yes,Electronic check,85.2,474.8,1,0-12,1,3,1,94.96000000000001,2
8066-POXGX,Female,0,No,No,13,No,No,DSL,No,No,No,No,No,Yes,Month-to-month,Yes,Electronic check,35.1,446.1,1,12-24,0,1,0,34.315384615384616,2
7129-CAKJW,Female,0,No,No,17,Yes,Yes,Fiber optic,No,No,Yes,No,No,No,Month-to-month,No,Bank transfer (automatic),80.05,1345.65,0,12-24,0,3,1,79.15588235294118,2
8695-ARGXZ,Male,1,Yes,No,34,Yes,Yes,Fiber optic,No,No,No,No,No,No,Month-to-month,Yes,Electronic check,75.55,2425.4,0,24-36,0,2,1,71.33529411764707,2
3570-YUEKJ,Female,0,No,No,42,Yes,No,DSL,No,Yes,No,No,No,No,Month-to-month,Yes,Electronic check,49.55,2077.95,0,36-48,0,2,1,49.474999999999994,2
4143-OOBWZ,Male,0,Yes,No,5,Yes,Yes,Fiber optic,No,Yes,No,No,No,No,Month-to-month,Yes,Electronic check,81.3,416.3,1,0-12,1,3,1,83.26,2
1555-HAPSU,Female,0,Yes,Yes,71,Yes,Yes,No,No,No,No,No,No,No,Two year,No,Credit card (automatic),23.9,1663.5,0,60-72,0,2,0,23.429577464788732,0
1697-NVVGY,Male,1,Yes,No,19,Yes,No,DSL,Yes,No,Yes,No,Yes,No,Month-to-month,No,Bank transfer (automatic),66.4,1286.05,0,12-24,0,4,1,67.68684210526315,2
7854-EKTJL,Female,0,No,Yes,2,Yes,No,No,No,No,No,No,No,No,Month-to-month,Yes,Electronic check,19.6,35.85,1,0-12,1,1,0,17.925,2
8464-EETCQ,Male,0,No,No,57,Yes,No,No,No,No,No,No,No,No,Two year,No,Credit card (automatic),18.8,1094.35,0,48-60,0,1,0,19.19912280701754,0
2419-FSORS,Male,0,Yes,No,72,Yes,Yes,Fiber optic,No,Yes,Yes,Yes,Yes,Yes,Two year,Yes,Electronic check,108.4,7719.5,0,60-72,0,7,1,107.21527777777777,0
8132-YPVBX,Female,0,No,No,6,Yes,No,Fiber optic,No,Yes,No,No,No,Yes,Month-to-month,Yes,Mailed check,85.95,514.6,0,0-12,1,3,1,85.76666666666667,2
9102-IAYHT,Female,0,Yes,Yes,17,Yes,Yes,Fiber optic,No,No,No,No,No,Yes,Month-to-month,Yes,Electronic check,85.45,1451.6,1,12-24,0,3,1,85.38823529411764,2
6754-LZUKA,Male,0,Yes,No,61,Yes,Yes,DSL,No,Yes,Yes,No,Yes,Yes,Two year,No,Bank transfer (automatic),80.9,4932.5,0,60-72,0,6,1,80.86065573770492,0
3422-LYEPQ,Male,0,Yes,Yes,1,Yes,No,Fiber optic,No,No,No,No,No,No,Month-to-month,Yes,Electronic check,71.0,71.0,1,0-12,1,1,1,71.0,2
8099-MZPUJ,Male,0,Yes,Yes,48,Yes,Yes,Fiber optic,Yes,Yes,Yes,Yes,Yes,Yes,Two year,No,Credit card (automatic),111.8,5443.65,0,36-48,0,8,1,113.409375,0
0787-LHDYT,Male,0,No,No,16,Yes,No,No,No,No,No,No,No,No,Month-to-month,Yes,Credit card (automatic),20.6,330.25,0,12-24,0,1,0,20.640625,2
2642-DTVCO,Male,1,No,No,9,Yes,Yes,Fiber optic,No,No,No,No,No,Yes,Month-to-month,Yes,Electronic check,85.05,746.5,1,0-12,0,3,1,82.94444444444444,2
0374-IOEGQ,Female,0,No,No,3,Yes,No,DSL,No,No,No,No,No,No,Month-to-month,No,Electronic check,44.6,122.7,0,0-12,1,1,1,40.9,2
4361-JEIVL,Male,0,No,Yes,1,Yes,No,DSL,No,No,No,No,No,No,Month-to-month,Yes,Electronic check,44.4,44.4,1,0-12,1,1,1,44.4,2
3197-NNYNB,Male,0,No,No,65,Yes,Yes,Fiber optic,No,Yes,Yes,No,Yes,Yes,Two year,No,Credit card (automatic),105.1,6631.85,0,60-72,0,6,1,102.02846153846154,0
3396-DKDEL,Female,0,Yes,Yes,70,Yes,Yes,Fiber optic,Yes,Yes,Yes,Yes,Yes,Yes,Two year,Yes,Credit card (automatic),115.15,8250.0,0,60-72,0,8,1,117.85714285714286,0
1752-OZXFY,Male,0,Yes,No,60,Yes,No,DSL,Yes,No,No,No,Yes,No,One year,Yes,Mailed check,59.8,3561.15,0,48-60,0,3,1,59.3525,1
9066-QRSDU,Female,0,Yes,No,69,Yes,Yes,No,No,No,No,No,No,No,One year,Yes,Electronic check,26.3,1763.55,0,60-72,0,2,0,25.558695652173913,1
9112-WSNPU,Female,1,No,No,35,Yes,No,Fiber optic,No,No,No,No,No,No,Month-to-month,No,Electronic check,70.55,2419.0,0,24-36,0,1,1,69.11428571428571,2
9867-NNXLC,Female,0,No,No,22,Yes,No,No,No,No,No,No,No,No,Month-to-month,Yes,Mailed check,20.05,470.2,0,12-24,0,1,0,21.37272727272727,2
5321-NTRKC,Male,0,Yes,Yes,66,Yes,Yes,DSL,No,Yes,Yes,No,Yes,Yes,Two year,No,Bank transfer (automatic),79.85,5234.95,0,60-72,0,6,1,79.31742424242424,0
1363-TXLSL,Male,1,Yes,No,1,Yes,No,Fiber optic,No,No,No,No,No,No,Month-to-month,Yes,Electronic check,70.3,70.3,1,0-12,1,1,1,70.3,2
9507-EXLTT,Female,0,Yes,No,1,Yes,No,Fiber optic,No,No,No,No,Yes,No,Month-to-month,Yes,Bank transfer (automatic),79.35,79.35,1,0-12,1,2,1,79.35,2
3161-GETRM,Male,0,Yes,Yes,34,Yes,Yes,Fiber optic,No,No,Yes,No,No,Yes,Month-to-month,Yes,Credit card (automatic),90.05,3097.0,0,24-36,0,4,1,91.08823529411765,2
0402-OAMEN,Female,0,Yes,Yes,72,Yes,Yes,No,No,No,No,No,No,No,Two year,No,Bank transfer (automatic),24.45,1709.1,0,60-72,0,2,0,23.737499999999997,0
6933-VLYFX,Male,0,Yes,Yes,31,No,No,DSL,Yes,No,Yes,Yes,Yes,Yes,One year,No,Electronic check,59.95,1848.8,0,24-36,0,5,0,59.63870967741936,1
6754-WKSHP,Male,0,No,Yes,30,Yes,Yes,No,No,No,No,No,No,No,One year,No,Bank transfer (automatic),25.35,723.3,0,24-36,0,2,0,24.11,1
9846-GKXAS,Female,0,No,No,9,Yes,No,Fiber optic,No,No,No,No,Yes,Yes,Month-to-month,Yes,Bank transfer (automatic),90.8,809.75,1,0-12,0,3,1,89.97222222222223,2
6017-PPLPX,Male,0,Yes,Yes,20,Yes,No,Fiber optic,No,No,No,No,No,No,Month-to-month,Yes,Electronic check,70.45,1470.95,1,12-24,0,1,1,73.5475,2
4976-LNFVV,Male,1,Yes,No,19,No,No,DSL,No,Yes,Yes,No,No,No,Month-to-month,Yes,Credit card (automatic),34.3,577.15,0,12-24,0,2,0,30.376315789473683,2
5055-MGMGF,Female,0,Yes,No,65,Yes,Yes,Fiber optic,Yes,No,Yes,No,Yes,Yes,Month-to-month,Yes,Electronic check,105.05,6914.95,0,60-72,0,6,1,106.38384615384615,2
4641-FROLU,Female,0,Yes,Yes,30,Yes,No,No,No,No,No,No,No,No,Two year,No,Mailed check,19.3,602.9,0,24-36,0,1,0,20.096666666666668,0
2862-JVEOY,Male,0,No,No,6,Yes,No,No,No,No,No,No,No,No,One year,No,Mailed check,19.15,124.4,0,0-12,1,1,0,20.733333333333334,1
2969-QWUBZ,Female,0,No,No,2,No,No,DSL,No,Yes,No,No,Yes,Yes,Month-to-month,No,Electronic check,51.4,96.8,0,0-12,1,3,0,48.4,2
9822-BIIGN,Male,0,Yes,Yes,53,Yes,Yes,DSL,Yes,No,No,Yes,No,Yes,Month-to-month,No,Electronic check,71.85,3827.9,0,48-60,0,5,1,72.22452830188679,2
2077-MPJQO,Male,1,Yes,No,7,Yes,Yes,Fiber optic,No,No,No,No,No,No,Month-to-month,Yes,Electronic check,75.4,533.05,0,0-12,0,2,1,76.14999999999999,2
1534-OULXE,Female,0,Yes,Yes,61,Yes,No,DSL,Yes,No,No,No,No,No,One year,Yes,Bank transfer (automatic),49.7,2961.4,0,60-72,0,2,1,48.54754098360656,1
7136-RVDTZ,Male,1,No,No,70,No,No,DSL,No,No,No,No,Yes,Yes,One year,Yes,Electronic check,45.25,3264.45,1,60-72,0,2,0,46.635,1
2971-SGAFL,Female,0,No,No,13,Yes,Yes,DSL,Yes,No,Yes,No,Yes,Yes,Month-to-month,Yes,Electronic check,78.75,995.35,0,12-24,0,6,1,76.56538461538462,2
1480-IVEVR,Male,1,Yes,No,35,Yes,Yes,Fiber optic,No,No,Yes,No,No,No,One year,Yes,Bank transfer (automatic),81.6,2815.25,0,24-36,0,3,1,80.43571428571428,1
2905-KFQUV,Female,0,Yes,No,2,Yes,No,Fiber optic,No,No,No,No,No,No,Month-to-month,Yes,Credit card (automatic),70.4,154.8,0,0-12,1,1,1,77.4,2
4581-SSPWD,Female,0,No,No,3,Yes,Yes,Fiber optic,No,No,No,No,No,No,Month-to-month,Yes,Electronic check,75.8,246.3,1,0-12,1,2,1,82.10000000000001,2
3370-HXOPH,Female,0,No,No,3,Yes,Yes,Fiber optic,No,No,No,No,No,No,Month-to-month,No,Electronic check,76.1,257.6,0,0-12,1,2,1,85.86666666666667,2
9391-YZEJW,Female,0,No,No,62,Yes,Yes,Fiber optic,No,No,No,No,Yes,Yes,One year,Yes,Bank transfer (automatic),94.0,5757.2,0,60-72,0,4,1,92.85806451612903,1
9958-MEKUC,Male,0,Yes,Yes,72,Yes,Yes,Fiber optic,Yes,Yes,Yes,Yes,No,Yes,Two year,No,Credit card (automatic),103.95,7517.7,0,60-72,0,7,1,104.4125,0
0281-CNTZX,Male,0,Yes,No,63,Yes,No,No,No,No,No,No,No,No,Two year,Yes,Bank transfer (automatic),19.95,1234.8,0,60-72,0,1,0,19.599999999999998,0
6927-WTFIV,Male,1,No,No,20,Yes,No,Fiber optic,No,No,No,No,No,No,Month-to-month,No,Credit card (automatic),71.3,1389.2,1,12-24,0,1,1,69.46000000000001,2
4118-CEVPF,Female,1,No,No,35,Yes,Yes,Fiber optic,Yes,Yes,Yes,Yes,Yes,Yes,One year,Yes,Bank transfer (automatic),110.8,3836.3,0,24-36,0,8,1,109.60857142857144,1
3398-ZOUAA,Male,1,Yes,No,21,Yes,No,Fiber optic,No,No,No,No,No,No,Month-to-month,Yes,Electronic check,69.1,1474.75,1,12-24,0,1,1,70.22619047619048,2
9114-VEPUF,Male,0,Yes,No,62,Yes,Yes,Fiber optic,Yes,Yes,No,No,No,Yes,One year,No,Electronic check,96.1,6001.45,0,60-72,0,5,1,96.79758064516129,1
7876-BEUTG,Female,0,No,No,15,Yes,Yes,DSL,No,No,No,No,No,No,Month-to-month,Yes,Mailed check,48.8,720.1,0,12-24,0,2,1,48.00666666666667,2
2338-BQEZT,Female,0,No,No,55,Yes,No,DSL,Yes,No,No,No,No,No,Month-to-month,Yes,Credit card (automatic),50.55,2832.75,0,48-60,0,2,1,51.50454545454546,2
9873-MNDKV,Female,0,No,No,11,Yes,No,DSL,No,No,No,No,No,No,Month-to-month,Yes,Mailed check,44.65,472.25,0,0-12,0,1,1,42.93181818181818,2
0378-NHQXU,Female,0,Yes,Yes,17,Yes,Yes,Fiber optic,No,No,Yes,No,Yes,No,Month-to-month,No,Electronic check,88.25,1460.65,1,12-24,0,4,1,85.92058823529412,2
8241-JUIQO,Female,0,No,No,61,Yes,No,No,No,No,No,No,No,No,One year,No,Bank transfer (automatic),19.45,1336.35,0,60-72,0,1,0,21.907377049180326,1
2194-IIQOF,Female,0,Yes,No,71,Yes,Yes,DSL,Yes,Yes,Yes,Yes,Yes,Yes,Two year,No,Credit card (automatic),89.3,6388.65,0,60-72,0,8,1,89.98098591549295,0
4512-ZUIYL,Female,0,No,No,2,Yes,No,Fiber optic,No,No,No,No,No,No,Month-to-month,No,Bank transfer (automatic),70.0,153.05,1,0-12,1,1,1,76.525,2
9631-RXVJM,Male,0,No,No,35,Yes,No,No,No,No,No,No,No,No,Two year,No,Mailed check,19.25,677.9,0,24-36,0,1,0,19.36857142857143,0
9584-EXCDZ,Female,0,No,No,17,Yes,No,Fiber optic,No,No,No,No,No,No,Month-to-month,No,Bank transfer (automatic),70.5,1165.6,0,12-24,0,1,1,68.56470588235294,2
7969-AULMZ,Female,0,No,No,21,Yes,Yes,Fiber optic,No,No,No,No,Yes,Yes,Month-to-month,Yes,Electronic check,97.35,2119.5,1,12-24,0,4,1,100.92857142857143,2
5093-FEGLU,Female,0,Yes,No,47,Yes,No,No,No,No,No,No,No,No,Two year,No,Bank transfer (automatic),19.65,921.55,0,36-48,0,1,0,19.607446808510637,0
2621-UDNLU,Female,0,Yes,No,3,Yes,No,No,No,No,No,No,No,No,Month-to-month,No,Mailed check,20.85,72.0,0,0-12,1,1,0,24.0,2
7526-IVLYU,Male,0,No,No,3,Yes,No,No,No,No,No,No,No,No,Month-to-month,Yes,Mailed check,19.65,68.35,0,0-12,1,1,0,22.78333333333333,2
2428-HYUNX,Male,1,Yes,No,44,Yes,No,No,No,No,No,No,No,No,Two year,Yes,Credit card (automatic),19.35,847.25,0,36-48,0,1,0,19.255681818181817,0
9214-EKVXR,Female,0,No,No,1,Yes,No,DSL,No,No,No,No,No,No,Month-to-month,Yes,Mailed check,44.0,44.0,0,0-12,1,1,1,44.0,2
3410-MHHUM,Female,0,Yes,Yes,44,Yes,Yes,Fiber optic,No,Yes,Yes,No,No,Yes,One year,No,Electronic check,94.4,4295.35,0,36-48,0,5,1,97.62159090909091,1
0568-ONFPC,Male,0,Yes,Yes,5,Yes,Yes,No,No,No,No,No,No,No,Month-to-month,Yes,Bank transfer (automatic),25.9,135.0,1,0-12,1,2,0,27.0,2
0733-VUNUW,Male,0,No,No,24,Yes,Yes,DSL,Yes,No,No,No,No,No,Month-to-month,Yes,Bank transfer (automatic),55.65,1400.55,1,12-24,0,3,1,58.356249999999996,2
4550-EVXNY,Female,0,No,Yes,1,Yes,No,Fiber optic,No,No,No,No,No,No,Month-to-month,Yes,Electronic check,69.65,69.65,1,0-12,1,1,1,69.65,2
2122-YWVYA,Female,0,No,No,18,Yes,No,Fiber optic,Yes,No,No,No,No,No,Month-to-month,Yes,Electronic check,75.4,1380.4,0,12-24,0,2,1,76.6888888888889,2
2968-SSGAA,Female,0,No,No,10,Yes,Yes,Fiber optic,No,No,Yes,No,Yes,Yes,Month-to-month,Yes,Electronic check,100.6,1060.2,1,0-12,0,5,1,106.02000000000001,2
2296-DKZFP,Female,0,Yes,No,65,Yes,No,DSL,Yes,Yes,Yes,No,No,Yes,Two year,No,Bank transfer (automatic),71.0,4386.2,0,60-72,0,5,1,67.48,0
4844-JJWUY,Female,1,No,No,1,Yes,No,Fiber optic,No,Yes,No,No,No,Yes,Month-to-month,Yes,Electronic check,86.0,86.0,1,0-12,1,3,1,86.0,2
6777-TGHTM,Female,0,No,No,53,Yes,Yes,Fiber optic,Yes,No,Yes,No,Yes,Yes,One year,Yes,Credit card (automatic),106.95,5785.5,1,48-60,0,6,1,109.16037735849056,1
8909-BOLNL,Male,0,No,No,3,Yes,No,No,No,No,No,No,No,No,One year,No,Mailed check,21.2,52.05,0,0-12,1,1,0,17.349999999999998,1
6603-YRDCJ,Male,0,Yes,No,33,Yes,No,DSL,Yes,Yes,No,Yes,No,No,Two year,Yes,Mailed check,61.05,2018.4,0,24-36,0,4,1,61.163636363636364,0
3538-WZPHD,Male,0,No,No,3,No,No,DSL,No,Yes,No,No,No,No,Month-to-month,Yes,Electronic check,29.6,79.45,1,0-12,1,1,0,26.483333333333334,2
3229-USWAR,Female,0,No,No,34,Yes,No,DSL,Yes,No,Yes,Yes,Yes,Yes,One year,Yes,Bank transfer (automatic),79.95,2727.3,0,24-36,0,6,1,80.21470588235294,1
2138-VFAPZ,Female,0,Yes,Yes,14,Yes,No,No,No,No,No,No,No,No,Two year,Yes,Mailed check,19.7,263.65,0,12-24,0,1,0,18.832142857142856,0
6131-JLWZM,Female,0,No,No,13,Yes,No,No,No,No,No,No,No,No,Month-to-month,Yes,Mailed check,20.3,275.4,0,12-24,0,1,0,21.184615384615384,2
4785-QRJHC,Male,1,Yes,No,46,No,No,DSL,No,Yes,Yes,Yes,Yes,Yes,One year,Yes,Bank transfer (automatic),59.9,2816.65,1,36-48,0,5,0,61.231521739130436,1
0269-XFESX,Male,0,Yes,Yes,23,Yes,Yes,No,No,No,No,No,No,No,One year,No,Mailed check,24.35,538.5,0,12-24,0,2,0,23.41304347826087,1
1709-EJDOX,Female,0,Yes,Yes,47,Yes,No,No,No,No,No,No,No,No,Two year,No,Mailed check,19.75,948.9,0,36-48,0,1,0,20.18936170212766,0
4316-XCSLJ,Male,0,No,Yes,17,Yes,No,DSL,Yes,No,No,No,No,No,Month-to-month,Yes,Mailed check,50.3,846.8,0,12-24,0,2,1,49.811764705882354,2
8610-WFCJF,Female,0,Yes,Yes,49,Yes,Yes,Fiber optic,No,No,No,No,Yes,Yes,Month-to-month,Yes,Electronic check,95.6,4783.5,1,48-60,0,4,1,97.62244897959184,2
9693-XMUOB,Male,1,Yes,No,59,No,No,DSL,No,Yes,No,No,Yes,Yes,Month-to-month,Yes,Electronic check,50.25,2997.45,0,48-60,0,3,0,50.80423728813559,2
0383-CLDDA,Female,0,No,No,69,Yes,Yes,DSL,Yes,No,Yes,Yes,Yes,Yes,Two year,Yes,Credit card (automatic),85.35,5897.4,0,60-72,0,7,1,85.4695652173913,0
4905-JEFDW,Male,0,No,No,11,No,No,DSL,No,No,Yes,No,Yes,No,One year,Yes,Electronic check,41.6,470.6,1,0-12,0,2,0,42.78181818181818,1
2709-UQGNP,Male,0,No,No,10,Yes,No,DSL,Yes,No,No,No,No,No,Month-to-month,Yes,Mailed check,51.65,524.5,0,0-12,0,2,1,52.45,2
3549-ZTMNH,Male,0,Yes,Yes,12,Yes,Yes,No,No,No,No,No,No,No,Two year,Yes,Bank transfer (automatic),24.0,269.65,0,0-12,0,2,0,22.47083333333333,0
7881-INRLC,Male,0,No,No,45,Yes,Yes,Fiber optic,No,Yes,No,No,Yes,Yes,Month-to-month,Yes,Credit card (automatic),100.85,4740.0,1,36-48,0,5,1,105.33333333333333,2
8033-ATFAS,Female,0,Yes,Yes,39,Yes,No,DSL,No,No,Yes,No,Yes,No,Month-to-month,Yes,Mailed check,59.85,2341.5,0,36-48,0,3,1,60.03846153846154,2
1635-NZATJ,Male,1,Yes,No,71,Yes,Yes,No,No,No,No,No,No,No,Two year,No,Credit card (automatic),25.45,1789.65,0,60-72,0,2,0,25.206338028169014,0
0562-HKHML,Male,0,Yes,Yes,71,Yes,Yes,No,No,No,No,No,No,No,Two year,No,Credit card (automatic),23.9,1626.4,0,60-72,0,2,0,22.907042253521126,0
8277-RVRSV,Female,0,Yes,Yes,33,Yes,Yes,No,No,No,No,No,No,No,One year,No,Credit card (automatic),24.15,800.3,0,24-36,0,2,0,24.25151515151515,1
9943-VSZUV,Male,1,No,No,67,Yes,Yes,Fiber optic,No,No,No,No,No,No,Month-to-month,Yes,Mailed check,75.7,5060.85,0,60-72,0,2,1,75.53507462686568,2
0117-LFRMW,Male,0,Yes,Yes,37,No,No,DSL,Yes,Yes,Yes,No,No,No,Month-to-month,No,Bank transfer (automatic),40.2,1448.8,1,36-48,0,3,0,39.15675675675676,2
6172-FECYY,Male,0,Yes,Yes,49,Yes,Yes,Fiber optic,No,No,No,No,Yes,No,Month-to-month,No,Electronic check,84.5,4254.85,1,48-60,0,3,1,86.83367346938776,2
7054-ENNGU,Female,0,Yes,No,9,Yes,No,DSL,No,Yes,No,No,No,No,Month-to-month,No,Mailed check,50.85,466.6,0,0-12,0,2,1,51.84444444444445,2
1455-HFBXA,Male,0,Yes,No,52,Yes,Yes,Fiber optic,Yes,No,Yes,Yes,No,No,Two year,Yes,Credit card (automatic),91.6,4627.8,0,48-60,0,5,1,88.99615384615385,0
9402-CXWPL,Female,0,No,No,70,Yes,Yes,Fiber optic,No,Yes,No,No,Yes,Yes,One year,No,Electronic check,98.9,6838.6,0,60-72,0,5,1,97.69428571428573,1
1628-BIZYP,Male,0,No,No,1,Yes,No,Fiber optic,No,Yes,No,No,No,Yes,Month-to-month,Yes,Electronic check,85.0,85.0,0,0-12,1,3,1,85.0,2
1965-AKTSX,Female,1,No,No,14,Yes,Yes,Fiber optic,No,Yes,No,No,No,No,Month-to-month,Yes,Electronic check,78.95,1101.85,1,12-24,0,3,1,78.70357142857142,2
0082-LDZUE,Male,0,No,No,1,Yes,No,DSL,No,No,No,No,No,No,Month-to-month,Yes,Mailed check,44.3,44.3,0,0-12,1,1,1,44.3,2
4786-UKSNZ,Male,0,No,No,1,Yes,No,No,No,No,No,No,No,No,Month-to-month,No,Mailed check,20.2,20.2,1,0-12,1,1,0,20.2,2
5343-SGUBI,Female,0,No,No,52,Yes,Yes,Fiber optic,No,Yes,No,No,No,No,One year,Yes,Mailed check,80.2,4297.6,0,48-60,0,3,1,82.64615384615385,1
0856-NAOES,Male,0,No,No,6,Yes,No,DSL,No,No,Yes,No,Yes,No,Month-to-month,No,Mailed check,60.9,414.1,0,0-12,1,3,1,69.01666666666667,2
1976-AZZPJ,Male,0,Yes,No,7,No,No,DSL,Yes,Yes,No,No,No,No,Month-to-month,No,Mailed check,34.2,256.6,0,0-12,0,2,0,36.65714285714286,2
7248-VZQLC,Female,1,No,No,47,Yes,Yes,Fiber optic,No,Yes,Yes,No,No,No,Month-to-month,Yes,Bank transfer (automatic),85.2,3969.35,1,36-48,0,4,1,84.45425531914893,2
6156-UZDLF,Female,0,No,No,26,Yes,No,Fiber optic,Yes,No,Yes,Yes,No,No,One year,Yes,Credit card (automatic),87.15,2274.1,0,24-36,0,4,1,87.46538461538461,1
3099-OONVS,Male,0,Yes,Yes,25,Yes,No,DSL,Yes,No,No,Yes,No,No,Month-to-month,No,Electronic check,54.3,1296.8,0,24-36,0,3,1,51.872,2
9500-WBGRP,Male,0,No,No,69,Yes,No,No,No,No,No,No,No,No,Two year,Yes,Mailed check,19.1,1268.85,0,60-72,0,1,0,18.389130434782608,0
5183-KLYEM,Female,0,No,No,72,Yes,Yes,Fiber optic,Yes,Yes,Yes,Yes,Yes,Yes,Two year,Yes,Credit card (automatic),112.75,8192.6,0,60-72,0,8,1,113.78611111111111,0
5144-PQCDZ,Male,0,No,No,4,Yes,No,No,No,No,No,No,No,No,Month-to-month,Yes,Mailed check,19.95,59.25,0,0-12,1,1,0,14.8125,2
8514-VZHEB,Male,0,Yes,Yes,59,Yes,No,No,No,No,No,No,No,No,Two year,No,Mailed check,19.5,1147.85,0,48-60,0,1,0,19.45508474576271,0
6625-IUTTT,Male,0,No,No,67,Yes,No,DSL,Yes,No,Yes,No,No,Yes,Two year,No,Bank transfer (automatic),65.55,4361.55,0,60-72,0,4,1,65.09776119402986,0
9355-NPPFS,Female,1,No,No,26,Yes,No,Fiber optic,No,No,No,No,No,Yes,Month-to-month,Yes,Electronic check,78.8,2006.1,0,24-36,0,2,1,77.1576923076923,2
0068-FIGTF,Female,0,No,No,27,Yes,No,DSL,No,Yes,Yes,Yes,Yes,Yes,One year,No,Mailed check,78.2,2078.95,0,24-36,0,6,1,76.99814814814815,1
5965-GGPRW,Male,0,Yes,Yes,72,Yes,Yes,Fiber optic,Yes,No,Yes,No,Yes,Yes,Two year,No,Bank transfer (automatic),105.25,7609.75,0,60-72,0,6,1,105.69097222222223,0
8035-PWSEV,Female,0,No,No,6,Yes,No,Fiber optic,No,No,Yes,Yes,No,Yes,Month-to-month,Yes,Electronic check,89.25,487.05,0,0-12,1,4,1,81.175,2
2236-HILPA,Male,0,Yes,Yes,62,Yes,No,No,No,No,No,No,No,No,Two year,No,Credit card (automatic),20.65,1218.45,0,60-72,0,1,0,19.65241935483871,0
1840-BIUOG,Male,0,No,No,20,Yes,Yes,DSL,No,Yes,No,Yes,Yes,No,One year,Yes,Electronic check,68.7,1416.2,0,12-24,0,5,1,70.81,1
1356-MKYSK,Male,0,No,No,6,Yes,No,DSL,Yes,No,Yes,Yes,Yes,Yes,Month-to-month,No,Credit card (automatic),78.65,483.3,0,0-12,1,6,1,80.55,2
6080-LNESI,Male,0,No,No,51,Yes,Yes,No,No,No,No,No,No,No,Two year,No,Mailed check,24.75,1234.6,0,48-60,0,2,0,24.2078431372549,0
1830-IPXVJ,Female,0,Yes,Yes,61,Yes,No,No,No,No,No,No,No,No,Two year,No,Credit card (automatic),19.75,1311.6,0,60-72,0,1,0,21.501639344262294,0
5828-DWPIL,Male,1,Yes,No,62,Yes,Yes,Fiber optic,Yes,Yes,Yes,No,No,No,Month-to-month,Yes,Electronic check,89.1,5618.3,0,60-72,0,5,1,90.61774193548388,2
8398-TBIYD,Female,0,No,No,72,Yes,Yes,Fiber optic,Yes,No,No,Yes,No,No,Two year,Yes,Bank transfer (automatic),84.7,6185.15,0,60-72,0,4,1,85.9048611111111,0
0011-IGKFF,Male,1,Yes,No,13,Yes,No,Fiber optic,No,Yes,Yes,No,Yes,Yes,Month-to-month,Yes,Electronic check,98.0,1237.85,1,12-24,0,5,1,95.21923076923076,2
4192-GORJT,Male,0,Yes,No,5,Yes,No,Fiber optic,No,No,Yes,No,Yes,Yes,Month-to-month,Yes,Electronic check,94.45,498.1,1,0-12,1,4,1,99.62,2
6496-SLWHQ,Male,1,No,No,3,Yes,Yes,Fiber optic,No,Yes,Yes,No,Yes,Yes,Month-to-month,Yes,Electronic check,105.0,294.45,1,0-12,1,6,1,98.14999999999999,2
9912-GVSEQ,Female,1,Yes,No,26,Yes,Yes,Fiber optic,No,Yes,Yes,No,No,Yes,Month-to-month,Yes,Electronic check,93.85,2381.55,1,24-36,0,5,1,91.59807692307693,2
2931-FSOHN,Male,1,No,No,13,Yes,No,DSL,No,Yes,No,No,Yes,No,Month-to-month,Yes,Electronic check,59.9,788.35,0,12-24,0,3,1,60.642307692307696,2
9418-RUKPH,Female,0,Yes,Yes,38,Yes,No,No,No,No,No,No,No,No,Two year,Yes,Mailed check,19.95,756.4,0,36-48,0,1,0,19.905263157894737,0
5383-MMTWC,Female,1,Yes,No,8,Yes,Yes,Fiber optic,No,No,No,No,No,Yes,Month-to-month,Yes,Electronic check,84.0,613.4,1,0-12,0,3,1,76.675,2
9971-ZWPBF,Male,1,Yes,Yes,34,Yes,Yes,Fiber optic,No,Yes,Yes,Yes,Yes,Yes,Month-to-month,Yes,Electronic check,108.9,3625.2,0,24-36,0,7,1,106.62352941176471,2
4712-AUQZO,Male,0,No,No,18,No,No,DSL,Yes,No,Yes,No,No,No,Month-to-month,No,Mailed check,33.6,550.35,0,12-24,0,2,0,30.575000000000003,2
9711-FJTBX,Male,0,Yes,Yes,56,Yes,No,Fiber optic,No,Yes,Yes,Yes,No,No,One year,Yes,Mailed check,85.85,4793.8,0,48-60,0,4,1,85.60357142857143,1
2908-ZTPNF,Female,0,No,No,36,No,No,DSL,No,Yes,No,Yes,No,No,Month-to-month,Yes,Bank transfer (automatic),34.85,1267.2,0,24-36,0,2,0,35.2,2
7240-ETPTR,Female,0,Yes,No,9,No,No,DSL,No,No,Yes,No,Yes,Yes,Month-to-month,Yes,Electronic check,48.75,442.2,1,0-12,0,3,0,49.13333333333333,2
2202-CUYXZ,Male,0,No,No,1,Yes,No,Fiber optic,No,No,Yes,No,Yes,No,Month-to-month,Yes,Electronic check,84.85,84.85,1,0-12,1,3,1,84.85,2
5995-OIGLP,Male,0,No,No,12,Yes,No,DSL,Yes,No,No,Yes,No,No,Month-to-month,No,Mailed check,56.65,654.85,1,0-12,0,3,1,54.57083333333333,2
8421-WZOOW,Female,1,Yes,Yes,57,Yes,No,Fiber optic,No,Yes,Yes,Yes,Yes,No,Month-to-month,Yes,Credit card (automatic),95.3,5567.45,0,48-60,0,5,1,97.67456140350878,2
6261-RCVNS,Female,0,No,No,42,Yes,No,DSL,Yes,Yes,Yes,Yes,No,Yes,One year,No,Credit card (automatic),73.9,3160.55,1,36-48,0,6,1,75.25119047619049,1
7951-QKZPL,Female,0,Yes,Yes,33,Yes,Yes,No,No,No,No,No,No,No,Two year,Yes,Mailed check,24.5,740.3,1,24-36,0,2,0,22.433333333333334,0
1414-YADCW,Male,0,Yes,No,70,Yes,No,Fiber optic,Yes,Yes,No,Yes,No,No,Two year,No,Bank transfer (automatic),84.6,5706.2,0,60-72,0,4,1,81.51714285714286,0
8756-RDDLT,Female,0,No,No,68,No,No,DSL,No,Yes,No,Yes,No,Yes,Month-to-month,No,Electronic check,44.95,3085.35,0,60-72,0,3,0,45.37279411764706,2
2862-PFNIK,Male,0,No,Yes,1,No,No,DSL,No,No,No,No,No,No,Month-to-month,Yes,Electronic check,24.7,24.7,0,0-12,1,0,0,24.7,2
5816-QVHRX,Female,0,No,No,37,Yes,Yes,Fiber optic,No,No,No,Yes,Yes,Yes,Month-to-month,No,Credit card (automatic),100.3,3541.4,0,36-48,0,5,1,95.71351351351352,2
4430-YHXGG,Female,0,No,Yes,4,Yes,Yes,No,No,No,No,No,No,No,Month-to-month,Yes,Mailed check,25.45,84.2,0,0-12,1,2,0,21.05,2
6888-SBYAI,Male,0,No,No,1,Yes,No,DSL,Yes,No,No,No,No,No,Month-to-month,Yes,Mailed check,50.7,50.7,0,0-12,1,2,1,50.7,2
7395-XWZOY,Male,0,No,No,20,No,No,DSL,Yes,Yes,Yes,Yes,Yes,No,Month-to-month,Yes,Credit card (automatic),55.0,1165.55,0,12-24,0,5,0,58.277499999999996,2
7169-YWAMK,Male,0,Yes,Yes,72,Yes,No,DSL,Yes,Yes,No,Yes,Yes,No,Two year,No,Bank transfer (automatic),68.4,4855.35,0,60-72,0,5,1,67.43541666666667,0
3640-PHQXK,Female,0,No,No,31,Yes,Yes,Fiber optic,No,No,Yes,No,No,Yes,Month-to-month,Yes,Electronic check,89.9,2806.9,1,24-36,0,4,1,90.54516129032258,2
6877-LGWXO,Male,1,Yes,No,18,Yes,No,Fiber optic,No,No,No,No,No,Yes,Month-to-month,No,Electronic check,78.55,1422.65,1,12-24,0,2,1,79.03611111111111,2
6859-RKMZJ,Male,0,Yes,No,11,Yes,No,DSL,No,No,No,No,Yes,No,Month-to-month,Yes,Bank transfer (automatic),55.05,608.15,0,0-12,0,2,1,55.28636363636363,2
2729-VNVAP,Female,0,Yes,Yes,33,Yes,No,No,No,No,No,No,No,No,Two year,No,Credit card (automatic),19.8,641.35,0,24-36,0,1,0,19.434848484848487,0
2957-JIRMN,Female,1,No,No,62,Yes,Yes,Fiber optic,No,No,No,No,Yes,No,One year,No,Electronic check,84.45,4959.15,0,60-72,0,3,1,79.98629032258064,1
2049-BAFNW,Female,0,No,No,1,No,No,DSL,No,No,Yes,Yes,No,No,Month-to-month,No,Mailed check,35.9,35.9,0,0-12,1,2,0,35.9,2
3842-QTGDL,Male,0,Yes,No,16,Yes,No,Fiber optic,Yes,Yes,No,No,No,No,Month-to-month,No,Bank transfer (automatic),80.75,1321.3,0,12-24,0,3,1,82.58125,2
7163-OCEQI,Male,0,Yes,Yes,22,Yes,Yes,DSL,No,No,Yes,Yes,Yes,Yes,One year,Yes,Mailed check,78.65,1663.75,0,12-24,0,6,1,75.625,1
9782-LGXMC,Female,0,Yes,Yes,49,Yes,No,DSL,Yes,No,Yes,Yes,No,No,Month-to-month,No,Bank transfer (automatic),61.75,3024.15,0,48-60,0,4,1,61.71734693877551,2
5975-BAICR,Male,0,Yes,Yes,36,Yes,No,DSL,Yes,No,Yes,No,No,Yes,One year,Yes,Credit card (automatic),63.7,2188.5,0,24-36,0,4,1,60.791666666666664,1
8019-ENHXU,Male,0,Yes,No,42,Yes,Yes,Fiber optic,No,Yes,Yes,Yes,No,Yes,Month-to-month,Yes,Electronic check,99.45,4138.05,1,36-48,0,6,1,98.525,2
5167-GBFRE,Male,1,No,No,4,No,No,DSL,No,No,No,No,No,No,Month-to-month,Yes,Bank transfer (automatic),25.2,102.5,1,0-12,1,0,0,25.625,2
9033-EOXWV,Female,0,No,No,12,Yes,Yes,DSL,No,No,No,Yes,Yes,Yes,One year,No,Mailed check,74.05,872.65,1,0-12,0,5,1,72.72083333333333,1
4673-KKSLS,Female,0,No,No,31,Yes,No,Fiber optic,Yes,No,Yes,Yes,No,No,Month-to-month,No,Electronic check,87.6,2724.25,0,24-36,0,4,1,87.87903225806451,2
4853-OITSN,Male,0,Yes,No,5,Yes,Yes,Fiber optic,Yes,No,No,No,No,Yes,Month-to-month,Yes,Electronic check,89.15,413.25,0,0-12,1,4,1,82.65,2
9800-OUIGR,Male,0,Yes,Yes,66,Yes,No,No,No,No,No,No,No,No,Two year,No,Credit card (automatic),20.0,1374.2,0,60-72,0,1,0,20.82121212121212,0
1324-NLTJE,Female,1,No,No,15,Yes,Yes,DSL,No,No,No,Yes,No,No,Month-to-month,No,Credit card (automatic),55.0,757.1,1,12-24,0,3,1,50.473333333333336,2
2324-EFHVG,Male,0,No,No,64,Yes,Yes,Fiber optic,No,Yes,Yes,No,Yes,Yes,Two year,Yes,Bank transfer (automatic),104.4,6692.65,0,60-72,0,6,1,104.57265625,0
7094-MSZAO,Male,0,Yes,Yes,10,Yes,No,No,No,No,No,No,No,No,Month-to-month,Yes,Credit card (automatic),20.05,218.5,0,0-12,0,1,0,21.85,2
1522-VVDMG,Male,0,Yes,Yes,7,Yes,No,Fiber optic,No,Yes,No,Yes,Yes,No,Month-to-month,Yes,Electronic check,89.75,608.8,1,0-12,0,4,1,86.97142857142856,2
6907-CQGPN,Male,0,No,No,29,No,No,DSL,No,Yes,No,Yes,No,No,Month-to-month,No,Electronic check,34.3,1004.75,0,24-36,0,2,0,34.64655172413793,2
0780-XNZFN,Male,0,No,No,57,Yes,No,No,No,No,No,No,No,No,Two year,No,Bank transfer (automatic),20.65,1125.6,0,48-60,0,1,0,19.74736842105263,0
0239-OXEXL,Female,0,No,No,46,Yes,Yes,Fiber optic,Yes,Yes,No,No,No,No,Month-to-month,No,Mailed check,84.25,3847.6,0,36-48,0,4,1,83.64347826086956,2
2675-IJRGJ,Male,0,No,No,53,Yes,No,No,No,No,No,No,No,No,Two year,No,Bank transfer (automatic),19.65,978.0,0,48-60,0,1,0,18.452830188679247,0
7049-GKVZY,Female,0,No,No,17,Yes,No,DSL,Yes,Yes,No,Yes,Yes,Yes,One year,No,Credit card (automatic),79.85,1387.35,0,12-24,0,6,1,81.60882352941177,1
8577-QSOCG,Female,0,Yes,Yes,38,Yes,No,No,No,No,No,No,No,No,Two year,Yes,Mailed check,20.2,746.05,0,36-48,0,1,0,19.632894736842104,0
3721-CNZHX,Male,0,No,No,15,Yes,No,No,No,No,No,No,No,No,One year,No,Mailed check,19.8,304.6,0,12-24,0,1,0,20.30666666666667,1
0212-ISBBF,Female,0,No,No,22,No,No,DSL,No,Yes,No,No,Yes,Yes,Month-to-month,Yes,Electronic check,50.35,1098.85,0,12-24,0,3,0,49.94772727272727,2
9185-TQCVP,Male,0,Yes,No,14,Yes,Yes,Fiber optic,No,No,No,No,No,Yes,Month-to-month,Yes,Electronic check,85.15,1139.2,1,12-24,0,3,1,81.37142857142858,2
3585-YNADK,Female,0,Yes,No,57,Yes,Yes,DSL,No,Yes,Yes,Yes,Yes,No,One year,No,Bank transfer (automatic),74.6,4368.95,0,48-60,0,6,1,76.64824561403509,1
5271-DBYSJ,Male,1,No,No,11,Yes,No,Fiber optic,No,No,No,No,No,Yes,Month-to-month,Yes,Credit card (automatic),79.15,827.7,0,0-12,0,2,1,75.24545454545455,2
1099-GODLO,Female,0,Yes,Yes,1,Yes,No,No,No,No,No,No,No,No,Two year,No,Mailed check,20.35,20.35,0,0-12,1,1,0,20.35,0
6828-HMKWP,Male,0,Yes,Yes,12,Yes,No,No,No,No,No,No,No,No,Two year,No,Bank transfer (automatic),21.05,262.05,0,0-12,0,1,0,21.837500000000002,0
5567-WSELE,Male,1,Yes,No,3,Yes,Yes,Fiber optic,No,No,No,No,Yes,Yes,Month-to-month,Yes,Electronic check,94.6,279.55,1,0-12,1,4,1,93.18333333333334,2
1472-TNCWL,Male,0,No,Yes,36,Yes,No,Fiber optic,No,Yes,No,No,Yes,Yes,Month-to-month,Yes,Electronic check,94.7,3512.5,0,24-36,0,4,1,97.56944444444444,2
8063-RJYNF,Male,0,No,No,16,Yes,No,Fiber optic,Yes,No,No,No,Yes,Yes,Month-to-month,Yes,Electronic check,94.25,1483.25,1,12-24,0,4,1,92.703125,2
0687-ZVTHB,Male,0,Yes,Yes,65,Yes,Yes,DSL,Yes,Yes,Yes,No,No,Yes,One year,No,Credit card (automatic),72.45,4653.85,1,60-72,0,6,1,71.59769230769231,1
2080-GKCWQ,Male,0,No,No,2,Yes,No,Fiber optic,No,Yes,No,No,No,No,Month-to-month,No,Electronic check,74.95,151.75,0,0-12,1,2,1,75.875,2
9661-ACXBS,Female,0,No,No,42,Yes,Yes,Fiber optic,Yes,No,Yes,No,Yes,Yes,Month-to-month,Yes,Electronic check,105.2,4400.75,1,36-48,0,6,1,104.7797619047619,2
2193-SFWQW,Male,0,Yes,Yes,72,Yes,No,Fiber optic,Yes,Yes,Yes,Yes,Yes,Yes,Two year,No,Bank transfer (automatic),111.95,8033.1,0,60-72,0,7,1,111.57083333333334,0
5656-JAMLX,Male,0,No,No,62,Yes,No,No,No,No,No,No,No,No,Two year,No,Bank transfer (automatic),19.85,1253.65,0,60-72,0,1,0,20.220161290322583,0
3462-BJQQA,Female,0,No,No,6,Yes,Yes,Fiber optic,No,Yes,No,No,Yes,No,Month-to-month,Yes,Electronic check,89.75,552.65,0,0-12,1,4,1,92.10833333333333,2
0442-TDYUO,Male,0,Yes,No,48,Yes,No,No,No,No,No,No,No,No,Two year,Yes,Mailed check,20.05,1036.0,0,36-48,0,1,0,21.583333333333332,0
6733-LRIZX,Male,0,No,No,35,Yes,Yes,Fiber optic,Yes,No,Yes,Yes,Yes,Yes,Two year,Yes,Electronic check,108.95,4025.5,0,24-36,0,7,1,115.01428571428572,0
9503-XJUME,Male,0,No,Yes,52,Yes,No,No,No,No,No,No,No,No,One year,No,Credit card (automatic),19.65,928.4,0,48-60,0,1,0,17.853846153846153,1
4367-NHWMM,Female,0,No,No,1,No,No,DSL,No,No,No,No,No,No,Month-to-month,Yes,Mailed check,24.9,24.9,0,0-12,1,0,0,24.9,2
3727-RJMEO,Male,0,Yes,No,6,Yes,Yes,Fiber optic,No,No,No,No,Yes,No,Month-to-month,Yes,Electronic check,82.85,460.25,1,0-12,1,3,1,76.70833333333333,2
3779-OSWCF,Female,0,Yes,No,71,Yes,Yes,DSL,Yes,Yes,Yes,Yes,Yes,Yes,Two year,No,Credit card (automatic),93.2,6506.15,0,60-72,0,8,1,91.63591549295774,0
6736-DHUQI,Female,0,Yes,Yes,67,Yes,No,Fiber optic,Yes,Yes,Yes,No,No,No,One year,No,Bank transfer (automatic),84.8,5598.3,0,60-72,0,4,1,83.55671641791045,1
3915-ODIYG,Male,1,No,No,60,Yes,Yes,DSL,Yes,Yes,No,No,No,Yes,One year,Yes,Electronic check,71.75,4374.55,0,48-60,0,5,1,72.90916666666666,1
1360-RCYRT,Male,0,Yes,Yes,23,No,No,DSL,No,No,No,Yes,No,No,Month-to-month,Yes,Bank transfer (automatic),30.35,678.75,0,12-24,0,1,0,29.51086956521739,2
2724-FJDYW,Male,0,No,Yes,39,No,No,DSL,No,No,Yes,Yes,Yes,Yes,One year,No,Bank transfer (automatic),54.85,2191.7,0,36-48,0,4,0,56.197435897435895,1
4451-RWASJ,Male,0,Yes,Yes,15,Yes,No,No,No,No,No,No,No,No,One year,Yes,Mailed check,19.5,239.75,0,12-24,0,1,0,15.983333333333333,1
6646-VRFOL,Male,1,Yes,No,53,Yes,Yes,Fiber optic,No,Yes,Yes,No,Yes,Yes,Month-to-month,Yes,Electronic check,103.85,5485.5,1,48-60,0,6,1,103.5,2
3460-TJBWI,Male,0,Yes,Yes,24,Yes,Yes,No,No,No,No,No,No,No,Two year,No,Mailed check,24.2,609.05,0,12-24,0,2,0,25.37708333333333,0
5917-HBSDW,Female,0,Yes,Yes,37,Yes,No,No,No,No,No,No,No,No,Month-to-month,No,Electronic check,19.35,683.75,0,36-48,0,1,0,18.47972972972973,2
5685-IIXLY,Female,0,Yes,Yes,5,Yes,No,Fiber optic,No,Yes,No,No,No,Yes,Month-to-month,Yes,Electronic check,83.6,404.2,1,0-12,1,3,1,80.84,2
5671-UUNXD,Female,1,Yes,No,50,Yes,Yes,Fiber optic,No,No,No,Yes,Yes,Yes,One year,Yes,Electronic check,100.65,5189.75,0,48-60,0,5,1,103.795,1
0956-ACVZC,Female,0,No,No,54,Yes,No,Fiber optic,No,No,Yes,No,Yes,Yes,One year,Yes,Credit card (automatic),94.1,5060.9,0,48-60,0,4,1,93.72037037037036,1
2325-NBPZG,Female,0,No,No,3,Yes,No,Fiber optic,Yes,No,No,No,No,No,Month-to-month,Yes,Electronic check,74.55,233.65,0,0-12,1,2,1,77.88333333333334,2
4250-ZBWLV,Male,0,No,No,68,Yes,Yes,Fiber optic,No,Yes,Yes,Yes,Yes,Yes,One year,No,Electronic check,108.45,7176.55,1,60-72,0,7,1,105.53750000000001,1
4482-FTFFX,Male,0,No,No,5,Yes,No,DSL,No,No,Yes,Yes,No,No,Month-to-month,No,Electronic check,56.15,291.45,0,0-12,1,3,1,58.29,2
8859-DZTGQ,Male,0,No,No,33,Yes,No,No,No,No,No,No,No,No,Two year,No,Mailed check,20.35,689.75,0,24-36,0,1,0,20.901515151515152,0
0440-MOGPM,Female,0,No,No,41,Yes,Yes,DSL,No,Yes,Yes,No,Yes,Yes,One year,Yes,Electronic check,80.55,3263.9,0,36-48,0,6,1,79.60731707317073,1
0020-JDNXP,Female,0,Yes,Yes,34,No,No,DSL,Yes,No,Yes,Yes,Yes,Yes,One year,No,Mailed check,61.25,1993.2,0,24-36,0,5,0,58.62352941176471,1
3752-CQSJI,Female,0,Yes,Yes,13,Yes,No,No,No,No,No,No,No,No,Month-to-month,Yes,Mailed check,20.45,254.5,0,12-24,0,1,0,19.576923076923077,2
5025-GOOKI,Female,0,No,No,20,Yes,No,No,No,No,No,No,No,No,Month-to-month,Yes,Credit card (automatic),18.9,347.65,0,12-24,0,1,0,17.3825,2
4698-KVLLG,Female,1,No,No,51,Yes,No,No,No,No,No,No,No,No,Two year,No,Credit card (automatic),19.6,967.9,0,48-60,0,1,0,18.978431372549018,0
5095-AESKG,Female,0,Yes,No,3,Yes,Yes,Fiber optic,No,Yes,No,No,No,Yes,Month-to-month,Yes,Credit card (automatic),91.5,242.95,1,0-12,1,4,1,80.98333333333333,2
2887-JPYLU,Female,0,No,Yes,41,Yes,No,DSL,No,No,No,No,No,No,Month-to-month,No,Bank transfer (automatic),45.2,1841.9,0,36-48,0,1,1,44.924390243902444,2
4770-QAZXN,Female,0,No,No,13,Yes,No,No,No,No,No,No,No,No,Month-to-month,No,Credit card (automatic),19.45,232.1,0,12-24,0,1,0,17.853846153846153,2
4896-CPRPF,Male,0,Yes,Yes,35,Yes,Yes,No,No,No,No,No,No,No,Two year,No,Bank transfer (automatic),25.45,809.25,0,24-36,0,2,0,23.12142857142857,0
1871-MOWRM,Male,0,Yes,No,12,Yes,No,Fiber optic,Yes,No,No,Yes,No,No,Month-to-month,No,Bank transfer (automatic),80.85,866.45,1,0-12,0,3,1,72.20416666666667,2
9714-EDSUC,Male,0,No,No,4,Yes,No,Fiber optic,Yes,Yes,No,Yes,No,Yes,Month-to-month,Yes,Mailed check,94.9,360.55,0,0-12,1,5,1,90.1375,2
2027-OAQQC,Female,0,No,No,43,No,No,DSL,No,No,Yes,No,Yes,Yes,Month-to-month,Yes,Bank transfer (automatic),49.05,2076.2,1,36-48,0,3,0,48.283720930232555,2
0282-NVSJS,Female,1,Yes,Yes,12,No,No,DSL,No,No,No,Yes,No,No,Month-to-month,Yes,Mailed check,29.3,355.9,0,0-12,0,1,0,29.65833333333333,2
9090-SGQXL,Male,1,Yes,No,68,Yes,Yes,Fiber optic,No,Yes,Yes,No,Yes,Yes,Month-to-month,Yes,Electronic check,105.3,7299.65,1,60-72,0,6,1,107.34779411764706,2
6595-YGXIT,Male,1,No,No,25,Yes,Yes,Fiber optic,No,Yes,No,No,Yes,No,Month-to-month,Yes,Electronic check,88.95,2291.2,1,24-36,0,4,1,91.648,2
7353-YOWFP,Female,0,No,No,7,Yes,No,No,No,No,No,No,No,No,One year,No,Mailed check,20.25,129.15,0,0-12,0,1,0,18.45,1
9835-ZIITK,Male,1,Yes,No,66,Yes,Yes,Fiber optic,No,Yes,Yes,Yes,Yes,Yes,One year,Yes,Electronic check,110.85,7491.75,1,60-72,0,7,1,113.51136363636364,1
8008-ESFLK,Female,0,Yes,No,53,Yes,No,Fiber optic,Yes,Yes,Yes,Yes,Yes,Yes,One year,No,Electronic check,110.5,5835.5,0,48-60,0,7,1,110.10377358490567,1
7537-CBQUZ,Male,1,No,No,63,Yes,Yes,Fiber optic,Yes,Yes,Yes,No,Yes,Yes,Month-to-month,Yes,Bank transfer (automatic),109.4,7031.45,0,60-72,0,7,1,111.61031746031746,2
1555-DJEQW,Female,0,Yes,Yes,70,Yes,Yes,Fiber optic,Yes,Yes,Yes,Yes,Yes,Yes,Two year,Yes,Bank transfer (automatic),114.2,7723.9,1,60-72,0,8,1,110.34142857142857,0
5649-TJHOV,Male,1,Yes,No,27,No,No,DSL,No,No,No,No,No,Yes,Month-to-month,No,Bank transfer (automatic),36.5,1032.0,1,24-36,0,1,0,38.22222222222222,2
0519-XUZJU,Female,0,No,No,1,Yes,No,Fiber optic,No,No,No,No,No,No,Month-to-month,No,Mailed check,70.75,70.75,1,0-12,1,1,1,70.75,2
3363-EWLGO,Female,0,No,No,5,Yes,No,No,No,No,No,No,No,No,Month-to-month,No,Mailed check,19.95,109.6,0,0-12,1,1,0,21.919999999999998,2
4750-UKWJK,Female,1,Yes,No,37,Yes,No,No,No,No,No,No,No,No,One year,No,Mailed check,19.6,727.8,0,36-48,0,1,0,19.67027027027027,1
6338-AVWCY,Male,0,No,No,3,No,No,DSL,No,No,Yes,No,Yes,No,Month-to-month,Yes,Mailed check,40.15,130.75,1,0-12,1,2,0,43.583333333333336,2
1689-YQBYY,Female,0,No,Yes,12,Yes,Yes,Fiber optic,No,No,No,No,No,No,Month-to-month,Yes,Electronic check,76.6,893.0,0,0-12,0,2,1,74.41666666666667,2
4487-ZYJZK,Female,0,Yes,Yes,38,Yes,No,No,No,No,No,No,No,No,One year,No,Credit card (automatic),19.6,763.1,0,36-48,0,1,0,20.08157894736842,1
2959-FENLU,Female,0,No,No,9,Yes,No,Fiber optic,No,No,Yes,No,No,Yes,Month-to-month,Yes,Credit card (automatic),85.3,781.4,0,0-12,0,3,1,86.82222222222222,2
0708-LGSMF,Male,0,Yes,No,13,Yes,Yes,DSL,Yes,No,No,No,No,Yes,Month-to-month,Yes,Electronic check,65.85,902.25,0,12-24,0,4,1,69.40384615384616,2
9253-QXKBE,Male,1,Yes,No,29,Yes,Yes,Fiber optic,No,No,No,No,Yes,Yes,Month-to-month,Yes,Electronic check,94.45,2653.65,1,24-36,0,4,1,91.5051724137931,2
7634-HLQJR,Female,0,Yes,Yes,47,Yes,No,No,No,No,No,No,No,No,Two year,No,Credit card (automatic),20.05,1016.7,0,36-48,0,1,0,21.631914893617022,0
0487-RPVUM,Male,0,Yes,No,61,Yes,Yes,Fiber optic,Yes,No,Yes,Yes,Yes,No,Month-to-month,No,Bank transfer (automatic),99.4,5943.65,0,60-72,0,6,1,97.43688524590164,2
4079-ULGFR,Male,0,No,No,16,Yes,No,No,No,No,No,No,No,No,Month-to-month,No,Mailed check,20.0,275.7,0,12-24,0,1,0,17.23125,2
2516-XSJKX,Female,0,Yes,Yes,41,Yes,No,DSL,Yes,Yes,No,Yes,Yes,Yes,Two year,No,Electronic check,78.45,3126.45,0,36-48,0,6,1,76.25487804878048,0
0057-QBUQH,Female,0,No,Yes,43,Yes,Yes,No,No,No,No,No,No,No,Two year,Yes,Electronic check,25.1,1070.15,0,36-48,0,2,0,24.887209302325584,0
9445-SZLCH,Female,0,Yes,Yes,36,Yes,Yes,Fiber optic,No,Yes,Yes,No,Yes,No,Month-to-month,Yes,Bank transfer (automatic),97.35,3457.9,1,24-36,0,5,1,96.05277777777778,2
6599-SFQVE,Female,0,No,No,6,Yes,No,DSL,No,No,No,No,No,Yes,Month-to-month,Yes,Electronic check,55.0,340.4,0,0-12,1,2,1,56.73333333333333,2
8331-ZXFOE,Female,0,No,No,58,Yes,Yes,DSL,Yes,Yes,Yes,Yes,No,No,One year,Yes,Credit card (automatic),71.1,4299.2,0,48-60,0,6,1,74.12413793103448,1
4003-FUSHP,Male,0,No,No,19,Yes,No,DSL,No,No,No,Yes,Yes,No,Month-to-month,Yes,Credit card (automatic),61.55,1093.2,0,12-24,0,3,1,57.53684210526316,2
0356-ERHVT,Male,0,Yes,No,11,Yes,No,DSL,No,No,No,No,No,No,Month-to-month,Yes,Bank transfer (automatic),45.9,521.9,0,0-12,0,1,1,47.445454545454545,2
7325-ENZFI,Female,0,No,No,39,No,No,DSL,Yes,Yes,No,Yes,No,No,One year,Yes,Bank transfer (automatic),40.3,1630.4,0,36-48,0,3,0,41.805128205128206,1
4884-ZTHVF,Female,1,No,No,8,Yes,No,Fiber optic,No,Yes,No,No,Yes,No,Month-to-month,Yes,Electronic check,87.1,713.6,0,0-12,0,3,1,89.2,2
3920-HIHMQ,Female,0,No,Yes,26,Yes,Yes,DSL,No,No,No,No,No,No,Month-to-month,Yes,Mailed check,49.5,1265.65,0,24-36,0,2,1,48.67884615384616,2
3055-OYMSE,Female,1,No,No,53,Yes,No,Fiber optic,No,Yes,No,No,No,No,Month-to-month,Yes,Credit card (automatic),73.8,4003.85,0,48-60,0,2,1,75.5443396226415,2
0613-WUXUM,Female,0,Yes,Yes,70,Yes,No,No,No,No,No,No,No,No,Two year,Yes,Mailed check,19.2,1401.4,0,60-72,0,1,0,20.02,0
7568-PODML,Male,0,No,No,1,No,No,DSL,No,No,No,No,Yes,Yes,Month-to-month,Yes,Mailed check,45.3,45.3,1,0-12,1,2,0,45.3,2
4458-KVRBJ,Male,0,No,No,59,Yes,Yes,No,No,No,No,No,No,No,Two year,No,Mailed check,25.0,1510.5,0,48-60,0,2,0,25.60169491525424,0
5349-IECLD,Male,0,No,No,2,Yes,No,Fiber optic,No,No,Yes,No,Yes,Yes,Month-to-month,No,Electronic check,94.95,178.1,1,0-12,1,4,1,89.05,2
1397-XKKWR,Male,0,No,No,7,No,No,DSL,Yes,No,Yes,No,No,No,One year,No,Mailed check,35.3,264.8,0,0-12,0,2,0,37.82857142857143,1
3945-GFWQL,Female,0,No,Yes,12,Yes,No,DSL,No,No,No,No,No,No,Month-to-month,Yes,Electronic check,44.55,480.6,1,0-12,0,1,1,40.050000000000004,2
8097-OMULG,Male,0,Yes,Yes,59,Yes,No,DSL,No,Yes,Yes,Yes,Yes,Yes,One year,No,Credit card (automatic),76.75,4541.9,0,48-60,0,6,1,76.98135593220339,1
6013-BHCAW,Male,0,Yes,Yes,61,Yes,Yes,DSL,No,No,Yes,Yes,Yes,Yes,Two year,Yes,Bank transfer (automatic),81.0,4976.15,0,60-72,0,6,1,81.57622950819672,0
0401-WDBXM,Male,0,Yes,Yes,72,Yes,Yes,Fiber optic,Yes,No,Yes,No,Yes,Yes,Two year,Yes,Bank transfer (automatic),105.55,7542.25,0,60-72,0,6,1,104.75347222222223,0
3387-PLKUI,Female,0,Yes,Yes,13,Yes,No,No,No,No,No,No,No,No,Month-to-month,No,Mailed check,18.8,251.25,0,12-24,0,1,0,19.326923076923077,2
6096-EGVTU,Female,0,Yes,Yes,64,Yes,Yes,No,No,No,No,No,No,No,One year,No,Mailed check,24.9,1595.5,0,60-72,0,2,0,24.9296875,1
3797-VTIDR,Male,0,Yes,No,1,No,No,DSL,No,No,No,No,No,No,Month-to-month,Yes,Electronic check,23.45,23.45,1,0-12,1,0,0,23.45,2
5081-NWSUP,Female,0,No,No,10,Yes,No,DSL,No,Yes,No,Yes,No,Yes,One year,No,Mailed check,64.9,685.55,0,0-12,0,4,1,68.55499999999999,1
2580-ATZSQ,Female,0,Yes,Yes,65,Yes,No,DSL,Yes,Yes,Yes,No,No,No,One year,No,Bank transfer (automatic),61.35,3874.1,0,60-72,0,4,1,59.60153846153846,1
8085-MSNLK,Female,0,Yes,No,62,Yes,Yes,Fiber optic,Yes,Yes,Yes,Yes,Yes,Yes,Two year,No,Mailed check,113.95,6891.4,0,60-72,0,8,1,111.1516129032258,0
9691-HKOVS,Female,0,Yes,No,55,Yes,Yes,DSL,Yes,Yes,Yes,Yes,Yes,Yes,One year,Yes,Electronic check,90.15,4916.95,0,48-60,0,8,1,89.3990909090909,1
9881-VCZEP,Female,0,Yes,No,25,Yes,Yes,DSL,No,Yes,No,No,No,No,Month-to-month,No,Electronic check,54.1,1373.0,0,24-36,0,3,1,54.92,2
9526-BIHHD,Male,0,No,No,1,No,No,DSL,Yes,No,No,No,No,No,Month-to-month,No,Mailed check,29.7,29.7,1,0-12,1,1,0,29.7,2
8757-TFHHJ,Male,0,No,No,1,Yes,No,DSL,Yes,No,No,No,No,No,Month-to-month,Yes,Credit card (automatic),49.8,49.8,0,0-12,1,2,1,49.8,2
4523-WXCEF,Female,0,Yes,No,59,Yes,Yes,Fiber optic,No,Yes,No,No,Yes,Yes,Month-to-month,No,Electronic check,101.1,6039.9,1,48-60,0,5,1,102.37118644067796,2
1468-DEFNC,Male,1,Yes,Yes,64,Yes,Yes,No,No,No,No,No,No,No,Two year,Yes,Bank transfer (automatic),24.4,1548.65,0,60-72,0,2,0,24.19765625,0
5119-KEPFY,Male,0,Yes,No,36,Yes,Yes,Fiber optic,No,No,No,No,Yes,Yes,Month-to-month,Yes,Bank transfer (automatic),95.0,3440.25,0,24-36,0,4,1,95.5625,2
8364-TRMMK,Female,0,No,No,3,Yes,Yes,DSL,No,No,No,No,No,No,Month-to-month,Yes,Mailed check,50.65,151.3,1,0-12,1,2,1,50.43333333333334,2
0916-KNFAJ,Male,0,Yes,No,61,Yes,Yes,DSL,Yes,No,Yes,No,No,Yes,Two year,Yes,Mailed check,69.9,4226.7,0,60-72,0,5,1,69.29016393442623,0
8319-QBEHW,Male,0,No,Yes,26,No,No,DSL,No,Yes,No,No,Yes,No,One year,Yes,Bank transfer (automatic),39.95,1023.75,0,24-36,0,2,0,39.375,1
3063-QFSZL,Female,0,No,No,1,Yes,No,DSL,No,No,No,No,No,Yes,Month-to-month,Yes,Electronic check,55.4,55.4,1,0-12,1,2,1,55.4,2
8775-LHDJH,Female,1,Yes,No,1,Yes,Yes,Fiber optic,No,Yes,No,No,Yes,No,Month-to-month,Yes,Electronic check,90.6,90.6,1,0-12,1,4,1,90.6,2
9625-QNLUX,Male,0,Yes,Yes,68,Yes,No,Fiber optic,Yes,Yes,Yes,No,Yes,Yes,Two year,Yes,Credit card (automatic),103.25,7074.4,0,60-72,0,6,1,104.03529411764706,0
3097-NQYSN,Male,1,Yes,No,2,Yes,Yes,Fiber optic,No,No,No,No,Yes,No,Month-to-month,Yes,Mailed check,86.85,156.35,1,0-12,1,3,1,78.175,2
4024-CSNBY,Female,0,Yes,No,72,Yes,Yes,Fiber optic,Yes,Yes,Yes,Yes,No,No,Two year,Yes,Bank transfer (automatic),94.25,6849.75,0,60-72,0,6,1,95.13541666666667,0
7110-BDTWG,Female,0,Yes,No,71,No,No,DSL,No,No,Yes,Yes,No,Yes,Two year,Yes,Electronic check,47.05,3263.6,0,60-72,0,3,0,45.96619718309859,0
7493-GVFIO,Male,0,No,No,57,Yes,No,No,No,No,No,No,No,No,Two year,No,Credit card (automatic),20.55,1252.85,0,48-60,0,1,0,21.979824561403507,0
0690-SRQID,Male,0,No,No,4,Yes,No,No,No,No,No,No,No,No,Month-to-month,Yes,Mailed check,19.65,67.55,0,0-12,1,1,0,16.8875,2
9605-WGJVW,Female,1,No,No,1,Yes,No,Fiber optic,No,No,No,No,No,No,Month-to-month,Yes,Electronic check,70.2,70.2,0,0-12,1,1,1,70.2,2
9114-DPSIA,Male,0,Yes,Yes,72,Yes,Yes,DSL,Yes,Yes,Yes,Yes,No,Yes,Two year,No,Credit card (automatic),81.0,5750.0,0,60-72,0,7,1,79.86111111111111,0
4700-UBQMV,Male,0,Yes,Yes,21,Yes,Yes,DSL,Yes,No,No,No,Yes,Yes,One year,Yes,Bank transfer (automatic),75.9,1549.75,0,12-24,0,5,1,73.79761904761905,1
7711-GQBZC,Female,0,Yes,Yes,71,Yes,Yes,No,No,No,No,No,No,No,Two year,No,Bank transfer (automatic),24.7,1810.55,0,60-72,0,2,0,25.500704225352113,0
3565-UNOCC,Female,1,Yes,No,29,Yes,Yes,Fiber optic,No,No,Yes,No,Yes,Yes,Month-to-month,Yes,Bank transfer (automatic),99.05,2952.85,1,24-36,0,5,1,101.82241379310345,2
4627-MIHJH,Female,1,No,No,69,Yes,Yes,Fiber optic,Yes,No,Yes,Yes,Yes,Yes,Two year,No,Credit card (automatic),110.25,7467.55,0,60-72,0,7,1,108.22536231884058,0
9795-NREXC,Female,0,Yes,No,64,Yes,Yes,DSL,Yes,No,Yes,Yes,Yes,Yes,Two year,Yes,Credit card (automatic),85.0,5484.4,0,60-72,0,7,1,85.69375,0
8573-CGOCC,Male,0,No,No,16,Yes,No,No,No,No,No,No,No,No,Month-to-month,No,Credit card (automatic),19.75,294.9,0,12-24,0,1,0,18.43125,2
7356-AYNJP,Female,0,No,No,4,Yes,Yes,No,No,No,No,No,No,No,One year,No,Electronic check,23.9,97.5,0,0-12,1,2,0,24.375,1
9249-FXSCK,Female,0,No,No,52,Yes,Yes,Fiber optic,Yes,Yes,No,Yes,Yes,Yes,One year,Yes,Credit card (automatic),111.25,5916.45,1,48-60,0,7,1,113.77788461538461,1
5493-SDRDQ,Male,0,No,No,2,Yes,No,DSL,Yes,No,Yes,No,No,No,Month-to-month,Yes,Mailed check,55.1,113.35,1,0-12,1,3,1,56.675,2
6286-SUUWT,Male,0,No,No,1,Yes,No,No,No,No,No,No,No,No,Month-to-month,No,Mailed check,19.95,19.95,0,0-12,1,1,0,19.95,2
4819-HJPIW,Male,0,No,No,18,No,No,DSL,No,No,No,No,No,No,Month-to-month,No,Mailed check,25.15,476.8,0,12-24,0,0,0,26.48888888888889,2
8654-DHAOW,Female,0,No,No,2,Yes,Yes,DSL,No,Yes,No,No,No,No,Month-to-month,No,Mailed check,54.15,101.65,0,0-12,1,3,1,50.825,2
5438-QMDDL,Female,0,Yes,No,19,Yes,No,DSL,No,Yes,No,No,No,Yes,Month-to-month,Yes,Mailed check,59.8,1130.85,0,12-24,0,3,1,59.518421052631574,2
9812-GHVRI,Female,0,No,No,40,Yes,Yes,Fiber optic,No,No,No,No,No,Yes,Month-to-month,No,Bank transfer (automatic),83.85,3532.25,0,36-48,0,3,1,88.30625,2
5553-AOINX,Female,1,Yes,Yes,66,Yes,Yes,Fiber optic,No,Yes,Yes,No,Yes,Yes,One year,Yes,Electronic check,104.9,6891.45,0,60-72,0,6,1,104.41590909090908,1
1228-ZLNBX,Male,0,No,No,21,Yes,Yes,Fiber optic,No,No,No,No,No,No,Month-to-month,No,Mailed check,75.3,1570.7,0,12-24,0,2,1,74.79523809523809,2
4226-KKDON,Male,0,No,No,8,Yes,No,DSL,No,Yes,No,Yes,Yes,No,Month-to-month,Yes,Electronic check,66.65,520.95,0,0-12,0,4,1,65.11875,2
3831-YCPUO,Female,0,Yes,Yes,72,Yes,No,Fiber optic,Yes,Yes,Yes,Yes,Yes,Yes,Two year,Yes,Credit card (automatic),109.5,7854.9,0,60-72,0,7,1,109.09583333333333,0
7445-WMRBW,Female,0,No,No,48,Yes,Yes,DSL,No,Yes,Yes,Yes,Yes,No,One year,Yes,Bank transfer (automatic),73.85,3581.4,0,36-48,0,6,1,74.6125,1
3308-DGHKL,Male,0,No,No,69,Yes,No,No,No,No,No,No,No,No,Two year,Yes,Bank transfer (automatic),19.3,1447.9,0,60-72,0,1,0,20.984057971014494,0
9924-JPRMC,Male,0,No,No,72,Yes,Yes,Fiber optic,Yes,Yes,Yes,Yes,Yes,Yes,Two year,Yes,Electronic check,118.2,8547.15,0,60-72,0,8,1,118.71041666666666,0
0080-EMYVY,Female,0,No,No,14,Yes,No,DSL,No,Yes,No,No,No,No,One year,No,Credit card (automatic),51.45,727.85,0,12-24,0,2,1,51.989285714285714,1
6218-KNUBD,Male,0,No,No,6,Yes,No,DSL,No,Yes,No,No,Yes,No,Month-to-month,No,Electronic check,59.45,357.6,0,0-12,1,3,1,59.6,2
7337-CINUD,Female,0,Yes,Yes,8,Yes,No,No,No,No,No,No,No,No,Two year,No,Bank transfer (automatic),19.5,159.35,0,0-12,0,1,0,19.91875,0
7609-NRNCA,Female,0,No,No,17,Yes,No,No,No,No,No,No,No,No,One year,No,Mailed check,19.55,280.85,0,12-24,0,1,0,16.52058823529412,1
0623-EJQEG,Male,0,No,No,65,Yes,Yes,Fiber optic,Yes,No,No,Yes,No,Yes,One year,No,Electronic check,93.55,6069.25,0,60-72,0,5,1,93.37307692307692,1
7153-CHRBV,Female,0,Yes,Yes,57,Yes,No,DSL,Yes,No,Yes,Yes,No,No,One year,Yes,Mailed check,59.3,3274.35,0,48-60,0,4,1,57.444736842105264,1
0871-URUWO,Male,0,Yes,No,13,Yes,Yes,Fiber optic,No,No,Yes,No,Yes,Yes,Month-to-month,Yes,Credit card (automatic),102.25,1359.0,1,12-24,0,5,1,104.53846153846153,2
9190-MFJLN,Male,1,No,No,19,Yes,No,Fiber optic,No,No,Yes,No,Yes,Yes,Month-to-month,Yes,Credit card (automatic),95.9,1777.9,1,12-24,0,4,1,93.57368421052632,2
6198-PNNSZ,Female,0,Yes,No,56,Yes,Yes,Fiber optic,Yes,Yes,Yes,No,Yes,Yes,One year,No,Bank transfer (automatic),109.8,6109.65,0,48-60,0,7,1,109.10089285714285,1
3317-VLGQT,Female,0,Yes,No,14,Yes,No,Fiber optic,No,No,No,No,No,Yes,Month-to-month,Yes,Electronic check,78.1,1122.4,0,12-24,0,2,1,80.17142857142858,2
4132-POCZS,Male,0,Yes,No,52,No,No,DSL,Yes,No,No,No,No,Yes,Month-to-month,Yes,Electronic check,39.9,2020.9,0,48-60,0,2,0,38.86346153846154,2
5614-DNZCE,Female,0,No,No,58,Yes,No,DSL,Yes,Yes,Yes,Yes,No,No,Two year,Yes,Credit card (automatic),64.9,3795.45,0,48-60,0,5,1,65.43879310344828,0
1095-JUDTC,Female,1,No,No,47,Yes,Yes,Fiber optic,No,Yes,No,Yes,Yes,No,Month-to-month,Yes,Electronic check,95.05,4504.55,1,36-48,0,5,1,95.84148936170213,2
3896-RCYYE,Female,0,No,No,67,No,No,DSL,No,No,Yes,Yes,Yes,Yes,Month-to-month,Yes,Credit card (automatic),53.4,3579.15,0,60-72,0,4,0,53.420149253731346,2
9638-JIQYA,Male,0,No,No,2,No,No,DSL,No,No,No,No,No,No,Month-to-month,Yes,Credit card (automatic),24.9,49.7,0,0-12,1,0,0,24.85,2
3258-SANFR,Male,1,No,No,6,Yes,No,DSL,No,No,No,No,No,No,Month-to-month,No,Credit card (automatic),44.7,276.5,0,0-12,1,1,1,46.083333333333336,2
3726-TBHQT,Male,0,Yes,Yes,71,Yes,Yes,Fiber optic,Yes,Yes,Yes,Yes,Yes,Yes,Two year,Yes,Bank transfer (automatic),114.0,8175.9,0,60-72,0,8,1,115.15352112676055,0
3190-ITQXP,Female,0,Yes,Yes,46,Yes,No,No,No,No,No,No,No,No,Two year,No,Bank transfer (automatic),20.25,890.35,0,36-48,0,1,0,19.355434782608697,0
0870-VEMYL,Female,0,No,No,5,Yes,No,DSL,Yes,No,No,Yes,No,No,Month-to-month,No,Credit card (automatic),53.85,259.8,1,0-12,1,3,1,51.96,2
4833-QTJNO,Male,1,Yes,No,67,Yes,Yes,Fiber optic,Yes,Yes,No,No,No,No,Month-to-month,No,Bank transfer (automatic),83.85,5588.8,0,60-72,0,4,1,83.41492537313434,2
3039-MJSLN,Male,0,No,Yes,3,Yes,No,No,No,No,No,No,No,No,Month-to-month,No,Bank transfer (automatic),20.2,50.6,0,0-12,1,1,0,16.866666666666667,2
0178-CIIKR,Female,0,No,No,3,Yes,No,No,No,No,No,No,No,No,Month-to-month,No,Mailed check,19.95,58.0,0,0-12,1,1,0,19.333333333333332,2
5385-SUIRI,Male,1,Yes,No,52,Yes,Yes,Fiber optic,Yes,No,Yes,No,Yes,Yes,Month-to-month,Yes,Electronic check,104.2,5568.35,1,48-60,0,6,1,107.08365384615385,2
3982-XWFZQ,Female,0,Yes,No,42,Yes,Yes,DSL,No,No,No,No,No,No,Month-to-month,Yes,Electronic check,50.25,2203.65,1,36-48,0,2,1,52.46785714285714,2
5774-QPLTF,Male,0,Yes,Yes,50,Yes,No,No,No,No,No,No,No,No,One year,Yes,Mailed check,20.35,938.95,0,48-60,0,1,0,18.779,1
2322-VCZHZ,Male,1,Yes,No,23,Yes,No,Fiber optic,Yes,Yes,No,No,No,Yes,Month-to-month,Yes,Electronic check,90.0,2024.1,0,12-24,0,4,1,88.00434782608696,2
5010-IPEAQ,Female,0,Yes,Yes,67,No,No,DSL,Yes,Yes,Yes,Yes,Yes,No,Two year,No,Credit card (automatic),54.2,3623.95,0,60-72,0,5,0,54.08880597014925,0
4009-ALQFH,Female,0,No,No,25,Yes,No,Fiber optic,No,Yes,Yes,No,Yes,Yes,Month-to-month,Yes,Electronic check,99.5,2369.05,1,24-36,0,5,1,94.762,2
6383-ZTSIW,Female,1,Yes,No,39,Yes,No,Fiber optic,Yes,Yes,No,No,Yes,Yes,One year,No,Mailed check,99.1,3877.95,0,36-48,0,5,1,99.43461538461538,1
8990-YOZLV,Female,0,No,No,69,Yes,Yes,DSL,Yes,Yes,No,Yes,No,No,Two year,Yes,Mailed check,66.9,4577.9,0,60-72,0,5,1,66.3463768115942,0
3069-SSVSN,Female,0,No,No,1,No,No,DSL,No,No,No,No,No,No,One year,No,Mailed check,25.85,25.85,0,0-12,1,0,0,25.85,1
5222-IMUKT,Male,0,No,No,32,Yes,No,Fiber optic,No,No,No,No,Yes,Yes,Month-to-month,No,Electronic check,91.05,2871.5,0,24-36,0,3,1,89.734375,2
3627-FCRDW,Female,0,No,No,9,Yes,No,Fiber optic,No,No,No,No,No,No,Month-to-month,No,Electronic check,71.0,672.55,1,0-12,0,1,1,74.72777777777777,2
7562-GSUHK,Female,0,No,No,16,Yes,No,Fiber optic,No,Yes,Yes,No,No,Yes,Month-to-month,Yes,Credit card (automatic),93.2,1573.7,1,12-24,0,4,1,98.35625,2
6685-XSHHU,Male,0,Yes,Yes,60,Yes,No,No,No,No,No,No,No,No,Two year,Yes,Bank transfer (automatic),20.95,1270.55,0,48-60,0,1,0,21.175833333333333,0
8901-UPRHR,Female,0,Yes,Yes,72,Yes,Yes,Fiber optic,No,Yes,Yes,Yes,Yes,Yes,Two year,Yes,Bank transfer (automatic),109.2,7711.45,0,60-72,0,7,1,107.10347222222222,0
4903-UYAVB,Male,0,Yes,No,5,Yes,No,No,No,No,No,No,No,No,Month-to-month,No,Mailed check,19.35,126.05,1,0-12,1,1,0,25.21,2
0118-JPNOY,Female,1,No,No,26,Yes,No,Fiber optic,Yes,No,No,No,Yes,No,Month-to-month,Yes,Credit card (automatic),85.8,2193.65,0,24-36,0,3,1,84.37115384615385,2
6776-TLWOI,Male,0,No,No,3,Yes,No,No,No,No,No,No,No,No,Month-to-month,No,Mailed check,19.85,64.55,1,0-12,1,1,0,21.516666666666666,2
3845-FXCYS,Male,0,No,No,2,Yes,No,No,No,No,No,No,No,No,Month-to-month,Yes,Electronic check,19.65,31.2,0,0-12,1,1,0,15.6,2
5857-XRECV,Female,0,No,Yes,2,Yes,No,No,No,No,No,No,No,No,One year,No,Bank transfer (automatic),20.5,38.25,0,0-12,1,1,0,19.125,1
0725-CXOTM,Female,0,No,No,36,Yes,Yes,DSL,Yes,No,Yes,Yes,Yes,Yes,One year,Yes,Credit card (automatic),89.65,3348.1,0,24-36,0,7,1,93.00277777777778,1
4343-EJVQB,Male,0,No,No,7,Yes,No,Fiber optic,Yes,No,No,No,No,No,Month-to-month,No,Mailed check,74.35,533.6,0,0-12,0,2,1,76.22857142857143,2
9000-PLFUZ,Female,1,Yes,No,60,No,No,DSL,No,Yes,No,No,Yes,Yes,Two year,Yes,Credit card (automatic),49.45,2907.55,0,48-60,0,3,0,48.45916666666667,0
3427-GGZZI,Female,0,Yes,No,19,Yes,Yes,Fiber optic,No,Yes,No,No,No,Yes,Month-to-month,Yes,Electronic check,89.1,1620.8,0,12-24,0,4,1,85.30526315789473,2
7779-ORAEL,Male,1,Yes,No,45,Yes,Yes,DSL,Yes,No,Yes,Yes,No,Yes,Two year,No,Credit card (automatic),75.15,3480.35,0,36-48,0,6,1,77.3411111111111,0
0644-OQMDK,Male,1,No,No,4,Yes,No,Fiber optic,No,No,No,No,No,No,Month-to-month,Yes,Electronic check,70.65,293.85,0,0-12,1,1,1,73.4625,2
4077-CROMM,Female,0,Yes,Yes,31,Yes,Yes,Fiber optic,No,No,Yes,Yes,Yes,Yes,Month-to-month,Yes,Electronic check,104.2,3243.45,1,24-36,0,6,1,104.62741935483871,2
3154-CFSZG,Male,0,Yes,Yes,47,Yes,No,Fiber optic,Yes,No,Yes,No,No,Yes,Month-to-month,No,Electronic check,90.05,4137.2,0,36-48,0,4,1,88.02553191489362,2
2868-MZAGQ,Male,0,No,No,1,Yes,No,Fiber optic,No,No,No,No,No,Yes,Month-to-month,Yes,Electronic check,79.25,79.25,1,0-12,1,2,1,79.25,2
4847-QNOKA,Female,0,No,No,1,Yes,No,DSL,No,No,No,No,No,No,Month-to-month,Yes,Bank transfer (automatic),44.9,44.9,1,0-12,1,1,1,44.9,2
2220-IAHLS,Female,0,No,No,1,Yes,No,No,No,No,No,No,No,No,Month-to-month,No,Credit card (automatic),19.4,19.4,0,0-12,1,1,0,19.4,2
1658-XUHBX,Female,1,Yes,Yes,59,Yes,Yes,Fiber optic,No,No,Yes,No,No,Yes,Month-to-month,Yes,Credit card (automatic),88.75,5348.65,0,48-60,0,4,1,90.65508474576271,2
6379-RXJRQ,Male,0,Yes,No,10,Yes,No,Fiber optic,No,No,No,No,No,No,Month-to-month,Yes,Electronic check,70.1,659.65,1,0-12,0,1,1,65.965,2
2378-HTWFW,Male,1,No,No,35,Yes,Yes,Fiber optic,Yes,No,No,No,No,Yes,Month-to-month,No,Credit card (automatic),91.0,3180.5,0,24-36,0,4,1,90.87142857142857,2
8650-RHRKE,Male,0,No,No,4,No,No,DSL,No,No,Yes,No,No,No,Month-to-month,Yes,Electronic check,29.65,118.5,1,0-12,1,1,0,29.625,2
4377-VDHYI,Male,0,Yes,Yes,32,Yes,No,Fiber optic,Yes,Yes,No,No,No,Yes,One year,Yes,Electronic check,90.8,3023.85,0,24-36,0,4,1,94.4953125,1
0475-RIJEP,Male,0,No,No,43,Yes,Yes,Fiber optic,No,Yes,No,No,No,No,Month-to-month,Yes,Electronic check,77.85,3365.85,1,36-48,0,3,1,78.27558139534884,2
1260-TTRXI,Male,0,No,No,4,Yes,No,DSL,No,No,No,No,No,Yes,Month-to-month,No,Electronic check,54.3,195.3,1,0-12,1,2,1,48.825,2
3719-TDVQB,Female,1,Yes,No,54,Yes,No,No,No,No,No,No,No,No,Two year,Yes,Mailed check,18.95,1031.1,0,48-60,0,1,0,19.09444444444444,0
6328-ZPBGN,Female,1,No,No,11,Yes,Yes,Fiber optic,No,No,No,No,Yes,Yes,Month-to-month,Yes,Bank transfer (automatic),95.15,997.65,1,0-12,0,4,1,90.69545454545454,2
0201-MIBOL,Female,1,No,No,66,Yes,Yes,Fiber optic,Yes,No,No,No,Yes,Yes,Two year,Yes,Bank transfer (automatic),102.4,6471.85,0,60-72,0,5,1,98.05833333333334,0
4937-QPZPO,Male,0,Yes,Yes,61,Yes,Yes,Fiber optic,No,No,Yes,No,Yes,Yes,One year,Yes,Electronic check,99.9,6241.35,0,60-72,0,5,1,102.31721311475411,1
2925-VDZHY,Male,0,Yes,Yes,72,Yes,Yes,DSL,Yes,Yes,Yes,Yes,Yes,Yes,Two year,No,Credit card (automatic),88.7,6501.35,0,60-72,0,8,1,90.29652777777778,0
6981-TDRFT,Male,0,Yes,Yes,44,No,No,DSL,No,No,Yes,Yes,Yes,Yes,One year,Yes,Electronic check,54.3,2317.1,0,36-48,0,4,0,52.66136363636363,1
3413-CSSTH,Male,0,No,No,41,Yes,Yes,DSL,No,No,Yes,No,No,No,Month-to-month,Yes,Bank transfer (automatic),55.7,2237.55,0,36-48,0,3,1,54.57439024390244,2
8033-VCZGH,Male,0,Yes,No,50,Yes,Yes,Fiber optic,Yes,No,Yes,No,Yes,Yes,One year,Yes,Electronic check,103.95,5231.3,0,48-60,0,6,1,104.626,1
4789-KWMXN,Male,0,Yes,No,47,Yes,Yes,Fiber optic,Yes,No,Yes,Yes,Yes,Yes,One year,Yes,Credit card (automatic),110.85,5275.8,1,36-48,0,7,1,112.25106382978724,1
0224-NIJLP,Male,0,Yes,Yes,8,Yes,No,No,No,No,No,No,No,No,Two year,No,Mailed check,20.15,165.5,0,0-12,0,1,0,20.6875,0
7542-CYDDM,Male,0,No,No,18,Yes,No,No,No,No,No,No,No,No,Month-to-month,No,Mailed check,20.05,358.5,0,12-24,0,1,0,19.916666666666668,2
4718-WXBGI,Male,0,Yes,Yes,72,Yes,Yes,DSL,Yes,Yes,Yes,Yes,Yes,Yes,Two year,Yes,Credit card (automatic),91.95,6614.9,0,60-72,0,8,1,91.8736111111111,0
2867-UIMSS,Male,0,No,No,1,Yes,No,Fiber optic,No,No,No,No,No,Yes,Month-to-month,No,Electronic check,80.5,80.5,1,0-12,1,2,1,80.5,2
8495-PRWFH,Female,1,No,No,42,Yes,Yes,DSL,No,No,Yes,No,No,No,Month-to-month,No,Electronic check,55.65,2421.75,0,36-48,0,3,1,57.660714285714285,2
0439-IFYUN,Female,1,No,No,18,Yes,No,Fiber optic,No,Yes,No,No,No,No,Month-to-month,Yes,Electronic check,74.7,1294.6,0,12-24,0,2,1,71.92222222222222,2
5716-LIBJC,Female,0,No,Yes,13,Yes,Yes,Fiber optic,No,Yes,Yes,No,Yes,Yes,One year,Yes,Credit card (automatic),104.15,1299.1,0,12-24,0,6,1,99.93076923076923,1
2868-LLSKM,Female,0,Yes,Yes,68,Yes,Yes,Fiber optic,No,Yes,No,Yes,No,No,One year,Yes,Bank transfer (automatic),83.65,5733.4,0,60-72,0,4,1,84.31470588235294,1
8111-RKSPX,Male,0,No,No,4,Yes,Yes,Fiber optic,No,No,No,No,No,No,Month-to-month,Yes,Bank transfer (automatic),72.2,305.55,1,0-12,1,2,1,76.3875,2
2988-QRAJY,Male,0,No,No,69,Yes,Yes,Fiber optic,Yes,Yes,Yes,No,Yes,Yes,Two year,Yes,Credit card (automatic),110.05,7430.75,0,60-72,0,7,1,107.69202898550725,0
1585-MQSSU,Male,0,No,No,17,Yes,No,DSL,No,No,No,Yes,No,No,Month-to-month,No,Mailed check,51.5,900.5,1,12-24,0,2,1,52.970588235294116,2
0071-NDAFP,Male,0,Yes,Yes,25,Yes,Yes,No,No,No,No,No,No,No,Two year,No,Credit card (automatic),25.5,630.6,0,24-36,0,2,0,25.224,0
2856-NNASM,Male,1,No,No,43,Yes,No,Fiber optic,No,No,No,No,Yes,Yes,Month-to-month,Yes,Mailed check,89.55,3856.75,1,36-48,0,3,1,89.69186046511628,2
7328-ZJAJO,Female,0,Yes,Yes,59,Yes,No,No,No,No,No,No,No,No,Two year,No,Credit card (automatic),19.5,1222.65,0,48-60,0,1,0,20.722881355932206,0
6458-CYIDZ,Female,1,No,No,5,Yes,No,Fiber optic,Yes,Yes,No,No,No,No,Month-to-month,No,Electronic check,80.7,374.8,0,0-12,1,3,1,74.96000000000001,2
8559-CIZFV,Male,0,Yes,Yes,21,Yes,Yes,DSL,Yes,Yes,No,Yes,Yes,No,One year,No,Mailed check,77.5,1625.0,1,12-24,0,6,1,77.38095238095238,1
1090-PYKCI,Female,0,Yes,Yes,69,Yes,Yes,Fiber optic,Yes,Yes,Yes,Yes,Yes,No,One year,Yes,Credit card (automatic),105.1,7234.8,0,60-72,0,7,1,104.85217391304349,1
3058-WQDRE,Male,0,No,No,13,No,No,DSL,No,No,No,No,No,No,Month-to-month,Yes,Bank transfer (automatic),25.15,331.85,0,12-24,0,0,0,25.52692307692308,2
7547-EKNFS,Male,0,Yes,No,42,Yes,Yes,Fiber optic,No,Yes,Yes,No,Yes,No,Month-to-month,Yes,Bank transfer (automatic),95.25,3959.35,1,36-48,0,5,1,94.2702380952381,2
2279-AXJJK,Male,0,Yes,No,52,Yes,Yes,Fiber optic,No,Yes,No,Yes,No,Yes,Month-to-month,Yes,Credit card (automatic),95.65,5088.4,0,48-60,0,5,1,97.85384615384615,2
6769-DYBQN,Male,1,No,No,46,Yes,No,Fiber optic,Yes,No,No,No,No,Yes,Month-to-month,No,Electronic check,85.0,3969.4,1,36-48,0,3,1,86.29130434782608,2
0909-SELIE,Male,0,Yes,No,61,Yes,Yes,DSL,Yes,Yes,Yes,Yes,No,Yes,Two year,Yes,Bank transfer (automatic),80.8,4860.85,0,60-72,0,7,1,79.68606557377049,0
3417-TSCIC,Male,0,No,No,29,No,No,DSL,No,No,No,No,No,No,One year,Yes,Mailed check,24.85,788.05,0,24-36,0,0,0,27.17413793103448,1
1042-HFUCW,Female,0,No,Yes,25,Yes,No,DSL,No,Yes,No,Yes,No,No,One year,Yes,Credit card (automatic),54.75,1266.35,0,24-36,0,3,1,50.653999999999996,1
4439-JMPMT,Female,0,Yes,Yes,5,Yes,No,Fiber optic,No,No,No,Yes,Yes,No,Month-to-month,Yes,Electronic check,85.75,470.95,1,0-12,1,3,1,94.19,2
6537-OTKMY,Male,0,No,No,15,No,No,DSL,No,No,Yes,No,Yes,Yes,One year,No,Electronic check,50.75,688.2,0,12-24,0,3,0,45.88,1
8999-EXMNO,Female,0,Yes,Yes,19,Yes,No,No,No,No,No,No,No,No,Two year,No,Mailed check,20.15,387.7,0,12-24,0,1,0,20.405263157894737,0
6725-TPKJO,Male,0,No,No,44,Yes,No,No,No,No,No,No,No,No,Two year,No,Mailed check,20.05,845.25,0,36-48,0,1,0,19.210227272727273,0
2446-BEGGB,Female,1,No,No,6,Yes,Yes,Fiber optic,No,Yes,No,No,Yes,Yes,Month-to-month,Yes,Electronic check,98.25,560.6,1,0-12,1,5,1,93.43333333333334,2
7162-WPHPM,Male,0,Yes,Yes,58,Yes,Yes,DSL,Yes,Yes,Yes,Yes,No,No,Two year,No,Credit card (automatic),71.6,4230.25,0,48-60,0,6,1,72.9353448275862,0
1599-MMYRQ,Male,0,Yes,Yes,62,Yes,No,Fiber optic,Yes,Yes,No,No,No,No,One year,Yes,Credit card (automatic),81.45,4983.05,0,60-72,0,3,1,80.37177419354839,1
8821-KVZKQ,Female,0,Yes,Yes,70,No,No,DSL,No,Yes,Yes,Yes,Yes,Yes,One year,Yes,Bank transfer (automatic),58.4,4113.15,0,60-72,0,5,0,58.75928571428571,1
1496-GGSUK,Female,1,No,No,1,No,No,DSL,No,No,No,No,No,No,Month-to-month,Yes,Mailed check,25.7,25.7,1,0-12,1,0,0,25.7,2
6434-TTGJP,Male,0,Yes,Yes,10,No,No,DSL,Yes,Yes,Yes,Yes,No,Yes,Two year,No,Credit card (automatic),53.7,521.0,0,0-12,0,5,0,52.1,0
0042-JVWOJ,Male,0,No,No,26,Yes,No,No,No,No,No,No,No,No,One year,Yes,Bank transfer (automatic),19.6,471.85,0,24-36,0,1,0,18.148076923076925,1
0130-SXOUN,Male,0,No,No,66,Yes,Yes,Fiber optic,No,Yes,No,No,No,Yes,Month-to-month,No,Credit card (automatic),89.4,5976.9,0,60-72,0,4,1,90.5590909090909,2
2575-GFSOE,Female,0,Yes,Yes,7,Yes,No,Fiber optic,No,No,No,No,No,No,Month-to-month,Yes,Electronic check,69.0,506.9,1,0-12,0,1,1,72.41428571428571,2
2330-PQGDQ,Male,0,Yes,Yes,51,Yes,Yes,Fiber optic,No,Yes,No,Yes,No,No,One year,No,Bank transfer (automatic),84.2,4299.75,0,48-60,0,4,1,84.30882352941177,1
1452-UZOSF,Male,0,Yes,Yes,72,Yes,Yes,Fiber optic,Yes,Yes,Yes,Yes,Yes,No,Two year,Yes,Credit card (automatic),106.1,7548.6,0,60-72,0,7,1,104.84166666666667,0
2097-YVPKN,Male,0,No,No,65,Yes,Yes,No,No,No,No,No,No,No,Two year,No,Mailed check,25.75,1654.75,0,60-72,0,2,0,25.45769230769231,0
2842-JTCCU,Male,0,No,No,2,Yes,No,DSL,No,No,No,No,No,No,Month-to-month,No,Bank transfer (automatic),46.05,80.35,1,0-12,1,1,1,40.175,2
8597-CTXVJ,Male,0,No,Yes,70,Yes,Yes,DSL,Yes,Yes,No,Yes,No,No,One year,No,Bank transfer (automatic),64.95,4551.5,0,60-72,0,5,1,65.02142857142857,1
6631-HMANX,Male,0,Yes,No,72,Yes,Yes,DSL,No,Yes,Yes,Yes,Yes,Yes,Two year,Yes,Credit card (automatic),85.45,6227.5,0,60-72,0,7,1,86.49305555555556,0
9962-BFPDU,Female,0,Yes,Yes,1,Yes,No,No,No,No,No,No,No,No,Month-to-month,No,Mailed check,20.05,20.05,0,0-12,1,1,0,20.05,2
3296-SILRA,Female,1,Yes,No,1,Yes,No,Fiber optic,No,Yes,No,No,No,No,Month-to-month,Yes,Mailed check,76.4,76.4,1,0-12,1,2,1,76.4,2
9681-OXGVC,Female,0,No,No,5,Yes,Yes,Fiber optic,No,No,Yes,No,Yes,Yes,Month-to-month,Yes,Electronic check,100.5,514.0,1,0-12,1,5,1,102.8,2
6394-HHHZM,Male,0,No,No,3,Yes,No,No,No,No,No,No,No,No,Month-to-month,No,Mailed check,20.7,57.5,0,0-12,1,1,0,19.166666666666668,2
5995-LFTLE,Male,0,No,No,58,Yes,Yes,No,No,No,No,No,No,No,Two year,Yes,Credit card (automatic),25.3,1474.35,0,48-60,0,2,0,25.419827586206896,0
5180-UCIIQ,Male,1,Yes,Yes,22,No,No,DSL,Yes,No,No,No,No,Yes,Month-to-month,No,Mailed check,40.05,880.2,1,12-24,0,2,0,40.00909090909091,2
1932-UEDCX,Male,1,Yes,No,33,Yes,Yes,Fiber optic,No,Yes,No,No,Yes,Yes,Month-to-month,Yes,Bank transfer (automatic),100.6,3270.25,0,24-36,0,5,1,99.09848484848484,2
7153-OANIO,Male,0,No,No,1,Yes,No,Fiber optic,No,No,No,No,No,No,Month-to-month,No,Electronic check,69.95,69.95,1,0-12,1,1,1,69.95,2
5188-HGMLP,Male,1,Yes,No,54,Yes,Yes,Fiber optic,No,No,No,No,No,No,Month-to-month,No,Bank transfer (automatic),74.0,3919.15,0,48-60,0,2,1,72.57685185185186,2
0665-XHDJU,Male,0,Yes,No,72,Yes,Yes,Fiber optic,No,Yes,No,No,Yes,Yes,Two year,Yes,Electronic check,99.4,7285.7,0,60-72,0,5,1,101.19027777777778,0
6521-YYTYI,Male,0,No,Yes,1,Yes,Yes,Fiber optic,No,No,No,No,Yes,Yes,Month-to-month,Yes,Electronic check,93.3,93.3,1,0-12,1,4,1,93.3,2
8878-HMWBV,Male,0,No,No,3,Yes,No,DSL,No,No,Yes,No,No,No,Month-to-month,Yes,Electronic check,49.15,169.05,1,0-12,1,2,1,56.35,2
8265-HKSOW,Female,0,Yes,Yes,72,Yes,Yes,Fiber optic,Yes,Yes,Yes,Yes,No,Yes,Two year,No,Credit card (automatic),107.45,7658.3,0,60-72,0,7,1,106.36527777777778,0
3544-FBCAS,Female,0,Yes,Yes,72,Yes,Yes,DSL,Yes,Yes,Yes,No,Yes,Yes,Two year,Yes,Credit card (automatic),83.6,5959.3,0,60-72,0,7,1,82.76805555555556,0
5331-RGMTT,Male,1,Yes,No,54,Yes,Yes,Fiber optic,No,No,Yes,No,Yes,Yes,Month-to-month,Yes,Credit card (automatic),99.05,5295.7,0,48-60,0,5,1,98.06851851851852,2
4759-PXTAN,Female,0,Yes,No,59,Yes,Yes,DSL,No,Yes,No,Yes,Yes,Yes,One year,Yes,Electronic check,80.1,4693.2,0,48-60,0,6,1,79.5457627118644,1
7054-DMVAS,Male,0,No,No,54,Yes,No,DSL,Yes,Yes,No,No,Yes,No,Two year,Yes,Bank transfer (automatic),65.3,3512.9,0,48-60,0,4,1,65.0537037037037,0
3428-MMGUB,Male,0,No,No,60,Yes,Yes,Fiber optic,No,No,Yes,No,Yes,No,Two year,Yes,Electronic check,89.55,5231.2,0,48-60,0,4,1,87.18666666666667,0
6549-BTYPG,Female,0,Yes,No,60,No,No,DSL,No,Yes,Yes,Yes,Yes,Yes,Two year,No,Credit card (automatic),60.8,3603.45,0,48-60,0,5,0,60.0575,0
7823-JSOAG,Male,0,No,No,3,Yes,Yes,Fiber optic,No,No,No,No,No,No,Month-to-month,No,Electronic check,74.5,217.45,0,0-12,1,2,1,72.48333333333333,2
3705-RHRFR,Female,0,Yes,No,69,Yes,Yes,Fiber optic,Yes,No,No,No,Yes,Yes,Two year,No,Bank transfer (automatic),99.15,6875.35,0,60-72,0,5,1,99.64275362318841,0
9374-YOLBJ,Female,0,Yes,Yes,1,Yes,No,No,No,No,No,No,No,No,Month-to-month,No,Electronic check,19.25,19.25,0,0-12,1,1,0,19.25,2
9074-KGVOX,Male,0,Yes,Yes,50,No,No,DSL,Yes,No,No,No,Yes,No,Month-to-month,Yes,Credit card (automatic),39.45,2021.35,0,48-60,0,2,0,40.427,2
6128-DAFVY,Female,0,No,No,56,No,No,DSL,No,No,No,No,Yes,Yes,Month-to-month,Yes,Credit card (automatic),44.85,2564.95,0,48-60,0,2,0,45.802678571428565,2
9933-QRGTX,Female,0,Yes,No,60,Yes,No,Fiber optic,Yes,No,No,Yes,Yes,Yes,Two year,Yes,Electronic check,97.2,5611.75,0,48-60,0,5,1,93.52916666666667,0
4476-OSWTN,Male,1,Yes,No,69,Yes,Yes,Fiber optic,Yes,No,Yes,Yes,Yes,Yes,One year,Yes,Mailed check,110.55,7610.1,0,60-72,0,7,1,110.2913043478261,1
3751-KTZEL,Female,0,No,No,1,No,No,DSL,No,No,No,No,No,Yes,Month-to-month,No,Mailed check,35.05,35.05,1,0-12,1,1,0,35.05,2
1977-STDKI,Female,1,No,No,1,Yes,No,Fiber optic,No,Yes,No,No,No,No,Month-to-month,Yes,Electronic check,73.0,73.0,1,0-12,1,2,1,73.0,2
5066-GFJMM,Female,0,Yes,No,3,Yes,No,No,No,No,No,No,No,No,Month-to-month,Yes,Mailed check,19.9,45.75,0,0-12,1,1,0,15.25,2
2661-GKBTK,Male,0,Yes,Yes,60,Yes,No,DSL,No,Yes,No,Yes,Yes,Yes,Two year,No,Bank transfer (automatic),76.95,4543.95,0,48-60,0,5,1,75.7325,0
0458-HEUZG,Female,0,No,No,13,No,No,DSL,No,No,Yes,Yes,No,No,Two year,No,Mailed check,35.4,450.4,0,12-24,0,2,0,34.646153846153844,0
7268-WNTCP,Male,0,Yes,Yes,62,Yes,No,No,No,No,No,No,No,No,Two year,No,Bank transfer (automatic),20.45,1297.35,0,60-72,0,1,0,20.924999999999997,0
0824-VWDPO,Female,0,No,No,45,Yes,Yes,Fiber optic,Yes,Yes,No,No,No,Yes,One year,No,Bank transfer (automatic),96.75,4442.75,0,36-48,0,5,1,98.72777777777777,1
8409-WQJUX,Female,0,No,No,25,No,No,DSL,No,No,Yes,Yes,Yes,Yes,One year,No,Electronic check,54.2,1423.15,0,24-36,0,4,0,56.926,1
2578-JQPHZ,Male,0,No,No,44,Yes,No,Fiber optic,No,No,Yes,Yes,Yes,Yes,Two year,No,Bank transfer (automatic),100.1,4378.35,0,36-48,0,5,1,99.50795454545455,0
3278-FSIXX,Female,0,No,No,2,Yes,No,DSL,No,No,No,No,No,No,Month-to-month,Yes,Mailed check,45.25,74.2,0,0-12,1,1,1,37.1,2
5813-UECBU,Male,1,No,No,33,Yes,Yes,Fiber optic,No,Yes,Yes,No,No,No,Month-to-month,Yes,Credit card (automatic),83.85,2716.3,1,24-36,0,4,1,82.31212121212121,2
0328-GRPMV,Female,0,No,No,1,Yes,No,Fiber optic,No,No,No,No,No,No,Month-to-month,Yes,Electronic check,70.1,70.1,1,0-12,1,1,1,70.1,2
9746-UGFAC,Female,0,No,No,22,Yes,No,No,No,No,No,No,No,No,One year,No,Bank transfer (automatic),20.85,450.65,0,12-24,0,1,0,20.48409090909091,1
2946-KIQSP,Female,0,No,No,35,No,No,DSL,No,No,Yes,Yes,No,No,Month-to-month,Yes,Mailed check,33.45,1175.85,0,24-36,0,2,0,33.59571428571428,2
0625-AFOHS,Female,0,Yes,Yes,29,Yes,No,No,No,No,No,No,No,No,Two year,No,Mailed check,20.2,558.8,0,24-36,0,1,0,19.268965517241377,0
6726-WEXXK,Male,1,Yes,No,27,Yes,Yes,Fiber optic,Yes,No,Yes,No,No,No,One year,Yes,Electronic check,85.9,2220.1,0,24-36,0,4,1,82.22592592592592,1
4636-OLWOE,Male,0,No,Yes,54,Yes,No,DSL,No,Yes,Yes,Yes,No,No,One year,Yes,Electronic check,61.0,3283.05,0,48-60,0,4,1,60.797222222222224,1
4342-HENTK,Female,1,No,No,2,Yes,No,Fiber optic,No,No,No,No,No,No,Month-to-month,Yes,Electronic check,70.65,142.35,1,0-12,1,1,1,71.175,2
4685-ERGHK,Male,0,No,No,57,Yes,Yes,Fiber optic,No,No,No,No,Yes,No,One year,Yes,Electronic check,86.9,4939.25,0,48-60,0,3,1,86.65350877192982,1
0885-HMGPY,Male,0,No,No,62,Yes,Yes,DSL,Yes,Yes,Yes,Yes,No,No,Two year,No,Bank transfer (automatic),69.4,4237.5,0,60-72,0,6,1,68.34677419354838,0
5003-OKNNK,Female,0,Yes,Yes,15,Yes,No,No,No,No,No,No,No,No,One year,No,Credit card (automatic),20.35,335.95,0,12-24,0,1,0,22.396666666666665,1
4195-SMMNX,Male,0,No,No,2,Yes,No,No,No,No,No,No,No,No,Month-to-month,No,Mailed check,20.35,33.2,1,0-12,1,1,0,16.6,2
7208-PSIHR,Female,0,Yes,No,70,Yes,Yes,Fiber optic,No,No,Yes,Yes,Yes,Yes,Two year,Yes,Bank transfer (automatic),104.3,7188.5,0,60-72,0,6,1,102.69285714285714,0
4012-ZTHBR,Female,0,Yes,Yes,21,Yes,No,DSL,No,No,No,No,No,No,Month-to-month,Yes,Electronic check,44.95,926.25,0,12-24,0,1,1,44.107142857142854,2
0489-WMEMG,Female,0,No,Yes,23,Yes,No,DSL,No,No,No,Yes,No,No,One year,Yes,Electronic check,49.45,1119.35,0,12-24,0,2,1,48.667391304347824,1
7435-ZNUYY,Male,0,No,No,6,Yes,No,No,No,No,No,No,No,No,One year,No,Mailed check,20.6,116.6,0,0-12,1,1,0,19.433333333333334,1
1354-YZFNB,Male,0,Yes,Yes,4,Yes,No,No,No,No,No,No,No,No,Two year,No,Credit card (automatic),19.55,68.8,0,0-12,1,1,0,17.2,0
6956-SMUCM,Female,0,No,No,3,Yes,No,Fiber optic,Yes,No,Yes,No,Yes,Yes,Month-to-month,Yes,Credit card (automatic),99.0,287.4,1,0-12,1,5,1,95.8,2
2985-FMWYF,Female,0,No,No,23,Yes,Yes,Fiber optic,No,No,No,No,Yes,Yes,Month-to-month,Yes,Electronic check,93.5,2341.55,0,12-24,0,4,1,101.80652173913045,2
2812-ENYMO,Male,0,No,No,26,No,No,DSL,Yes,No,No,Yes,Yes,Yes,One year,No,Credit card (automatic),54.55,1362.85,0,24-36,0,4,0,52.41730769230769,1
2717-HVIZY,Female,0,No,Yes,8,Yes,No,No,No,No,No,No,No,No,Month-to-month,No,Mailed check,20.05,163.6,0,0-12,0,1,0,20.45,2
3223-WZWJM,Male,0,No,No,26,Yes,Yes,Fiber optic,No,No,No,No,No,Yes,Month-to-month,Yes,Electronic check,83.95,2254.2,1,24-36,0,3,1,86.69999999999999,2
3422-GALYP,Male,0,No,No,2,Yes,Yes,Fiber optic,No,Yes,No,No,No,No,Month-to-month,Yes,Electronic check,79.45,145.15,0,0-12,1,3,1,72.575,2
9053-JZFKV,Male,0,No,No,67,Yes,Yes,Fiber optic,Yes,Yes,Yes,Yes,Yes,Yes,Two year,No,Credit card (automatic),116.2,7752.3,1,60-72,0,8,1,115.70597014925373,0
2530-ENDWQ,Female,0,Yes,No,71,Yes,Yes,Fiber optic,No,No,No,No,Yes,Yes,Two year,Yes,Bank transfer (automatic),93.7,6585.35,1,60-72,0,4,1,92.75140845070423,0
2890-WFBHU,Female,0,No,No,59,Yes,Yes,DSL,Yes,Yes,Yes,Yes,No,Yes,One year,No,Credit card (automatic),79.85,4786.1,0,48-60,0,7,1,81.12033898305086,1
0327-WFZSY,Male,0,Yes,Yes,39,Yes,Yes,Fiber optic,No,No,Yes,No,Yes,Yes,One year,No,Electronic check,100.0,3835.55,0,36-48,0,5,1,98.3474358974359,1
7977-HXJKU,Male,0,No,Yes,21,Yes,No,No,No,No,No,No,No,No,Two year,No,Mailed check,19.6,397.0,0,12-24,0,1,0,18.904761904761905,0
6615-ZGEDR,Male,0,No,No,1,Yes,No,No,No,No,No,No,No,No,Month-to-month,No,Mailed check,19.7,19.7,1,0-12,1,1,0,19.7,2
7033-CLAMM,Female,0,Yes,Yes,48,Yes,No,No,No,No,No,No,No,No,Two year,No,Bank transfer (automatic),20.2,1027.25,0,36-48,0,1,0,21.401041666666668,0
4023-RTIQM,Female,1,Yes,No,31,No,No,DSL,Yes,Yes,Yes,No,No,Yes,One year,Yes,Credit card (automatic),50.4,1580.1,0,24-36,0,4,0,50.97096774193548,1
0864-FVJNJ,Female,0,Yes,Yes,64,Yes,Yes,Fiber optic,Yes,Yes,Yes,Yes,Yes,Yes,One year,No,Electronic check,113.35,7222.75,0,60-72,0,8,1,112.85546875,1
7356-IWLFW,Male,0,Yes,Yes,46,Yes,Yes,Fiber optic,No,Yes,No,No,No,No,Month-to-month,Yes,Bank transfer (automatic),80.0,3769.7,0,36-48,0,3,1,81.95,2
9541-PWTWO,Female,0,No,No,52,Yes,Yes,DSL,No,No,Yes,Yes,Yes,Yes,Two year,Yes,Bank transfer (automatic),80.95,4233.95,0,48-60,0,6,1,81.42211538461538,0
3967-VQOGC,Female,0,Yes,Yes,67,Yes,Yes,No,No,No,No,No,No,No,Two year,Yes,Mailed check,24.9,1680.25,0,60-72,0,2,0,25.078358208955223,0
7872-RDDLZ,Female,1,No,No,67,Yes,Yes,DSL,No,Yes,No,No,No,No,Month-to-month,No,Electronic check,54.9,3725.5,0,60-72,0,3,1,55.6044776119403,2
9250-WYPLL,Female,0,No,No,5,Yes,Yes,Fiber optic,No,No,No,No,No,No,Month-to-month,No,Electronic check,75.55,413.65,1,0-12,1,2,1,82.72999999999999,2
6308-CQRBU,Female,0,Yes,No,71,Yes,Yes,Fiber optic,No,Yes,Yes,Yes,Yes,Yes,Two year,No,Electronic check,109.25,7707.7,0,60-72,0,7,1,108.55915492957746,0
2754-XBHTB,Female,0,No,No,9,Yes,No,Fiber optic,No,No,No,No,Yes,No,Month-to-month,Yes,Bank transfer (automatic),77.65,714.15,1,0-12,0,2,1,79.35,2
1597-LHYNC,Female,1,No,No,26,Yes,Yes,Fiber optic,Yes,Yes,No,No,No,Yes,Month-to-month,Yes,Electronic check,95.0,2497.2,1,24-36,0,5,1,96.04615384615384,2
0186-CAERR,Male,0,No,No,71,Yes,Yes,Fiber optic,Yes,Yes,Yes,Yes,Yes,Yes,One year,Yes,Bank transfer (automatic),116.3,8309.55,0,60-72,0,8,1,117.03591549295774,1
3043-SUDUA,Female,0,No,No,32,Yes,No,No,No,No,No,No,No,No,Month-to-month,No,Bank transfer (automatic),19.9,601.55,0,24-36,0,1,0,18.7984375,2
5442-BHQNG,Female,0,No,No,2,Yes,No,Fiber optic,No,No,No,No,No,No,Month-to-month,No,Electronic check,70.35,139.25,0,0-12,1,1,1,69.625,2
2169-RRLFW,Female,0,Yes,No,71,Yes,Yes,No,No,No,No,No,No,No,Two year,No,Credit card (automatic),25.6,1888.25,0,60-72,0,2,0,26.595070422535212,0
5872-OEQNH,Female,0,No,No,60,No,No,DSL,Yes,No,Yes,No,No,Yes,One year,Yes,Electronic check,44.45,2773.9,0,48-60,0,3,0,46.23166666666667,1
3162-KKZXO,Female,1,No,No,55,Yes,Yes,Fiber optic,No,No,Yes,No,Yes,Yes,One year,Yes,Electronic check,100.15,5409.75,0,48-60,0,5,1,98.35909090909091,1
7055-VKGDA,Male,0,No,No,54,Yes,No,Fiber optic,Yes,Yes,No,Yes,Yes,Yes,One year,Yes,Credit card (automatic),105.4,5643.4,1,48-60,0,6,1,104.5074074074074,1
0754-UKWQP,Male,0,No,No,2,Yes,No,Fiber optic,No,No,Yes,No,Yes,Yes,Month-to-month,Yes,Electronic check,95.85,197.7,1,0-12,1,4,1,98.85,2
8873-GLDMH,Female,0,No,No,6,Yes,Yes,Fiber optic,No,No,No,No,No,No,Month-to-month,Yes,Mailed check,73.85,401.3,0,0-12,1,2,1,66.88333333333334,2
5696-JVVQY,Female,0,Yes,Yes,48,Yes,No,DSL,Yes,Yes,Yes,No,No,Yes,Two year,Yes,Credit card (automatic),70.1,3238.4,0,36-48,0,5,1,67.46666666666667,0
8946-BFWSG,Male,0,Yes,Yes,63,Yes,Yes,No,No,No,No,No,No,No,Two year,No,Mailed check,25.25,1573.05,0,60-72,0,2,0,24.96904761904762,0
7493-TPUWZ,Male,0,No,No,1,Yes,Yes,Fiber optic,No,Yes,No,No,No,No,Month-to-month,Yes,Electronic check,79.15,79.15,1,0-12,1,3,1,79.15,2
0547-HURJB,Male,0,No,Yes,12,Yes,No,No,No,No,No,No,No,No,Month-to-month,No,Credit card (automatic),21.05,235.8,0,0-12,0,1,0,19.650000000000002,2
8904-OPDCK,Male,1,Yes,No,54,No,No,DSL,No,No,No,No,No,No,Month-to-month,Yes,Bank transfer (automatic),24.95,1364.75,0,48-60,0,0,0,25.27314814814815,2
8845-LWKGE,Female,0,Yes,Yes,30,Yes,No,DSL,No,No,Yes,Yes,Yes,No,One year,Yes,Electronic check,64.5,1985.15,0,24-36,0,4,1,66.17166666666667,1
1577-HKTFG,Female,0,Yes,No,30,Yes,No,No,No,No,No,No,No,No,Month-to-month,No,Bank transfer (automatic),19.65,655.85,1,24-36,0,1,0,21.861666666666668,2
8752-STIVR,Female,0,No,No,4,Yes,No,Fiber optic,No,No,No,No,Yes,No,Month-to-month,Yes,Electronic check,79.0,303.15,1,0-12,1,2,1,75.7875,2
0691-NIKRI,Female,0,No,No,40,Yes,Yes,Fiber optic,No,No,Yes,Yes,Yes,Yes,One year,Yes,Credit card (automatic),105.95,4335.2,0,36-48,0,6,1,108.38,1
5022-JNQEQ,Female,0,Yes,Yes,9,Yes,No,Fiber optic,No,No,No,Yes,No,No,Month-to-month,Yes,Electronic check,75.85,647.5,0,0-12,0,2,1,71.94444444444444,2
4558-FANTW,Female,0,Yes,Yes,17,Yes,No,Fiber optic,Yes,No,No,Yes,Yes,No,Month-to-month,No,Electronic check,91.85,1574.45,1,12-24,0,4,1,92.61470588235295,2
3249-VHRIP,Female,0,No,No,62,No,No,DSL,No,Yes,Yes,No,No,Yes,Two year,Yes,Credit card (automatic),43.6,2748.7,0,60-72,0,3,0,44.33387096774193,0
3736-BLEPA,Male,0,No,No,28,Yes,No,Fiber optic,No,Yes,No,Yes,Yes,No,One year,Yes,Bank transfer (automatic),91.25,2483.65,0,24-36,0,4,1,88.70178571428572,1
4701-LKOZD,Female,0,No,No,70,Yes,Yes,DSL,Yes,Yes,Yes,Yes,Yes,Yes,Two year,No,Credit card (automatic),89.75,6367.2,0,60-72,0,8,1,90.96,0
6603-QWSPR,Female,0,No,No,46,Yes,No,Fiber optic,No,Yes,Yes,Yes,Yes,Yes,Two year,Yes,Bank transfer (automatic),104.4,4904.2,0,36-48,0,6,1,106.61304347826086,0
9921-QFQUL,Female,0,Yes,No,23,Yes,Yes,Fiber optic,No,No,Yes,No,No,Yes,Month-to-month,No,Mailed check,90.15,2044.95,0,12-24,0,4,1,88.9108695652174,2
1929-ZCBHE,Male,0,Yes,Yes,47,No,No,DSL,Yes,No,Yes,Yes,No,No,One year,No,Electronic check,40.3,1794.8,0,36-48,0,3,0,38.18723404255319,1
4378-MYPGO,Male,0,Yes,Yes,68,Yes,No,Fiber optic,Yes,Yes,Yes,No,Yes,Yes,Two year,Yes,Bank transfer (automatic),105.25,7173.15,0,60-72,0,6,1,105.4875,0
8651-ENBZX,Female,1,No,No,60,Yes,Yes,Fiber optic,No,No,Yes,Yes,Yes,Yes,One year,Yes,Electronic check,106.0,6441.4,1,48-60,0,6,1,107.35666666666665,1
4129-LYCOI,Female,0,No,Yes,67,Yes,Yes,Fiber optic,No,Yes,No,Yes,Yes,Yes,Two year,Yes,Electronic check,104.0,7039.05,0,60-72,0,6,1,105.06044776119403,0
7798-JVXYM,Female,0,No,No,14,Yes,No,DSL,No,No,No,Yes,Yes,Yes,Month-to-month,Yes,Electronic check,69.65,921.4,0,12-24,0,4,1,65.81428571428572,2
8647-SDTWQ,Male,0,Yes,Yes,57,Yes,Yes,Fiber optic,No,No,No,No,No,No,Month-to-month,Yes,Electronic check,74.3,4018.35,0,48-60,0,2,1,70.49736842105263,2
2696-ECXKC,Female,0,Yes,Yes,55,Yes,Yes,Fiber optic,Yes,No,No,No,Yes,Yes,One year,No,Mailed check,100.9,5448.6,0,48-60,0,5,1,99.06545454545456,1
2081-KJSQF,Male,0,No,No,1,Yes,No,No,No,No,No,No,No,No,Month-to-month,Yes,Mailed check,20.25,20.25,0,0-12,1,1,0,20.25,2
7623-TRNQN,Male,0,No,Yes,1,Yes,No,DSL,No,No,No,Yes,No,No,Month-to-month,Yes,Mailed check,49.9,49.9,1,0-12,1,2,1,49.9,2
3323-CPBWR,Male,0,No,No,23,Yes,Yes,Fiber optic,No,No,Yes,Yes,Yes,No,Month-to-month,Yes,Credit card (automatic),96.9,2085.45,0,12-24,0,5,1,90.67173913043477,2
9330-IJWIO,Female,0,No,No,13,Yes,Yes,Fiber optic,Yes,No,No,No,Yes,Yes,Month-to-month,Yes,Electronic check,100.35,1358.85,1,12-24,0,5,1,104.52692307692307,2
3384-CTMSF,Male,0,Yes,No,47,Yes,Yes,Fiber optic,No,Yes,Yes,No,Yes,Yes,Month-to-month,Yes,Electronic check,104.1,5135.15,0,36-48,0,6,1,109.25851063829786,2
0902-RFHOF,Male,0,No,No,38,Yes,No,No,No,No,No,No,No,No,One year,No,Mailed check,20.1,730.1,0,36-48,0,1,0,19.21315789473684,1
9286-DOJGF,Female,1,Yes,No,38,Yes,Yes,Fiber optic,No,No,No,No,No,No,Month-to-month,Yes,Bank transfer (automatic),74.95,2869.85,1,36-48,0,2,1,75.52236842105263,2
6048-QBXKL,Female,1,No,No,2,Yes,Yes,DSL,No,Yes,No,No,No,No,Month-to-month,Yes,Credit card (automatic),56.55,118.25,0,0-12,1,3,1,59.125,2
9661-MHUMO,Male,1,Yes,Yes,1,Yes,No,DSL,No,No,No,Yes,No,No,Month-to-month,Yes,Credit card (automatic),49.25,49.25,1,0-12,1,2,1,49.25,2
7718-RXDGG,Male,0,Yes,No,15,Yes,No,Fiber optic,No,No,No,No,No,No,Month-to-month,Yes,Bank transfer (automatic),68.6,1108.6,0,12-24,0,1,1,73.90666666666667,2
1025-FALIX,Female,0,No,No,26,Yes,No,Fiber optic,No,No,No,No,No,No,Month-to-month,Yes,Credit card (automatic),69.05,1815.65,0,24-36,0,1,1,69.83269230769231,2
3451-VAWLI,Female,0,Yes,Yes,35,Yes,No,No,No,No,No,No,No,No,Two year,No,Credit card (automatic),19.7,730.4,0,24-36,0,1,0,20.86857142857143,0
3407-QGWLG,Male,0,No,Yes,3,Yes,No,No,No,No,No,No,No,No,Month-to-month,Yes,Mailed check,20.05,75.45,0,0-12,1,1,0,25.150000000000002,2
1842-EZJMK,Male,0,Yes,Yes,50,Yes,Yes,Fiber optic,No,Yes,No,Yes,Yes,Yes,Month-to-month,No,Electronic check,103.7,5071.05,1,48-60,0,6,1,101.421,2
2347-WKKAE,Male,0,Yes,No,42,Yes,Yes,Fiber optic,Yes,No,Yes,No,No,Yes,Month-to-month,Yes,Electronic check,94.4,4014.6,0,36-48,0,5,1,95.58571428571429,2
8735-DCXNF,Male,0,Yes,No,10,Yes,No,DSL,Yes,No,No,Yes,No,No,Month-to-month,Yes,Credit card (automatic),54.95,568.85,0,0-12,0,3,1,56.885000000000005,2
3214-IYUUQ,Female,0,Yes,No,61,Yes,No,Fiber optic,Yes,Yes,No,Yes,No,Yes,One year,No,Bank transfer (automatic),93.7,5860.7,0,60-72,0,5,1,96.07704918032786,1
1936-UAFEH,Female,0,No,No,68,Yes,Yes,Fiber optic,Yes,Yes,No,Yes,Yes,Yes,Two year,No,Credit card (automatic),110.25,7279.35,0,60-72,0,7,1,107.04926470588236,0
3587-PMCOY,Male,0,No,No,10,Yes,No,Fiber optic,Yes,No,Yes,No,Yes,Yes,One year,Yes,Electronic check,98.9,1064.95,0,0-12,0,5,1,106.495,1
8079-XRJRS,Male,0,Yes,No,65,Yes,Yes,Fiber optic,Yes,Yes,Yes,No,No,No,One year,No,Electronic check,89.75,5769.6,1,60-72,0,5,1,88.76307692307692,1
1027-LKKQQ,Female,0,Yes,Yes,72,Yes,No,DSL,Yes,No,Yes,Yes,Yes,Yes,Two year,Yes,Bank transfer (automatic),80.45,5886.85,0,60-72,0,6,1,81.76180555555555,0
7148-XZPHA,Male,0,Yes,Yes,55,Yes,No,Fiber optic,No,Yes,No,Yes,No,No,Month-to-month,No,Electronic check,79.4,4238.45,0,48-60,0,3,1,77.06272727272727,2
8073-IJDCM,Female,0,No,No,1,Yes,No,No,No,No,No,No,No,No,Month-to-month,Yes,Mailed check,20.3,20.3,1,0-12,1,1,0,20.3,2
5309-TAIKL,Female,0,No,No,7,Yes,No,DSL,No,No,Yes,Yes,No,Yes,Month-to-month,No,Bank transfer (automatic),62.8,418.3,0,0-12,0,4,1,59.75714285714286,2
6856-RAURS,Female,0,No,No,2,Yes,Yes,Fiber optic,No,No,No,No,No,No,Month-to-month,Yes,Mailed check,74.9,136.05,0,0-12,1,2,1,68.025,2
8778-LMWTJ,Female,0,No,No,9,Yes,No,Fiber optic,Yes,No,No,No,No,No,Month-to-month,Yes,Electronic check,74.85,708.2,0,0-12,0,2,1,78.6888888888889,2
9717-IOAAF,Male,0,No,Yes,27,Yes,Yes,No,No,No,No,No,No,No,Two year,Yes,Credit card (automatic),25.85,788.55,0,24-36,0,2,0,29.205555555555552,0
8884-ADFVN,Male,1,Yes,No,7,Yes,Yes,Fiber optic,No,No,Yes,No,Yes,Yes,Month-to-month,Yes,Electronic check,101.95,700.85,1,0-12,0,5,1,100.12142857142858,2
2845-KDHVX,Female,0,Yes,No,64,Yes,No,DSL,No,Yes,Yes,Yes,No,Yes,Two year,Yes,Mailed check,68.3,4378.8,0,60-72,0,5,1,68.41875,0
0848-SOMKO,Male,0,No,No,70,No,No,DSL,Yes,No,Yes,Yes,No,Yes,Two year,No,Bank transfer (automatic),48.4,3442.8,0,60-72,0,4,0,49.182857142857145,0
2720-WGKHP,Male,1,No,No,2,Yes,Yes,Fiber optic,No,No,No,No,Yes,Yes,Month-to-month,Yes,Electronic check,94.0,181.7,1,0-12,1,4,1,90.85,2
6734-FQAJX,Male,1,No,No,67,Yes,No,Fiber optic,Yes,Yes,No,Yes,Yes,Yes,Two year,Yes,Electronic check,105.05,7171.7,0,60-72,0,6,1,107.04029850746268,0
2869-ADAWR,Female,0,No,No,45,Yes,Yes,Fiber optic,No,Yes,No,No,Yes,No,Month-to-month,Yes,Credit card (automatic),89.3,4016.85,1,36-48,0,4,1,89.26333333333334,2
1535-VTJOQ,Female,0,No,No,24,Yes,Yes,No,No,No,No,No,No,No,Two year,No,Credit card (automatic),25.15,553.0,0,12-24,0,2,0,23.041666666666668,0
6368-TZZDT,Male,0,Yes,Yes,4,Yes,No,No,No,No,No,No,No,No,Two year,No,Credit card (automatic),19.5,96.85,0,0-12,1,1,0,24.2125,0
0943-ZQPXH,Male,0,Yes,Yes,44,Yes,No,Fiber optic,No,No,Yes,No,Yes,Yes,Month-to-month,Yes,Bank transfer (automatic),92.95,4122.9,0,36-48,0,4,1,93.70227272727271,2
1293-BSEUN,Female,0,Yes,Yes,72,Yes,No,No,No,No,No,No,No,No,Two year,Yes,Mailed check,20.7,1482.3,0,60-72,0,1,0,20.5875,0
9894-EZEWG,Female,0,No,No,1,Yes,No,Fiber optic,No,Yes,No,No,No,No,Month-to-month,Yes,Credit card (automatic),74.3,74.3,1,0-12,1,2,1,74.3,2
1302-TPUBN,Male,0,No,No,66,Yes,No,No,No,No,No,No,No,No,Two year,No,Bank transfer (automatic),19.35,1240.8,0,60-72,0,1,0,18.8,0
7851-FLGGQ,Male,0,No,No,1,No,No,DSL,No,Yes,No,Yes,No,Yes,Month-to-month,Yes,Mailed check,44.65,44.65,1,0-12,1,3,0,44.65,2
0637-UBJRP,Male,0,Yes,Yes,13,Yes,No,Fiber optic,Yes,No,No,No,No,Yes,Month-to-month,No,Electronic check,84.05,1095.3,1,12-24,0,3,1,84.25384615384615,2
0940-OUQEC,Male,0,No,No,10,Yes,Yes,Fiber optic,No,Yes,No,No,No,No,Month-to-month,Yes,Bank transfer (automatic),80.7,788.8,1,0-12,0,3,1,78.88,2
2378-VTKDH,Male,1,Yes,No,65,Yes,Yes,Fiber optic,No,Yes,Yes,No,Yes,Yes,Month-to-month,Yes,Electronic check,104.35,6578.55,0,60-72,0,6,1,101.20846153846153,2
0927-CNGRH,Male,0,No,Yes,1,Yes,No,No,No,No,No,No,No,No,Month-to-month,No,Mailed check,19.55,19.55,0,0-12,1,1,0,19.55,2
8608-OZTLB,Male,0,Yes,Yes,38,Yes,No,DSL,Yes,Yes,Yes,Yes,Yes,No,One year,No,Electronic check,74.05,2802.3,0,36-48,0,6,1,73.74473684210527,1
2335-GSODA,Male,0,No,Yes,23,No,No,DSL,Yes,No,Yes,Yes,No,No,Two year,No,Mailed check,40.1,857.75,0,12-24,0,3,0,37.29347826086956,0
1952-DVVSW,Female,0,Yes,No,10,Yes,No,No,No,No,No,No,No,No,One year,No,Mailed check,20.1,184.4,0,0-12,0,1,0,18.44,1
0702-PGIBZ,Male,0,No,Yes,4,Yes,Yes,Fiber optic,No,Yes,No,No,Yes,Yes,Month-to-month,Yes,Electronic check,101.7,364.55,1,0-12,1,5,1,91.1375,2
6656-GULJQ,Male,0,Yes,Yes,72,Yes,Yes,DSL,Yes,No,Yes,Yes,Yes,Yes,Two year,Yes,Credit card (automatic),83.55,6093.3,0,60-72,0,7,1,84.62916666666666,0
9853-JFZDU,Female,0,Yes,No,35,Yes,No,DSL,No,Yes,No,Yes,No,No,Month-to-month,No,Electronic check,56.85,1861.1,0,24-36,0,3,1,53.17428571428571,2
1963-VAUKV,Female,0,No,No,1,Yes,No,No,No,No,No,No,No,No,Month-to-month,No,Mailed check,20.4,20.4,1,0-12,1,1,0,20.4,2
3777-XROBG,Female,0,Yes,Yes,58,Yes,No,No,No,No,No,No,No,No,Two year,No,Credit card (automatic),19.55,1079.65,0,48-60,0,1,0,18.614655172413794,0
6994-FGRHH,Male,0,Yes,Yes,70,Yes,No,Fiber optic,No,Yes,Yes,Yes,Yes,Yes,One year,Yes,Electronic check,106.15,7475.1,0,60-72,0,6,1,106.78714285714287,1
4000-VGMQP,Male,0,Yes,Yes,38,Yes,Yes,DSL,No,Yes,Yes,No,Yes,Yes,One year,No,Credit card (automatic),78.95,2862.55,0,36-48,0,6,1,75.33026315789475,1
3999-WRNGR,Female,0,Yes,Yes,60,No,No,DSL,No,Yes,No,No,Yes,Yes,Month-to-month,Yes,Electronic check,49.75,3069.45,0,48-60,0,3,0,51.1575,2
3466-RITXD,Male,0,No,No,26,Yes,Yes,Fiber optic,Yes,Yes,No,No,Yes,No,Month-to-month,Yes,Credit card (automatic),92.4,2349.8,0,24-36,0,5,1,90.37692307692308,2
2680-XKKNJ,Female,0,No,No,8,Yes,No,DSL,Yes,Yes,No,Yes,No,No,One year,No,Bank transfer (automatic),58.2,469.25,0,0-12,0,4,1,58.65625,1
3058-HJCUY,Male,0,Yes,Yes,41,Yes,Yes,Fiber optic,No,No,Yes,Yes,Yes,Yes,One year,Yes,Electronic check,102.6,4213.35,1,36-48,0,6,1,102.76463414634148,1
2974-GGUXS,Female,1,Yes,No,36,Yes,Yes,Fiber optic,No,Yes,No,No,Yes,No,Month-to-month,Yes,Credit card (automatic),91.95,3301.05,0,24-36,0,4,1,91.69583333333334,2
7994-XIRTR,Male,1,No,No,54,Yes,No,DSL,No,No,Yes,Yes,No,Yes,One year,No,Bank transfer (automatic),65.25,3529.95,0,48-60,0,4,1,65.36944444444444,1
3259-FDWOY,Male,0,Yes,Yes,71,Yes,Yes,Fiber optic,No,Yes,Yes,No,Yes,Yes,Two year,Yes,Bank transfer (automatic),106.0,7723.7,1,60-72,0,6,1,108.78450704225352,0
2101-RANCD,Female,0,No,No,55,Yes,Yes,Fiber optic,No,No,No,No,No,No,Month-to-month,Yes,Electronic check,73.1,4144.9,0,48-60,0,2,1,75.36181818181818,2
7921-BEPCI,Female,0,No,No,72,Yes,Yes,DSL,Yes,Yes,No,No,No,No,Two year,No,Bank transfer (automatic),59.75,4265.0,0,60-72,0,4,1,59.236111111111114,0
0807-ZABDG,Female,0,No,Yes,3,Yes,No,DSL,Yes,No,No,Yes,No,No,Month-to-month,Yes,Mailed check,55.1,154.65,1,0-12,1,3,1,51.550000000000004,2
8510-TMWYB,Female,0,Yes,Yes,54,Yes,Yes,DSL,No,Yes,Yes,No,No,No,Two year,Yes,Bank transfer (automatic),59.8,3246.45,0,48-60,0,4,1,60.11944444444444,0
3258-ZKPAI,Male,0,Yes,Yes,72,Yes,Yes,Fiber optic,Yes,Yes,Yes,Yes,Yes,Yes,Two year,Yes,Bank transfer (automatic),116.6,8337.45,0,60-72,0,8,1,115.79791666666668,0
1428-IEDPR,Male,0,No,No,52,Yes,Yes,Fiber optic,Yes,No,Yes,Yes,Yes,Yes,Two year,Yes,Electronic check,109.3,5731.4,0,48-60,0,7,1,110.21923076923076,0
5298-GSTLM,Female,1,No,No,60,Yes,Yes,Fiber optic,Yes,No,No,No,Yes,Yes,One year,Yes,Bank transfer (automatic),101.4,6176.6,0,48-60,0,5,1,102.94333333333334,1
4450-YOOHP,Female,0,No,No,39,No,No,DSL,No,No,Yes,No,Yes,Yes,Month-to-month,Yes,Credit card (automatic),50.65,1905.4,0,36-48,0,3,0,48.85641025641026,2
6728-CZFEI,Female,0,No,No,15,Yes,No,DSL,No,No,No,No,Yes,No,One year,No,Mailed check,56.15,931.9,0,12-24,0,2,1,62.126666666666665,1
5748-RNCJT,Male,0,No,No,69,Yes,Yes,Fiber optic,No,No,Yes,Yes,Yes,Yes,Two year,Yes,Bank transfer (automatic),106.5,7348.8,1,60-72,0,6,1,106.50434782608696,0
3653-NCRDJ,Male,0,Yes,Yes,43,Yes,No,No,No,No,No,No,No,No,One year,Yes,Mailed check,19.2,776.25,0,36-48,0,1,0,18.052325581395348,1
6121-TNHBO,Female,1,No,No,63,Yes,Yes,DSL,Yes,Yes,Yes,Yes,Yes,No,One year,No,Bank transfer (automatic),83.0,5243.05,0,60-72,0,7,1,83.22301587301588,1
5119-NZPTV,Male,1,Yes,No,2,Yes,No,Fiber optic,No,No,No,No,No,No,Month-to-month,No,Electronic check,70.1,141.65,0,0-12,1,1,1,70.825,2
6519-ZHPXP,Female,0,Yes,Yes,72,Yes,No,Fiber optic,Yes,Yes,Yes,Yes,Yes,Yes,Two year,Yes,Bank transfer (automatic),108.3,7679.65,0,60-72,0,7,1,106.66180555555555,0
7739-LAXOG,Female,0,Yes,Yes,32,Yes,Yes,Fiber optic,No,No,Yes,No,No,Yes,Month-to-month,Yes,Bank transfer (automatic),91.05,2954.5,1,24-36,0,4,1,92.328125,2
3472-QPRCH,Male,0,Yes,Yes,40,Yes,Yes,No,No,No,No,No,No,No,Two year,No,Credit card (automatic),25.25,1006.9,0,36-48,0,2,0,25.1725,0
8224-UAXBZ,Female,0,Yes,No,58,No,No,DSL,Yes,Yes,No,No,Yes,No,One year,Yes,Electronic check,45.35,2540.1,0,48-60,0,3,0,43.79482758620689,1
9610-WCESF,Male,0,No,No,67,No,No,DSL,Yes,No,No,Yes,Yes,No,Two year,No,Electronic check,43.9,3097.2,0,60-72,0,3,0,46.22686567164179,0
9776-CLUJA,Female,1,Yes,No,51,Yes,Yes,Fiber optic,Yes,No,No,No,No,No,Month-to-month,Yes,Electronic check,77.5,3807.35,1,48-60,0,3,1,74.65392156862745,2
2486-WYVVE,Male,0,Yes,No,31,Yes,Yes,DSL,No,No,Yes,Yes,Yes,Yes,One year,Yes,Mailed check,79.3,2484.0,0,24-36,0,6,1,80.12903225806451,1
3865-ZYKAD,Male,1,Yes,No,69,Yes,Yes,Fiber optic,Yes,Yes,No,No,No,No,Month-to-month,Yes,Credit card (automatic),84.9,5785.65,0,60-72,0,4,1,83.85,2
1422-DGUBX,Male,0,Yes,No,32,Yes,Yes,Fiber optic,No,No,No,Yes,No,No,One year,Yes,Electronic check,79.25,2619.15,0,24-36,0,3,1,81.8484375,1
2999-AANRQ,Female,0,No,No,21,Yes,No,DSL,Yes,Yes,No,Yes,Yes,No,Two year,No,Credit card (automatic),71.05,1524.85,0,12-24,0,5,1,72.61190476190475,0
8668-KNZTI,Male,0,No,No,52,Yes,No,DSL,Yes,No,Yes,No,No,No,One year,No,Electronic check,53.75,2790.65,0,48-60,0,3,1,53.666346153846156,1
0480-KYJVA,Female,0,Yes,Yes,72,Yes,Yes,No,No,No,No,No,No,No,Two year,No,Credit card (automatic),24.25,1784.5,0,60-72,0,2,0,24.78472222222222,0
6034-ZRYCV,Female,0,Yes,No,72,No,No,DSL,No,Yes,Yes,No,Yes,Yes,Two year,Yes,Electronic check,54.2,3937.45,1,60-72,0,4,0,54.68680555555555,0
9746-YKGXB,Male,0,Yes,Yes,52,No,No,DSL,Yes,No,Yes,No,No,Yes,One year,No,Bank transfer (automatic),44.25,2276.1,0,48-60,0,3,0,43.771153846153844,1
3926-YZVVX,Female,0,No,No,41,Yes,No,DSL,No,No,No,Yes,No,No,One year,No,Bank transfer (automatic),50.05,2029.05,0,36-48,0,2,1,49.4890243902439,1
6000-UKLWI,Male,0,No,No,41,Yes,No,No,No,No,No,No,No,No,Two year,No,Mailed check,20.15,802.35,0,36-48,0,1,0,19.569512195121952,0
2079-FBMZK,Female,0,No,No,6,Yes,No,Fiber optic,No,No,No,No,No,No,Month-to-month,Yes,Mailed check,69.25,418.4,1,0-12,1,1,1,69.73333333333333,2
6332-FBZRI,Male,0,Yes,Yes,67,Yes,Yes,DSL,Yes,Yes,Yes,Yes,No,No,One year,Yes,Credit card (automatic),69.35,4653.25,0,60-72,0,6,1,69.45149253731343,1
2096-XOTMO,Female,0,Yes,Yes,16,Yes,No,No,No,No,No,No,No,No,Month-to-month,No,Mailed check,19.35,275.9,0,12-24,0,1,0,17.24375,2
3266-FTKHB,Male,0,No,No,17,Yes,No,No,No,No,No,No,No,No,Two year,No,Mailed check,19.15,343.45,0,12-24,0,1,0,20.20294117647059,0
8221-EQDGL,Male,0,Yes,No,35,Yes,No,DSL,Yes,Yes,Yes,No,No,No,Month-to-month,No,Mailed check,61.0,2130.45,0,24-36,0,4,1,60.87,2
2346-LOCWC,Female,0,Yes,Yes,58,Yes,No,No,No,No,No,No,No,No,Two year,No,Credit card (automatic),20.5,1191.4,0,48-60,0,1,0,20.54137931034483,0
6608-QQLVK,Male,0,No,No,1,Yes,No,DSL,No,No,Yes,No,No,No,Month-to-month,Yes,Electronic check,50.5,50.5,1,0-12,1,2,1,50.5,2
0298-XACET,Male,0,Yes,Yes,52,No,No,DSL,No,Yes,Yes,Yes,Yes,No,Two year,No,Mailed check,50.2,2554.0,0,48-60,0,4,0,49.11538461538461,0
7560-QJAVJ,Female,0,No,No,70,Yes,No,DSL,Yes,No,Yes,Yes,Yes,Yes,Two year,No,Bank transfer (automatic),79.6,5589.45,0,60-72,0,6,1,79.84928571428571,0
2995-YWTCD,Female,0,Yes,Yes,19,Yes,Yes,No,No,No,No,No,No,No,Two year,Yes,Bank transfer (automatic),24.9,467.7,0,12-24,0,2,0,24.61578947368421,0
3551-HUAZH,Male,1,No,No,1,Yes,Yes,Fiber optic,No,No,No,No,No,No,Month-to-month,Yes,Electronic check,74.4,74.4,1,0-12,1,2,1,74.4,2
9137-UIYPG,Female,0,Yes,Yes,35,Yes,No,Fiber optic,Yes,No,Yes,Yes,Yes,Yes,Month-to-month,Yes,Electronic check,106.9,3756.45,0,24-36,0,6,1,107.32714285714285,2
2809-ZMYOQ,Female,0,No,No,32,Yes,Yes,Fiber optic,No,No,Yes,No,Yes,Yes,Month-to-month,Yes,Electronic check,101.35,3334.9,0,24-36,0,5,1,104.215625,2
5084-OOVCJ,Female,0,Yes,Yes,17,Yes,No,DSL,Yes,No,No,Yes,No,No,Month-to-month,Yes,Credit card (automatic),55.35,920.5,0,12-24,0,3,1,54.14705882352941,2
0254-WWRKD,Female,0,Yes,Yes,67,Yes,No,DSL,No,Yes,No,No,No,No,One year,No,Credit card (automatic),50.55,3431.75,0,60-72,0,2,1,51.22014925373134,1
7727-SHVZV,Female,0,No,No,9,Yes,No,No,No,No,No,No,No,No,Month-to-month,No,Bank transfer (automatic),19.5,150.35,0,0-12,0,1,0,16.705555555555556,2
6302-JGYRJ,Male,0,No,Yes,31,Yes,Yes,DSL,No,Yes,No,Yes,Yes,Yes,One year,Yes,Mailed check,79.45,2587.7,1,24-36,0,6,1,83.47419354838709,1
5339-PXDVH,Male,0,No,No,4,Yes,Yes,Fiber optic,Yes,No,No,No,Yes,No,Month-to-month,No,Electronic check,90.65,367.95,0,0-12,1,4,1,91.9875,2
2205-LPVGL,Male,1,Yes,Yes,58,Yes,Yes,Fiber optic,Yes,Yes,No,Yes,No,No,One year,Yes,Bank transfer (automatic),89.85,5125.75,0,48-60,0,5,1,88.375,1
8782-NUUOL,Male,0,No,No,60,Yes,No,DSL,Yes,No,Yes,Yes,Yes,Yes,One year,No,Mailed check,79.0,4801.1,0,48-60,0,6,1,80.01833333333335,1
3685-YLCMQ,Male,0,No,No,58,Yes,Yes,Fiber optic,No,No,Yes,Yes,Yes,Yes,One year,Yes,Electronic check,104.65,6219.6,1,48-60,0,6,1,107.2344827586207,1
7601-WFVZV,Male,0,No,No,1,Yes,No,No,No,No,No,No,No,No,Month-to-month,No,Mailed check,19.55,19.55,0,0-12,1,1,0,19.55,2
4609-KNNWG,Female,0,Yes,Yes,27,Yes,No,No,No,No,No,No,No,No,Two year,No,Mailed check,19.9,550.1,0,24-36,0,1,0,20.374074074074073,0
4868-AADLV,Male,1,Yes,Yes,66,Yes,Yes,Fiber optic,Yes,Yes,Yes,Yes,Yes,Yes,One year,Yes,Electronic check,116.25,7862.25,0,60-72,0,8,1,119.125,1
9529-OFXHY,Male,0,No,No,15,Yes,Yes,Fiber optic,Yes,No,No,No,Yes,No,Month-to-month,Yes,Bank transfer (automatic),87.75,1242.2,0,12-24,0,4,1,82.81333333333333,2
8634-MPHTR,Male,1,Yes,No,47,Yes,Yes,Fiber optic,No,No,Yes,No,Yes,Yes,Month-to-month,Yes,Electronic check,100.05,4871.05,1,36-48,0,5,1,103.63936170212766,2
2669-QVCRG,Female,0,No,No,41,Yes,Yes,Fiber optic,Yes,No,No,No,No,No,Month-to-month,Yes,Credit card (automatic),81.3,3190.65,0,36-48,0,3,1,77.82073170731708,2
2478-EEWWM,Male,0,Yes,No,59,No,No,DSL,No,No,No,No,Yes,Yes,Month-to-month,Yes,Electronic check,44.3,2666.75,0,48-60,0,2,0,45.19915254237288,2
9174-IHETN,Female,0,No,Yes,50,Yes,No,Fiber optic,No,No,No,No,No,No,Two year,No,Credit card (automatic),70.35,3533.6,0,48-60,0,1,1,70.672,0
2233-TXSIU,Male,0,Yes,Yes,17,No,No,DSL,Yes,No,Yes,No,Yes,No,One year,No,Credit card (automatic),44.45,792.15,0,12-24,0,3,0,46.59705882352941,1
9644-UMGQA,Male,0,Yes,Yes,6,Yes,No,DSL,Yes,No,No,No,No,No,Month-to-month,Yes,Electronic check,49.15,295.65,0,0-12,1,2,1,49.275,2
3256-EZDBI,Male,1,Yes,No,51,No,No,DSL,No,Yes,No,No,No,No,Month-to-month,Yes,Credit card (automatic),29.45,1459.35,0,48-60,0,1,0,28.61470588235294,2
8761-NSOBC,Male,0,No,No,44,Yes,No,Fiber optic,No,Yes,No,Yes,Yes,Yes,Month-to-month,No,Electronic check,100.55,4398.15,1,36-48,0,5,1,99.95795454545454,2
0419-YAAPX,Male,0,Yes,No,49,Yes,No,Fiber optic,No,Yes,No,No,Yes,No,Month-to-month,Yes,Credit card (automatic),85.3,4297.95,0,48-60,0,3,1,87.71326530612245,2
8413-VONUO,Male,0,No,No,2,Yes,No,Fiber optic,No,Yes,No,No,Yes,Yes,Month-to-month,No,Electronic check,95.65,167.3,1,0-12,1,4,1,83.65,2
0872-CASZJ,Male,0,Yes,No,59,Yes,Yes,DSL,Yes,No,No,Yes,No,Yes,One year,Yes,Mailed check,69.1,4096.9,0,48-60,0,5,1,69.43898305084745,1
4726-DLWQN,Male,1,No,No,50,Yes,Yes,DSL,Yes,Yes,No,No,Yes,No,Month-to-month,Yes,Bank transfer (automatic),70.35,3454.6,0,48-60,0,5,1,69.092,2
8164-OCKUJ,Female,0,Yes,Yes,59,Yes,No,No,No,No,No,No,No,No,Two year,No,Mailed check,20.6,1286.0,0,48-60,0,1,0,21.796610169491526,0
3094-JOJAI,Male,0,No,No,18,Yes,Yes,Fiber optic,No,No,No,No,No,No,Month-to-month,No,Mailed check,74.15,1387.0,0,12-24,0,2,1,77.05555555555556,2
9494-MRNYX,Male,0,No,No,10,Yes,Yes,Fiber optic,No,No,No,No,No,No,Month-to-month,No,Electronic check,75.05,786.3,0,0-12,0,2,1,78.63,2
2599-CZABP,Male,0,Yes,No,14,Yes,No,DSL,No,No,No,No,No,No,One year,No,Electronic check,44.6,641.25,0,12-24,0,1,1,45.80357142857143,1
7945-PRBVF,Male,0,No,No,35,Yes,No,No,No,No,No,No,No,No,Two year,No,Bank transfer (automatic),21.45,705.45,0,24-36,0,1,0,20.155714285714286,0
4544-RXFMG,Male,0,Yes,Yes,8,Yes,No,DSL,No,No,No,No,No,No,One year,Yes,Mailed check,43.45,345.5,0,0-12,0,1,1,43.1875,1
0859-YGKFW,Male,0,Yes,Yes,18,Yes,No,No,No,No,No,No,No,No,One year,No,Bank transfer (automatic),20.05,345.9,0,12-24,0,1,0,19.216666666666665,1
1150-FTQGN,Female,0,Yes,Yes,60,Yes,Yes,Fiber optic,Yes,Yes,No,No,Yes,No,One year,No,Bank transfer (automatic),94.15,5811.8,0,48-60,0,5,1,96.86333333333333,1
9223-UCPVT,Female,0,No,No,1,Yes,No,Fiber optic,No,No,Yes,No,Yes,Yes,Month-to-month,No,Electronic check,94.4,94.4,1,0-12,1,4,1,94.4,2
7196-LIWRH,Female,0,No,No,6,Yes,No,No,No,No,No,No,No,No,Two year,No,Mailed check,19.55,124.45,0,0-12,1,1,0,20.741666666666667,0
5448-VWNAM,Female,0,No,Yes,19,Yes,Yes,DSL,Yes,Yes,No,Yes,Yes,No,Month-to-month,Yes,Mailed check,75.9,1375.6,0,12-24,0,6,1,72.39999999999999,2
1177-XZBJL,Male,0,Yes,Yes,53,Yes,Yes,DSL,Yes,Yes,No,Yes,No,No,One year,No,Bank transfer (automatic),64.15,3491.55,0,48-60,0,5,1,65.87830188679246,1
3518-FSTWG,Male,1,Yes,No,72,Yes,Yes,Fiber optic,Yes,Yes,Yes,No,Yes,Yes,Two year,Yes,Bank transfer (automatic),109.55,7920.7,0,60-72,0,7,1,110.00972222222222,0
9330-VOFSZ,Female,0,Yes,No,60,Yes,Yes,Fiber optic,No,Yes,Yes,Yes,Yes,Yes,Two year,Yes,Credit card (automatic),110.8,6640.7,0,48-60,0,7,1,110.67833333333333,0
4351-QLCSU,Female,0,No,No,1,Yes,No,DSL,No,No,No,No,Yes,No,Month-to-month,Yes,Credit card (automatic),55.0,55.0,1,0-12,1,2,1,55.0,2
0939-EREMR,Female,0,No,Yes,13,Yes,No,DSL,No,No,Yes,Yes,No,No,Month-to-month,No,Mailed check,53.45,718.1,0,12-24,0,3,1,55.23846153846154,2
9389-ACWBI,Female,0,Yes,Yes,5,Yes,No,Fiber optic,No,No,No,No,No,No,Month-to-month,No,Credit card (automatic),69.95,320.4,0,0-12,1,1,1,64.08,2
5419-JPRRN,Male,0,No,No,1,Yes,Yes,Fiber optic,No,No,Yes,No,Yes,Yes,Month-to-month,Yes,Electronic check,101.45,101.45,1,0-12,1,5,1,101.45,2
3644-QXEHN,Male,0,Yes,Yes,13,Yes,No,Fiber optic,No,No,Yes,No,Yes,Yes,Month-to-month,No,Electronic check,97.0,1334.45,0,12-24,0,4,1,102.65,2
2911-IJORQ,Male,0,No,No,37,Yes,Yes,DSL,Yes,Yes,Yes,Yes,Yes,Yes,One year,Yes,Bank transfer (automatic),90.6,3358.65,0,36-48,0,8,1,90.77432432432433,1
5921-NGYRH,Male,0,Yes,No,64,Yes,No,Fiber optic,Yes,No,No,No,No,No,Month-to-month,Yes,Mailed check,73.55,4764.0,0,60-72,0,2,1,74.4375,2
2100-BDNSN,Female,0,Yes,No,5,Yes,Yes,DSL,No,No,Yes,Yes,Yes,No,Month-to-month,No,Bank transfer (automatic),67.95,350.3,1,0-12,1,5,1,70.06,2
5998-DZLYR,Female,0,Yes,No,61,Yes,Yes,Fiber optic,No,Yes,No,Yes,No,Yes,Two year,Yes,Bank transfer (automatic),94.35,5703.0,0,60-72,0,5,1,93.49180327868852,0
0488-GSLFR,Female,0,No,No,1,Yes,No,Fiber optic,No,No,No,No,No,No,Month-to-month,Yes,Electronic check,69.5,69.5,1,0-12,1,1,1,69.5,2
9318-NKNFC,Male,0,No,No,1,Yes,No,No,No,No,No,No,No,No,Month-to-month,Yes,Mailed check,18.85,18.85,1,0-12,1,1,0,18.85,2
3985-HOYPM,Male,0,No,No,26,Yes,No,No,No,No,No,No,No,No,One year,No,Mailed check,19.4,525.55,0,24-36,0,1,0,20.213461538461537,1
9728-FTTVZ,Female,0,No,No,1,Yes,No,Fiber optic,No,No,No,No,No,No,Month-to-month,Yes,Electronic check,69.2,69.2,1,0-12,1,1,1,69.2,2
9548-LERKT,Male,0,Yes,No,24,Yes,No,No,No,No,No,No,No,No,Two year,No,Mailed check,19.75,483.15,0,12-24,0,1,0,20.131249999999998,0
6576-FBXOJ,Male,0,Yes,No,17,No,No,DSL,No,No,Yes,Yes,Yes,Yes,One year,No,Electronic check,54.6,934.8,0,12-24,0,4,0,54.98823529411764,1
4310-KEDTB,Female,0,No,Yes,26,No,No,DSL,No,No,Yes,No,No,No,Month-to-month,Yes,Mailed check,29.8,786.5,0,24-36,0,1,0,30.25,2
7254-IQWOZ,Male,0,No,No,1,Yes,No,Fiber optic,No,No,No,No,No,No,Month-to-month,Yes,Electronic check,69.65,69.65,1,0-12,1,1,1,69.65,2
2474-BRUCM,Male,1,Yes,No,40,Yes,Yes,Fiber optic,Yes,No,No,No,Yes,Yes,Month-to-month,No,Electronic check,101.85,4086.3,1,36-48,0,5,1,102.1575,2
4062-HBMOS,Male,0,No,No,52,Yes,Yes,Fiber optic,No,Yes,Yes,No,Yes,Yes,Month-to-month,Yes,Electronic check,103.05,5364.8,0,48-60,0,6,1,103.16923076923078,2
0742-NXBGR,Female,0,No,No,1,Yes,No,Fiber optic,No,Yes,Yes,No,No,No,Month-to-month,Yes,Electronic check,82.3,82.3,1,0-12,1,3,1,82.3,2
2676-ISHSF,Male,0,No,No,1,Yes,No,No,No,No,No,No,No,No,Month-to-month,No,Mailed check,20.3,20.3,0,0-12,1,1,0,20.3,2
9236-NDUCW,Female,0,No,No,21,No,No,DSL,Yes,No,No,Yes,No,No,Two year,No,Mailed check,35.1,770.4,0,12-24,0,2,0,36.68571428571428,0
4753-PADAS,Female,0,Yes,No,67,Yes,Yes,Fiber optic,No,Yes,Yes,No,Yes,Yes,One year,Yes,Bank transfer (automatic),105.7,6816.95,0,60-72,0,6,1,101.7455223880597,1
6103-QCKFX,Female,0,Yes,Yes,44,Yes,No,DSL,Yes,No,No,Yes,No,No,Month-to-month,No,Bank transfer (automatic),56.25,2419.55,0,36-48,0,3,1,54.98977272727273,2
7781-EWARA,Male,0,Yes,Yes,70,No,No,DSL,No,Yes,Yes,Yes,Yes,Yes,One year,No,Electronic check,60.35,4138.7,0,60-72,0,5,0,59.12428571428571,1
6110-OHIHY,Male,0,No,No,3,Yes,No,Fiber optic,No,No,No,No,Yes,No,Month-to-month,No,Electronic check,79.25,267.6,1,0-12,1,2,1,89.2,2
7018-FPXHH,Male,0,Yes,Yes,56,Yes,No,DSL,Yes,Yes,Yes,No,No,No,Two year,Yes,Bank transfer (automatic),59.8,3457.45,0,48-60,0,4,1,61.740178571428565,0
5889-LFOLL,Female,0,No,No,13,Yes,Yes,Fiber optic,No,No,No,No,No,Yes,Month-to-month,Yes,Electronic check,84.6,1115.2,1,12-24,0,3,1,85.78461538461539,2
5708-EVONK,Female,0,Yes,Yes,58,Yes,Yes,Fiber optic,Yes,Yes,No,No,No,Yes,Month-to-month,Yes,Bank transfer (automatic),93.4,5435.6,1,48-60,0,5,1,93.71724137931035,2
8708-XPXHZ,Female,0,Yes,Yes,42,Yes,Yes,Fiber optic,No,No,No,No,Yes,Yes,Month-to-month,Yes,Electronic check,94.2,4186.3,1,36-48,0,4,1,99.67380952380952,2
0616-ATFGB,Male,1,Yes,No,1,No,No,DSL,No,No,No,No,No,No,Month-to-month,No,Electronic check,25.05,25.05,1,0-12,1,0,0,25.05,2
0572-ZJKLT,Female,0,Yes,Yes,46,Yes,Yes,Fiber optic,Yes,No,Yes,Yes,No,Yes,Two year,No,Mailed check,99.65,4630.2,0,36-48,0,6,1,100.65652173913043,0
5135-RDDQL,Female,0,Yes,Yes,63,Yes,No,DSL,Yes,No,No,No,No,No,Two year,Yes,Bank transfer (automatic),50.65,3221.25,0,60-72,0,2,1,51.13095238095238,0
1353-LJWEM,Male,0,No,No,11,Yes,No,DSL,No,Yes,Yes,Yes,No,No,Month-to-month,Yes,Electronic check,60.9,688.5,0,0-12,0,4,1,62.59090909090909,2
1794-SWWKL,Male,0,Yes,Yes,15,Yes,Yes,DSL,No,No,Yes,Yes,No,No,Month-to-month,Yes,Bank transfer (automatic),59.65,867.1,0,12-24,0,4,1,57.806666666666665,2
6166-YIPFO,Male,0,Yes,No,72,No,No,DSL,Yes,Yes,Yes,Yes,Yes,Yes,Two year,Yes,Electronic check,64.7,4746.05,0,60-72,0,6,0,65.91736111111112,0
7016-BPGEU,Female,0,No,No,29,No,No,DSL,No,No,No,No,No,No,Month-to-month,Yes,Credit card (automatic),25.1,712.85,1,24-36,0,0,0,24.58103448275862,2
6876-ADESB,Male,0,No,Yes,1,Yes,No,DSL,No,No,Yes,No,No,No,Month-to-month,No,Electronic check,48.95,48.95,1,0-12,1,2,1,48.95,2
9332-GYWLO,Female,0,Yes,Yes,6,Yes,No,DSL,No,No,No,No,Yes,No,Month-to-month,No,Electronic check,54.85,355.1,0,0-12,1,2,1,59.18333333333334,2
1963-SVUCV,Male,0,No,No,1,Yes,No,DSL,No,No,No,No,No,No,Month-to-month,No,Electronic check,45.3,45.3,1,0-12,1,1,1,45.3,2
4184-VODJZ,Male,0,Yes,Yes,63,Yes,Yes,Fiber optic,No,Yes,No,No,No,Yes,One year,Yes,Electronic check,91.35,5764.7,0,60-72,0,4,1,91.5031746031746,1
0220-EBGCE,Male,0,No,No,2,Yes,No,Fiber optic,No,No,Yes,No,No,Yes,Month-to-month,Yes,Electronic check,85.85,167.3,1,0-12,1,3,1,83.65,2
1092-WPIVQ,Female,0,Yes,Yes,18,Yes,Yes,No,No,No,No,No,No,No,Two year,No,Mailed check,25.1,428.45,0,12-24,0,2,0,23.802777777777777,0
7233-IOQNP,Female,0,Yes,No,43,No,No,DSL,Yes,No,No,Yes,No,No,Month-to-month,No,Bank transfer (automatic),34.0,1505.35,0,36-48,0,2,0,35.00813953488372,2
2834-JKOOW,Female,0,No,No,15,No,No,DSL,Yes,Yes,Yes,Yes,No,No,One year,No,Mailed check,45.9,693.45,0,12-24,0,4,0,46.230000000000004,1
2754-VDLTR,Male,0,No,Yes,10,Yes,Yes,Fiber optic,No,No,No,No,Yes,Yes,Month-to-month,No,Electronic check,95.2,930.4,1,0-12,0,4,1,93.03999999999999,2
2400-FEQME,Male,0,Yes,Yes,55,Yes,No,No,No,No,No,No,No,No,Two year,No,Mailed check,20.5,1177.95,0,48-60,0,1,0,21.417272727272728,0
3190-XFANI,Male,0,No,Yes,49,Yes,Yes,Fiber optic,No,No,No,Yes,Yes,Yes,One year,Yes,Bank transfer (automatic),100.6,5069.65,1,48-60,0,5,1,103.46224489795918,1
7551-DACSP,Male,0,Yes,Yes,6,Yes,No,DSL,No,Yes,Yes,No,No,No,Month-to-month,Yes,Mailed check,55.3,324.25,1,0-12,1,3,1,54.041666666666664,2
4957-SREEC,Male,0,Yes,Yes,70,Yes,No,No,No,No,No,No,No,No,Two year,No,Credit card (automatic),20.35,1458.1,0,60-72,0,1,0,20.83,0
7235-NXZCP,Male,1,No,No,2,Yes,Yes,Fiber optic,No,No,No,No,No,No,Month-to-month,Yes,Mailed check,74.85,156.4,1,0-12,1,2,1,78.2,2
0230-UBYPQ,Male,1,Yes,No,63,No,No,DSL,Yes,No,No,Yes,No,No,One year,No,Bank transfer (automatic),36.1,2298.9,0,60-72,0,2,0,36.490476190476194,1
4923-ADWXJ,Female,0,No,No,25,Yes,No,DSL,No,Yes,No,Yes,No,Yes,Month-to-month,Yes,Bank transfer (automatic),65.8,1679.65,0,24-36,0,4,1,67.186,2
1763-KUAAW,Female,1,No,No,18,Yes,No,No,No,No,No,No,No,No,One year,No,Bank transfer (automatic),20.35,369.6,0,12-24,0,1,0,20.533333333333335,1
1104-TNLZA,Male,1,Yes,No,28,Yes,Yes,Fiber optic,No,Yes,No,Yes,Yes,Yes,Month-to-month,Yes,Electronic check,105.8,2998.0,0,24-36,0,6,1,107.07142857142857,2
5195-KPUNQ,Female,1,No,No,53,Yes,No,Fiber optic,Yes,Yes,No,Yes,No,Yes,One year,Yes,Mailed check,96.75,5206.55,0,48-60,0,5,1,98.23679245283019,1
0520-FDVVT,Male,0,No,No,35,Yes,No,Fiber optic,No,Yes,Yes,No,Yes,Yes,One year,Yes,Bank transfer (automatic),102.35,3626.1,1,24-36,0,5,1,103.60285714285715,1
3439-GVUSX,Male,0,No,No,1,No,No,DSL,No,No,No,No,No,No,Month-to-month,No,Mailed check,24.4,24.4,0,0-12,1,0,0,24.4,2
1444-VVSGW,Male,0,Yes,No,70,Yes,Yes,Fiber optic,Yes,Yes,Yes,Yes,Yes,Yes,One year,No,Credit card (automatic),115.65,7968.85,1,60-72,0,8,1,113.84071428571428,1
5712-PTIWW,Male,0,No,No,2,Yes,No,Fiber optic,No,No,Yes,Yes,No,No,Month-to-month,Yes,Electronic check,79.85,152.45,1,0-12,1,3,1,76.225,2
5949-HGVJL,Female,0,Yes,No,26,Yes,No,DSL,No,Yes,No,Yes,Yes,Yes,Month-to-month,Yes,Electronic check,73.05,1959.5,0,24-36,0,5,1,75.36538461538461,2
5203-XEHAX,Female,0,No,No,34,Yes,No,DSL,Yes,Yes,No,No,No,Yes,One year,No,Electronic check,64.35,2053.05,0,24-36,0,4,1,60.38382352941177,1
1635-HDGFT,Female,0,No,Yes,19,Yes,No,No,No,No,No,No,No,No,Two year,No,Mailed check,20.5,398.55,0,12-24,0,1,0,20.976315789473684,0
3315-TOTBP,Male,0,No,No,15,Yes,Yes,Fiber optic,No,No,No,No,No,No,Month-to-month,Yes,Mailed check,76.0,1130.85,1,12-24,0,2,1,75.39,2
8050-XGRVL,Female,0,Yes,Yes,62,Yes,No,DSL,Yes,No,Yes,No,No,No,One year,No,Credit card (automatic),54.75,3425.35,0,60-72,0,3,1,55.247580645161285,1
6661-HBGWL,Female,1,No,No,42,Yes,Yes,Fiber optic,No,Yes,Yes,No,Yes,Yes,Month-to-month,Yes,Bank transfer (automatic),104.75,4323.45,1,36-48,0,6,1,102.93928571428572,2
1518-VOWAV,Female,0,No,No,9,Yes,No,DSL,Yes,Yes,No,No,Yes,Yes,Month-to-month,Yes,Electronic check,74.65,703.55,1,0-12,0,5,1,78.17222222222222,2
9828-QHFBK,Male,0,No,No,24,Yes,No,DSL,Yes,No,No,No,No,No,Month-to-month,Yes,Electronic check,51.15,1275.7,0,12-24,0,2,1,53.15416666666667,2
3908-MKIMJ,Male,1,Yes,No,68,No,No,DSL,Yes,Yes,Yes,No,No,No,Two year,Yes,Electronic check,41.95,2965.75,0,60-72,0,3,0,43.6139705882353,0
5012-YSPJJ,Male,0,Yes,Yes,31,Yes,No,DSL,No,No,Yes,Yes,No,No,Month-to-month,No,Mailed check,54.35,1647.0,0,24-36,0,3,1,53.12903225806452,2
5909-ECHUI,Female,0,No,No,1,Yes,No,DSL,No,No,No,No,No,Yes,Month-to-month,Yes,Electronic check,56.25,56.25,1,0-12,1,2,1,56.25,2
1309-BXVOQ,Male,0,Yes,No,21,Yes,Yes,Fiber optic,No,No,Yes,Yes,Yes,Yes,Month-to-month,Yes,Electronic check,106.1,2249.95,1,12-24,0,6,1,107.14047619047618,2
6728-VOIFY,Female,0,Yes,No,63,Yes,No,Fiber optic,No,Yes,No,No,Yes,Yes,One year,Yes,Electronic check,96.0,6109.75,0,60-72,0,4,1,96.98015873015873,1
9317-WZPGV,Female,1,No,No,2,Yes,No,Fiber optic,No,No,No,No,No,Yes,Month-to-month,Yes,Bank transfer (automatic),79.75,159.4,1,0-12,1,2,1,79.7,2
4891-NLUBA,Female,0,Yes,Yes,61,No,No,DSL,No,Yes,Yes,Yes,Yes,Yes,Two year,Yes,Bank transfer (automatic),61.45,3751.15,0,60-72,0,5,0,61.49426229508197,0
2856-HYAPG,Female,0,No,No,1,Yes,No,Fiber optic,No,No,No,No,No,No,Month-to-month,No,Electronic check,68.65,68.65,1,0-12,1,1,1,68.65,2
8969-PRHFK,Male,0,No,No,18,Yes,No,No,No,No,No,No,No,No,One year,No,Mailed check,19.65,411.25,0,12-24,0,1,0,22.84722222222222,1
0661-KQHNK,Female,0,Yes,Yes,6,Yes,No,No,No,No,No,No,No,No,One year,No,Credit card (automatic),19.0,105.5,0,0-12,1,1,0,17.583333333333332,1
8709-KRDVL,Female,0,No,No,33,Yes,Yes,Fiber optic,No,Yes,No,No,Yes,Yes,Month-to-month,Yes,Electronic check,100.0,3320.6,0,24-36,0,5,1,100.62424242424242,2
4488-PSYCG,Male,0,No,No,16,Yes,No,No,No,No,No,No,No,No,Month-to-month,No,Bank transfer (automatic),20.25,327.45,1,12-24,0,1,0,20.465625,2
1427-VERSM,Female,0,Yes,No,56,Yes,No,Fiber optic,No,No,Yes,Yes,Yes,Yes,Month-to-month,Yes,Electronic check,98.7,5669.5,0,48-60,0,5,1,101.24107142857143,2
9801-NOSHQ,Male,0,No,Yes,23,Yes,No,No,No,No,No,No,No,No,One year,No,Mailed check,19.8,465.45,0,12-24,0,1,0,20.23695652173913,1
6339-YPSAH,Male,0,No,No,9,Yes,No,Fiber optic,No,No,Yes,No,No,No,Month-to-month,Yes,Electronic check,73.8,704.3,0,0-12,0,2,1,78.25555555555555,2
3621-CEOVK,Female,1,Yes,No,14,Yes,Yes,Fiber optic,No,Yes,No,No,Yes,Yes,Month-to-month,Yes,Electronic check,100.2,1369.8,1,12-24,0,5,1,97.84285714285714,2
6906-ANDWJ,Male,0,Yes,Yes,15,Yes,Yes,Fiber optic,No,No,No,No,No,No,Month-to-month,Yes,Bank transfer (automatic),74.9,1107.25,1,12-24,0,2,1,73.81666666666666,2
2159-TURXX,Male,0,No,No,5,Yes,No,No,No,No,No,No,No,No,Month-to-month,No,Credit card (automatic),20.05,95.55,0,0-12,1,1,0,19.11,2
1548-FEHVL,Male,0,Yes,No,61,Yes,Yes,Fiber optic,Yes,Yes,No,No,Yes,Yes,Month-to-month,Yes,Electronic check,106.2,6375.2,0,60-72,0,6,1,104.51147540983607,2
3795-CAWEX,Male,0,Yes,Yes,70,Yes,Yes,Fiber optic,Yes,Yes,Yes,Yes,Yes,Yes,Two year,Yes,Credit card (automatic),116.55,8152.3,0,60-72,0,8,1,116.46142857142857,0
6215-NQCPY,Male,0,No,No,15,Yes,Yes,Fiber optic,Yes,No,No,No,Yes,Yes,Month-to-month,Yes,Electronic check,99.7,1566.75,0,12-24,0,5,1,104.45,2
5647-URDKA,Male,0,Yes,Yes,8,Yes,No,No,No,No,No,No,No,No,Two year,No,Mailed check,19.7,130.25,0,0-12,0,1,0,16.28125,0
2229-DPMBI,Female,0,Yes,Yes,8,Yes,No,No,No,No,No,No,No,No,Two year,No,Mailed check,19.5,162.15,0,0-12,0,1,0,20.26875,0
9626-WEQRM,Female,0,No,No,4,No,No,DSL,Yes,No,No,No,No,No,Month-to-month,Yes,Mailed check,29.15,110.05,0,0-12,1,1,0,27.5125,2
2188-SXWVT,Female,0,No,No,34,Yes,No,DSL,Yes,Yes,No,No,No,No,One year,No,Mailed check,55.0,1885.15,0,24-36,0,3,1,55.44558823529412,1
6258-PVZWJ,Male,0,Yes,No,68,Yes,Yes,DSL,Yes,Yes,Yes,Yes,Yes,Yes,Two year,Yes,Credit card (automatic),90.8,6302.85,0,60-72,0,8,1,92.68897058823529,0
1094-BKOSX,Female,0,Yes,Yes,45,No,No,DSL,No,Yes,Yes,Yes,No,Yes,One year,No,Bank transfer (automatic),51.0,2264.5,0,36-48,0,4,0,50.32222222222222,1
6969-MVBAI,Female,1,No,No,9,Yes,Yes,Fiber optic,No,No,Yes,No,Yes,No,Month-to-month,Yes,Electronic check,90.1,816.8,0,0-12,0,4,1,90.75555555555555,2
2978-XXSOG,Female,0,No,No,22,Yes,Yes,DSL,Yes,No,No,Yes,No,No,Month-to-month,Yes,Mailed check,59.05,1253.5,0,12-24,0,4,1,56.97727272727273,2
2342-CKIAO,Female,0,No,No,2,Yes,No,No,No,No,No,No,No,No,Month-to-month,No,Mailed check,20.3,41.2,0,0-12,1,1,0,20.6,2
6953-PBDIN,Male,0,Yes,No,70,Yes,Yes,DSL,No,Yes,Yes,Yes,Yes,No,Two year,No,Bank transfer (automatic),72.95,5265.55,0,60-72,0,6,1,75.22214285714286,0
3898-BSJYF,Female,0,No,Yes,10,Yes,Yes,DSL,Yes,No,Yes,Yes,No,Yes,One year,No,Credit card (automatic),73.55,693.3,0,0-12,0,6,1,69.33,1
3938-YFPXD,Male,0,No,No,72,Yes,Yes,DSL,Yes,No,Yes,Yes,Yes,Yes,Two year,No,Credit card (automatic),84.3,5997.1,0,60-72,0,7,1,83.29305555555555,0
7696-AMHOD,Female,0,Yes,Yes,49,Yes,No,DSL,No,Yes,Yes,No,Yes,Yes,One year,No,Credit card (automatic),78.0,3824.2,0,48-60,0,5,1,78.04489795918367,1
2453-SAFNS,Female,1,No,No,54,Yes,Yes,DSL,No,Yes,No,Yes,Yes,No,One year,No,Mailed check,72.1,3886.05,0,48-60,0,5,1,71.96388888888889,1
9558-IHEZX,Female,0,No,No,71,Yes,Yes,Fiber optic,Yes,Yes,Yes,No,Yes,Yes,Two year,Yes,Credit card (automatic),106.75,7283.25,0,60-72,0,7,1,102.58098591549296,0
9617-UDPEU,Female,0,No,No,22,Yes,No,No,No,No,No,No,No,No,One year,Yes,Mailed check,19.25,412.55,0,12-24,0,1,0,18.75227272727273,1
6340-DACFT,Female,0,Yes,Yes,50,Yes,No,No,No,No,No,No,No,No,Two year,No,Credit card (automatic),20.55,1070.25,0,48-60,0,1,0,21.405,0
4955-VCWBI,Female,0,Yes,Yes,43,Yes,No,No,No,No,No,No,No,No,One year,No,Mailed check,20.0,817.95,0,36-48,0,1,0,19.022093023255817,1
6813-GZQCG,Female,0,Yes,Yes,45,Yes,Yes,No,No,No,No,No,No,No,Two year,Yes,Credit card (automatic),24.65,1171.3,0,36-48,0,2,0,26.028888888888886,0
7426-GSWPO,Male,1,No,No,64,Yes,Yes,Fiber optic,Yes,Yes,No,No,Yes,Yes,Month-to-month,Yes,Bank transfer (automatic),103.5,6548.65,0,60-72,0,6,1,102.32265625,2
3389-KTRXV,Female,0,Yes,Yes,23,Yes,Yes,No,No,No,No,No,No,No,Two year,No,Mailed check,23.85,625.65,0,12-24,0,2,0,27.202173913043477,0
3118-UHVVQ,Female,0,Yes,No,68,Yes,Yes,No,No,No,No,No,No,No,Two year,No,Credit card (automatic),25.8,1911.5,0,60-72,0,2,0,28.110294117647058,0
1031-IIDEO,Female,0,No,No,1,Yes,No,Fiber optic,No,No,No,No,No,No,Month-to-month,Yes,Electronic check,70.85,70.85,1,0-12,1,1,1,70.85,2
5832-XKAES,Male,0,No,No,2,Yes,No,Fiber optic,No,No,No,No,No,No,Month-to-month,Yes,Credit card (automatic),69.8,134.7,1,0-12,1,1,1,67.35,2
3205-MXZRA,Male,0,No,No,26,Yes,No,DSL,No,No,No,Yes,Yes,No,One year,No,Credit card (automatic),59.45,1507.0,0,24-36,0,3,1,57.96153846153846,1
4701-AHWMW,Male,0,Yes,No,55,No,No,DSL,No,No,Yes,Yes,Yes,Yes,Month-to-month,Yes,Bank transfer (automatic),54.55,2978.3,1,48-60,0,4,0,54.150909090909096,2
8317-BVKSO,Male,0,No,No,14,Yes,No,No,No,No,No,No,No,No,Month-to-month,Yes,Electronic check,20.05,299.3,0,12-24,0,1,0,21.37857142857143,2
5702-KVQRD,Male,0,Yes,No,71,Yes,No,DSL,Yes,No,Yes,Yes,Yes,Yes,Two year,Yes,Electronic check,82.55,5832.65,0,60-72,0,6,1,82.14999999999999,0
0083-PIVIK,Male,0,No,No,64,Yes,Yes,DSL,Yes,Yes,Yes,Yes,Yes,No,One year,No,Electronic check,81.25,5567.55,0,60-72,0,7,1,86.99296875,1
9210-IAHGH,Female,0,No,No,7,Yes,No,DSL,No,No,No,Yes,Yes,Yes,Month-to-month,Yes,Credit card (automatic),70.75,450.8,1,0-12,0,4,1,64.4,2
6169-PGNCD,Female,0,No,No,57,Yes,No,DSL,Yes,Yes,Yes,Yes,Yes,No,Two year,Yes,Credit card (automatic),74.3,4166.35,0,48-60,0,6,1,73.09385964912282,0
0023-XUOPT,Female,0,Yes,No,13,Yes,Yes,Fiber optic,No,Yes,Yes,No,Yes,No,Month-to-month,No,Electronic check,94.1,1215.6,1,12-24,0,5,1,93.5076923076923,2
4592-IWTJI,Female,0,Yes,Yes,3,No,No,DSL,Yes,No,No,No,No,No,Month-to-month,No,Credit card (automatic),29.7,91.7,1,0-12,1,1,0,30.566666666666666,2
4909-JOUPP,Male,1,Yes,No,72,Yes,Yes,Fiber optic,No,Yes,Yes,Yes,Yes,Yes,Two year,No,Credit card (automatic),109.7,7898.45,0,60-72,0,7,1,109.70069444444444,0
4657-FWVFY,Female,0,Yes,Yes,40,Yes,Yes,Fiber optic,No,Yes,Yes,No,Yes,No,Month-to-month,Yes,Credit card (automatic),96.35,3915.4,0,36-48,0,5,1,97.885,2
2257-BOVXD,Male,0,Yes,No,14,Yes,Yes,DSL,No,No,No,Yes,Yes,No,Month-to-month,Yes,Credit card (automatic),66.6,979.5,0,12-24,0,4,1,69.96428571428571,2
7729-JTEEC,Male,0,Yes,Yes,2,Yes,No,DSL,No,No,No,No,No,No,Month-to-month,Yes,Electronic check,44.5,90.05,0,0-12,1,1,1,45.025,2
7632-MNYOY,Male,1,No,No,66,Yes,Yes,Fiber optic,No,Yes,Yes,Yes,Yes,Yes,One year,No,Credit card (automatic),110.9,7432.05,1,60-72,0,7,1,112.60681818181818,1
6518-LGAOV,Female,0,Yes,No,38,Yes,Yes,Fiber optic,No,No,Yes,Yes,Yes,Yes,Month-to-month,Yes,Electronic check,105.0,4026.4,1,36-48,0,6,1,105.9578947368421,2
7242-QZLXF,Male,0,No,Yes,1,No,No,DSL,No,No,No,No,No,No,Month-to-month,Yes,Electronic check,25.3,25.3,1,0-12,1,0,0,25.3,2
4576-CSAJH,Male,0,No,No,22,Yes,No,DSL,No,Yes,No,Yes,No,No,One year,Yes,Credit card (automatic),55.15,1193.05,1,12-24,0,3,1,54.22954545454545,1
1000-AJSLD,Male,0,No,No,1,Yes,No,No,No,No,No,No,No,No,Month-to-month,Yes,Mailed check,20.1,20.1,1,0-12,1,1,0,20.1,2
9696-RMYBA,Male,0,No,No,5,Yes,No,Fiber optic,No,No,No,No,Yes,No,Month-to-month,Yes,Mailed check,80.1,398.55,0,0-12,1,2,1,79.71000000000001,2
8690-UPCZI,Male,0,Yes,Yes,29,Yes,Yes,DSL,Yes,No,No,Yes,Yes,No,One year,No,Bank transfer (automatic),69.05,1958.45,0,24-36,0,5,1,67.53275862068966,1
1062-LHZOD,Male,0,Yes,Yes,1,Yes,No,Fiber optic,No,No,No,No,No,No,Month-to-month,Yes,Mailed check,69.9,69.9,1,0-12,1,1,1,69.9,2
9770-LXDBK,Female,0,No,No,3,Yes,No,No,No,No,No,No,No,No,Month-to-month,No,Mailed check,20.4,63.15,0,0-12,1,1,0,21.05,2
4086-WITJG,Male,0,Yes,Yes,71,Yes,No,No,No,No,No,No,No,No,Two year,No,Credit card (automatic),19.7,1301.1,0,60-72,0,1,0,18.325352112676054,0
8344-WFMFH,Male,0,No,Yes,9,Yes,No,DSL,No,Yes,No,No,No,No,Month-to-month,Yes,Electronic check,50.1,484.05,0,0-12,0,2,1,53.78333333333333,2
9600-NAXZN,Male,0,No,No,43,Yes,Yes,Fiber optic,No,Yes,No,No,Yes,Yes,Month-to-month,Yes,Electronic check,101.4,4528.0,1,36-48,0,5,1,105.30232558139535,2
8822-KNBHV,Female,0,No,No,48,Yes,Yes,DSL,Yes,Yes,Yes,No,Yes,Yes,One year,Yes,Credit card (automatic),83.45,3887.85,0,36-48,0,7,1,80.996875,1
8404-FYDIB,Male,0,No,No,26,Yes,Yes,Fiber optic,Yes,Yes,No,No,No,No,Month-to-month,Yes,Credit card (automatic),86.65,2208.75,0,24-36,0,4,1,84.95192307692308,2
2791-SFVEW,Female,0,No,No,9,Yes,No,No,No,No,No,No,No,No,Month-to-month,No,Bank transfer (automatic),20.15,238.15,0,0-12,0,1,0,26.461111111111112,2
6457-USBER,Male,0,No,No,1,Yes,No,Fiber optic,No,No,No,No,No,Yes,Month-to-month,Yes,Electronic check,80.8,80.8,1,0-12,1,2,1,80.8,2
6762-NSODU,Female,0,Yes,Yes,46,Yes,No,No,No,No,No,No,No,No,Two year,No,Credit card (automatic),19.4,958.15,0,36-48,0,1,0,20.829347826086956,0
4662-EKDPQ,Male,0,No,No,2,Yes,Yes,DSL,No,No,No,No,No,Yes,Month-to-month,No,Bank transfer (automatic),62.05,118.3,1,0-12,1,3,1,59.15,2
9248-OJYKK,Male,1,No,No,1,Yes,Yes,Fiber optic,No,No,No,No,No,No,Month-to-month,Yes,Electronic check,76.45,76.45,1,0-12,1,2,1,76.45,2
9888-ZCUMM,Male,0,Yes,Yes,64,No,No,DSL,Yes,No,Yes,Yes,Yes,Yes,Two year,Yes,Bank transfer (automatic),60.05,3845.45,0,60-72,0,5,0,60.08515625,0
3398-FSHON,Female,1,No,No,12,Yes,Yes,Fiber optic,No,Yes,No,No,Yes,No,Month-to-month,Yes,Electronic check,91.3,1094.5,1,0-12,0,4,1,91.20833333333333,2
3319-DWOEP,Male,1,Yes,No,6,Yes,No,Fiber optic,No,No,Yes,No,Yes,Yes,Month-to-month,Yes,Electronic check,95.75,573.75,1,0-12,1,4,1,95.625,2
1074-WVEVG,Female,0,Yes,No,59,Yes,No,No,No,No,No,No,No,No,One year,No,Mailed check,20.35,1267.0,0,48-60,0,1,0,21.47457627118644,1
9979-RGMZT,Female,0,No,No,7,Yes,No,Fiber optic,No,Yes,No,No,Yes,Yes,One year,Yes,Mailed check,94.05,633.45,0,0-12,0,4,1,90.49285714285715,1
6437-UDQJM,Female,1,Yes,No,72,Yes,Yes,DSL,Yes,Yes,Yes,No,Yes,Yes,Two year,Yes,Credit card (automatic),84.1,6129.65,0,60-72,0,7,1,85.13402777777777,0
1226-IENZN,Male,1,No,No,16,Yes,No,Fiber optic,No,No,No,No,No,Yes,Month-to-month,Yes,Electronic check,78.75,1218.25,0,12-24,0,2,1,76.140625,2
2108-GLPQB,Male,0,Yes,No,25,Yes,Yes,DSL,No,No,Yes,No,No,No,Month-to-month,No,Credit card (automatic),55.55,1405.3,0,24-36,0,3,1,56.211999999999996,2
9259-PACGQ,Female,0,Yes,No,34,Yes,Yes,DSL,Yes,Yes,No,Yes,No,No,Month-to-month,No,Electronic check,62.65,2274.9,1,24-36,0,5,1,66.90882352941176,2
4415-IJZTP,Female,0,No,No,1,Yes,Yes,Fiber optic,No,No,No,No,No,No,Month-to-month,Yes,Electronic check,74.5,74.5,1,0-12,1,2,1,74.5,2
1465-VINDH,Female,0,Yes,Yes,10,Yes,Yes,Fiber optic,No,Yes,Yes,No,Yes,Yes,Month-to-month,Yes,Credit card (automatic),102.1,1068.85,1,0-12,0,6,1,106.88499999999999,2
5474-LAMUQ,Male,0,Yes,No,24,Yes,No,No,No,No,No,No,No,No,One year,No,Mailed check,20.1,533.9,0,12-24,0,1,0,22.245833333333334,1
3468-DRVQJ,Female,0,Yes,Yes,10,Yes,Yes,DSL,Yes,Yes,No,No,Yes,No,One year,No,Electronic check,70.3,676.15,0,0-12,0,5,1,67.615,1
1122-YJBCS,Male,0,Yes,No,69,Yes,No,DSL,Yes,Yes,No,No,No,No,One year,Yes,Credit card (automatic),53.65,3804.4,0,60-72,0,3,1,55.13623188405797,1
4990-ALDGW,Male,0,No,No,57,Yes,No,No,No,No,No,No,No,No,Two year,No,Mailed check,20.75,1118.8,0,48-60,0,1,0,19.628070175438594,0
4816-OKWNX,Male,0,Yes,Yes,50,Yes,No,Fiber optic,No,Yes,Yes,Yes,Yes,Yes,One year,Yes,Bank transfer (automatic),103.4,5236.4,0,48-60,0,6,1,104.728,1
3315-IKYZQ,Male,0,Yes,Yes,28,No,No,DSL,Yes,No,Yes,Yes,Yes,No,One year,No,Mailed check,50.8,1386.8,0,24-36,0,4,0,49.528571428571425,1
2810-FTLEM,Female,0,No,No,16,Yes,No,DSL,Yes,No,No,No,No,No,Month-to-month,Yes,Electronic check,50.15,762.25,1,12-24,0,2,1,47.640625,2
4747-LCAQL,Male,0,No,No,25,Yes,No,DSL,Yes,Yes,No,Yes,Yes,Yes,Month-to-month,Yes,Mailed check,79.0,1902.0,0,24-36,0,6,1,76.08,2
3411-WLRSQ,Female,1,Yes,No,3,Yes,No,Fiber optic,No,Yes,No,No,No,No,Month-to-month,Yes,Bank transfer (automatic),74.6,239.05,0,0-12,1,2,1,79.68333333333334,2
0898-XCGTF,Male,0,Yes,No,61,Yes,Yes,Fiber optic,No,No,No,No,Yes,Yes,One year,Yes,Bank transfer (automatic),96.5,5673.7,0,60-72,0,4,1,93.01147540983607,1
8006-PYCSW,Female,0,No,No,2,Yes,No,No,No,No,No,No,No,No,Month-to-month,No,Mailed check,20.1,39.8,0,0-12,1,1,0,19.9,2
8249-THVEC,Male,0,Yes,Yes,51,Yes,No,No,No,No,No,No,No,No,One year,No,Mailed check,19.4,997.75,0,48-60,0,1,0,19.563725490196077,1
8722-PRFDV,Female,0,Yes,Yes,71,Yes,No,DSL,Yes,No,Yes,No,Yes,Yes,Two year,No,Credit card (automatic),77.55,5574.35,0,60-72,0,5,1,78.51197183098591,0
2164-SOQXL,Female,0,Yes,Yes,20,Yes,No,No,No,No,No,No,No,No,Month-to-month,No,Mailed check,20.05,406.05,0,12-24,0,1,0,20.302500000000002,2
4020-KIUDI,Male,0,Yes,Yes,6,Yes,No,No,No,No,No,No,No,No,Month-to-month,No,Credit card (automatic),19.85,138.85,0,0-12,1,1,0,23.141666666666666,2
5850-BDWCY,Female,0,No,No,6,Yes,No,No,No,No,No,No,No,No,Month-to-month,No,Mailed check,20.2,123.65,0,0-12,1,1,0,20.608333333333334,2
2038-YSEZE,Female,0,No,No,29,Yes,Yes,DSL,Yes,Yes,No,Yes,No,No,Month-to-month,No,Mailed check,67.45,1801.1,0,24-36,0,5,1,62.106896551724134,2
0827-ITJPH,Male,0,No,No,36,Yes,No,No,No,No,No,No,No,No,Two year,Yes,Credit card (automatic),18.55,689.0,0,24-36,0,1,0,19.13888888888889,0
8799-OXZMD,Female,0,No,No,28,No,No,DSL,No,No,Yes,No,No,No,Month-to-month,Yes,Mailed check,29.75,790.7,0,24-36,0,1,0,28.239285714285717,2
1925-TIBLE,Female,0,Yes,No,7,Yes,Yes,Fiber optic,No,No,No,No,Yes,No,Month-to-month,Yes,Electronic check,86.5,582.5,1,0-12,0,3,1,83.21428571428571,2
1705-GUHPV,Female,0,No,No,63,Yes,Yes,No,No,No,No,No,No,No,Two year,No,Mailed check,24.2,1618.2,0,60-72,0,2,0,25.685714285714287,0
4779-ZGICK,Male,0,Yes,Yes,48,Yes,Yes,No,No,No,No,No,No,No,Two year,No,Mailed check,23.55,1173.35,0,36-48,0,2,0,24.444791666666664,0
0048-PIHNL,Female,0,Yes,No,49,Yes,No,No,No,No,No,No,No,No,One year,No,Bank transfer (automatic),20.45,900.9,0,48-60,0,1,0,18.385714285714286,1
0818-OCPZO,Male,1,No,No,27,Yes,Yes,Fiber optic,No,Yes,No,No,No,No,Month-to-month,Yes,Electronic check,81.45,2122.05,1,24-36,0,3,1,78.59444444444445,2
3967-KXAPS,Male,0,Yes,No,72,Yes,Yes,DSL,Yes,Yes,Yes,Yes,Yes,Yes,Two year,No,Credit card (automatic),92.3,6719.9,0,60-72,0,8,1,93.33194444444445,0
1447-GIQMR,Male,0,Yes,No,1,Yes,No,Fiber optic,No,No,No,No,No,No,Month-to-month,Yes,Electronic check,69.15,69.15,1,0-12,1,1,1,69.15,2
3704-IEAXF,Female,0,Yes,Yes,72,No,No,DSL,No,Yes,No,Yes,Yes,Yes,Two year,No,Credit card (automatic),53.65,3784.0,0,60-72,0,4,0,52.55555555555556,0
6810-VCAEX,Female,0,No,No,47,No,No,DSL,Yes,Yes,No,Yes,No,No,One year,No,Credit card (automatic),39.65,1798.65,0,36-48,0,3,0,38.26914893617022,1
0674-EYYZV,Female,0,No,No,1,Yes,No,DSL,No,No,No,No,Yes,No,Month-to-month,Yes,Electronic check,54.65,54.65,0,0-12,1,2,1,54.65,2
4480-MBMLB,Female,0,No,No,36,Yes,Yes,Fiber optic,No,Yes,Yes,No,Yes,Yes,One year,Yes,Bank transfer (automatic),104.8,3886.45,0,24-36,0,6,1,107.95694444444445,1
1395-OFUWC,Male,0,Yes,Yes,43,No,No,DSL,No,Yes,No,No,No,No,Month-to-month,No,Credit card (automatic),29.3,1224.05,0,36-48,0,1,0,28.46627906976744,2
0822-QGCXA,Female,1,Yes,No,27,Yes,Yes,DSL,No,Yes,Yes,Yes,Yes,Yes,Month-to-month,No,Electronic check,83.85,2310.2,0,24-36,0,7,1,85.56296296296296,2
0872-NXJYS,Female,0,No,No,9,Yes,No,Fiber optic,No,No,No,No,No,Yes,Month-to-month,Yes,Electronic check,79.55,723.4,1,0-12,0,2,1,80.37777777777778,2
2832-KJCRD,Female,0,No,No,38,Yes,Yes,Fiber optic,No,No,Yes,Yes,Yes,Yes,Month-to-month,Yes,Electronic check,103.65,3988.5,0,36-48,0,6,1,104.96052631578948,2
3588-WSTTJ,Female,1,No,No,35,Yes,Yes,Fiber optic,Yes,No,No,No,Yes,Yes,Month-to-month,Yes,Electronic check,99.05,3554.6,0,24-36,0,5,1,101.56,2
4075-WKNIU,Female,0,Yes,Yes,0,Yes,Yes,DSL,No,Yes,Yes,Yes,Yes,No,Two year,No,Mailed check,73.35,0.0,0,0-12,1,6,1,73.35,0
5090-EMGTC,Female,0,Yes,No,59,Yes,No,Fiber optic,No,Yes,No,Yes,Yes,Yes,Two year,Yes,Mailed check,100.05,6034.85,0,48-60,0,5,1,102.285593220339,0
2346-CZYIL,Male,0,No,No,27,Yes,No,No,No,No,No,No,No,No,Two year,No,Credit card (automatic),20.35,531.6,0,24-36,0,1,0,19.68888888888889,0
3798-EPWRR,Female,1,No,No,2,Yes,No,DSL,No,No,No,No,No,No,Month-to-month,No,Electronic check,43.95,85.1,0,0-12,1,1,1,42.55,2
6258-NGCNG,Male,0,No,No,7,Yes,Yes,No,No,No,No,No,No,No,Month-to-month,No,Mailed check,23.5,173.0,0,0-12,0,2,0,24.714285714285715,2
4186-ZBUEW,Female,0,No,No,36,Yes,Yes,DSL,No,Yes,No,Yes,No,Yes,One year,Yes,Mailed check,70.7,2511.95,0,24-36,0,5,1,69.77638888888889,1
5274-XHAKY,Female,0,Yes,Yes,41,Yes,Yes,Fiber optic,Yes,Yes,No,No,Yes,No,Month-to-month,Yes,Bank transfer (automatic),94.3,3893.6,0,36-48,0,5,1,94.96585365853659,2
1442-BQPVU,Female,0,No,No,13,No,No,DSL,No,Yes,No,No,No,No,Month-to-month,No,Electronic check,29.15,357.15,0,12-24,0,1,0,27.47307692307692,2
3978-YNKDD,Male,0,No,Yes,19,Yes,No,No,No,No,No,No,No,No,Two year,No,Credit card (automatic),20.85,467.5,0,12-24,0,1,0,24.605263157894736,0
4940-KHCWD,Female,0,Yes,No,60,No,No,DSL,Yes,Yes,No,Yes,No,No,Two year,No,Bank transfer (automatic),37.7,2288.7,0,48-60,0,3,0,38.144999999999996,0
9412-ARGBX,Female,0,No,Yes,48,Yes,No,Fiber optic,No,Yes,Yes,Yes,Yes,No,Two year,Yes,Mailed check,95.5,4627.85,1,36-48,0,5,1,96.41354166666667,0
1389-CXMLU,Male,1,No,No,3,Yes,Yes,Fiber optic,No,No,Yes,No,Yes,No,Month-to-month,No,Electronic check,91.05,289.1,1,0-12,1,4,1,96.36666666666667,2
9589-ABEPT,Male,0,Yes,No,69,Yes,Yes,Fiber optic,No,Yes,No,Yes,Yes,No,Two year,Yes,Mailed check,92.45,6460.55,0,60-72,0,5,1,93.63115942028986,0
9388-ZEYVT,Male,0,No,No,43,No,No,DSL,No,No,Yes,Yes,No,Yes,One year,No,Electronic check,44.15,1931.3,0,36-48,0,3,0,44.913953488372094,1
0305-SQECB,Female,0,No,Yes,11,No,No,DSL,Yes,No,No,Yes,No,No,One year,Yes,Mailed check,36.05,402.6,0,0-12,0,2,0,36.6,1
7605-SNLQG,Female,0,Yes,No,45,Yes,No,DSL,No,No,Yes,No,No,No,Month-to-month,Yes,Credit card (automatic),50.25,2221.55,0,36-48,0,2,1,49.36777777777778,2
4670-TABXH,Male,0,Yes,No,72,Yes,Yes,Fiber optic,No,Yes,Yes,Yes,Yes,Yes,Two year,Yes,Credit card (automatic),109.75,7758.9,0,60-72,0,7,1,107.76249999999999,0
5561-NWEVX,Female,1,Yes,No,2,Yes,Yes,Fiber optic,No,No,Yes,No,No,No,Month-to-month,No,Electronic check,79.2,172.85,1,0-12,1,3,1,86.425,2
0064-SUDOG,Female,0,Yes,Yes,12,Yes,No,No,No,No,No,No,No,No,Two year,No,Bank transfer (automatic),20.3,224.5,0,0-12,0,1,0,18.708333333333332,0
8561-NMTBD,Female,0,Yes,Yes,67,Yes,Yes,Fiber optic,No,Yes,Yes,Yes,Yes,Yes,One year,Yes,Credit card (automatic),112.35,7388.45,0,60-72,0,7,1,110.27537313432836,1
5161-XEUVX,Male,0,Yes,No,37,Yes,Yes,Fiber optic,No,No,Yes,Yes,Yes,No,Two year,No,Mailed check,94.3,3460.95,0,36-48,0,5,1,93.53918918918919,0
8292-FRFZQ,Female,0,No,No,39,No,No,DSL,Yes,Yes,No,Yes,No,No,One year,No,Bank transfer (automatic),41.15,1700.9,0,36-48,0,3,0,43.61282051282051,1
8591-NXRCV,Female,0,No,No,41,Yes,Yes,DSL,Yes,No,Yes,Yes,No,Yes,Month-to-month,Yes,Bank transfer (automatic),74.65,3090.65,0,36-48,0,6,1,75.38170731707318,2
7895-VONWT,Female,0,No,No,25,No,No,DSL,No,No,Yes,No,Yes,Yes,Month-to-month,Yes,Electronic check,48.25,1293.8,0,24-36,0,3,0,51.751999999999995,2
4526-RMTLL,Male,0,Yes,Yes,8,Yes,Yes,DSL,Yes,Yes,No,Yes,No,Yes,Two year,Yes,Credit card (automatic),76.15,645.8,0,0-12,0,6,1,80.725,0
6253-GNHWH,Female,0,Yes,Yes,71,Yes,Yes,DSL,Yes,Yes,Yes,Yes,No,No,Two year,No,Mailed check,71.1,5224.95,0,60-72,0,6,1,73.59084507042253,0
4566-NECEV,Male,0,No,No,5,Yes,Yes,Fiber optic,No,Yes,Yes,No,No,Yes,Month-to-month,No,Electronic check,96.55,500.1,0,0-12,1,5,1,100.02000000000001,2
8080-POTJR,Female,0,No,No,30,Yes,Yes,DSL,Yes,No,Yes,No,Yes,Yes,One year,Yes,Credit card (automatic),79.3,2427.1,0,24-36,0,6,1,80.90333333333334,1
6906-MPARY,Male,0,No,No,40,Yes,No,Fiber optic,No,Yes,No,Yes,No,Yes,One year,Yes,Credit card (automatic),89.6,3488.15,0,36-48,0,4,1,87.20375,1
3662-FXJFO,Female,0,No,No,54,Yes,No,No,No,No,No,No,No,No,Two year,Yes,Mailed check,20.5,1035.7,0,48-60,0,1,0,19.17962962962963,0
8107-RZLNV,Male,0,Yes,No,72,Yes,Yes,Fiber optic,No,Yes,Yes,No,Yes,Yes,Two year,Yes,Bank transfer (automatic),106.3,7565.35,0,60-72,0,6,1,105.07430555555555,0
0516-OOHAR,Male,0,Yes,Yes,28,Yes,No,Fiber optic,No,Yes,Yes,No,Yes,Yes,One year,No,Bank transfer (automatic),100.35,2799.0,0,24-36,0,5,1,99.96428571428571,1
2027-CWDNU,Male,0,Yes,Yes,18,Yes,No,Fiber optic,No,No,No,Yes,No,Yes,Month-to-month,Yes,Electronic check,85.6,1601.5,0,12-24,0,3,1,88.97222222222223,2
2737-WFVYW,Female,0,No,No,2,No,No,DSL,No,No,No,No,Yes,Yes,Month-to-month,Yes,Electronic check,45.25,85.5,1,0-12,1,2,0,42.75,2
9912-OMZDS,Female,0,Yes,Yes,59,Yes,Yes,Fiber optic,No,Yes,Yes,No,Yes,Yes,One year,Yes,Electronic check,106.15,6256.2,0,48-60,0,6,1,106.03728813559322,1
3733-ZEECP,Male,0,Yes,Yes,22,Yes,No,DSL,No,No,No,Yes,No,No,Month-to-month,Yes,Electronic check,51.1,1232.9,0,12-24,0,2,1,56.040909090909096,2
7878-RTCZG,Female,0,No,No,1,Yes,No,No,No,No,No,No,No,No,Month-to-month,No,Mailed check,19.9,19.9,0,0-12,1,1,0,19.9,2
2452-MRMZF,Female,1,Yes,No,72,Yes,Yes,No,No,No,No,No,No,No,Two year,Yes,Credit card (automatic),25.7,1937.4,0,60-72,0,2,0,26.908333333333335,0
2272-QAGFO,Female,1,No,No,14,Yes,Yes,Fiber optic,No,No,No,No,No,No,Month-to-month,Yes,Electronic check,74.3,1096.25,1,12-24,0,2,1,78.30357142857143,2
7103-IPXPJ,Male,0,Yes,No,50,Yes,Yes,Fiber optic,No,No,No,Yes,Yes,Yes,One year,No,Electronic check,99.4,5059.75,0,48-60,0,5,1,101.195,1
4342-HFXWS,Female,0,Yes,Yes,48,Yes,No,DSL,Yes,No,Yes,Yes,Yes,No,One year,No,Bank transfer (automatic),69.7,3023.65,0,36-48,0,5,1,62.99270833333333,1
3545-CNWRG,Female,0,Yes,Yes,49,Yes,Yes,Fiber optic,No,Yes,No,No,Yes,Yes,Month-to-month,Yes,Electronic check,98.35,4889.2,0,48-60,0,5,1,99.7795918367347,2
1785-BPHTP,Male,0,Yes,Yes,28,Yes,No,Fiber optic,No,No,Yes,No,Yes,No,Month-to-month,No,Electronic check,85.45,2289.9,0,24-36,0,3,1,81.78214285714286,2
4989-LIXVT,Male,1,No,No,68,Yes,Yes,Fiber optic,No,Yes,Yes,No,No,Yes,Month-to-month,Yes,Electronic check,95.9,6503.2,0,60-72,0,5,1,95.63529411764705,2
7315-WYOAW,Male,0,No,No,13,Yes,Yes,Fiber optic,No,No,No,Yes,Yes,Yes,Month-to-month,No,Electronic check,100.75,1313.25,0,12-24,0,5,1,101.01923076923077,2
1173-XZPYF,Female,0,No,No,11,Yes,Yes,Fiber optic,No,No,Yes,No,Yes,No,Month-to-month,Yes,Electronic check,89.2,990.3,0,0-12,0,4,1,90.02727272727272,2
9850-OWRHQ,Female,0,Yes,No,3,Yes,Yes,Fiber optic,No,No,No,No,No,No,Month-to-month,Yes,Credit card (automatic),74.1,228.0,1,0-12,1,2,1,76.0,2
3768-NLUBH,Male,1,Yes,No,57,Yes,Yes,Fiber optic,No,No,Yes,No,Yes,Yes,Month-to-month,No,Electronic check,100.6,5746.15,1,48-60,0,5,1,100.80964912280702,2
8676-TRMJS,Male,0,No,No,3,Yes,Yes,Fiber optic,No,No,No,No,No,No,Month-to-month,No,Mailed check,75.0,209.1,1,0-12,1,2,1,69.7,2
2509-TFPJU,Male,0,Yes,No,72,Yes,Yes,No,No,No,No,No,No,No,Two year,No,Credit card (automatic),25.75,1864.2,0,60-72,0,2,0,25.891666666666666,0
9530-GRMJG,Male,0,Yes,Yes,70,Yes,Yes,DSL,No,Yes,Yes,Yes,Yes,Yes,Two year,Yes,Electronic check,84.1,5979.7,0,60-72,0,7,1,85.42428571428572,0
6898-RBTLU,Female,0,Yes,Yes,49,Yes,Yes,DSL,No,Yes,No,Yes,Yes,Yes,Two year,No,Bank transfer (automatic),79.3,3902.45,0,48-60,0,6,1,79.64183673469387,0
5481-NTDOH,Female,1,Yes,No,67,Yes,Yes,Fiber optic,Yes,No,Yes,No,Yes,Yes,One year,Yes,Credit card (automatic),107.05,7142.5,0,60-72,0,6,1,106.6044776119403,1
2068-WWXQZ,Male,0,No,No,46,Yes,No,No,No,No,No,No,No,No,Two year,No,Bank transfer (automatic),20.05,902.0,0,36-48,0,1,0,19.608695652173914,0
7359-SSBJK,Female,1,No,No,64,Yes,No,DSL,Yes,Yes,No,Yes,Yes,No,Two year,Yes,Credit card (automatic),70.2,4481.0,1,60-72,0,5,1,70.015625,0
2061-VVFST,Female,0,Yes,No,37,Yes,No,No,No,No,No,No,No,No,Month-to-month,No,Bank transfer (automatic),19.5,805.2,0,36-48,0,1,0,21.762162162162163,2
0685-MLYYM,Female,1,No,No,2,Yes,No,Fiber optic,No,No,No,No,No,No,Month-to-month,No,Electronic check,70.75,154.85,1,0-12,1,1,1,77.425,2
0749-IRGQE,Female,1,Yes,No,13,No,No,DSL,No,No,No,No,Yes,Yes,Month-to-month,No,Electronic check,45.3,528.45,0,12-24,0,2,0,40.650000000000006,2
2380-DAMQP,Female,0,Yes,No,72,Yes,Yes,Fiber optic,Yes,Yes,Yes,Yes,Yes,Yes,Two year,No,Electronic check,115.15,8349.7,0,60-72,0,8,1,115.96805555555557,0
2256-YLYLP,Male,0,Yes,Yes,68,Yes,No,DSL,No,No,Yes,Yes,Yes,Yes,Two year,Yes,Bank transfer (automatic),72.95,4953.25,0,60-72,0,5,1,72.84191176470588,0
1272-ILHFG,Male,0,Yes,Yes,15,Yes,No,No,No,No,No,No,No,No,One year,No,Mailed check,19.65,332.65,0,12-24,0,1,0,22.176666666666666,1
0164-XAIRP,Female,0,No,No,24,Yes,No,No,No,No,No,No,No,No,Two year,Yes,Bank transfer (automatic),19.55,470.2,0,12-24,0,1,0,19.591666666666665,0
5666-CYCYZ,Female,0,No,No,24,Yes,Yes,Fiber optic,No,No,No,Yes,No,Yes,Month-to-month,Yes,Electronic check,89.55,2259.35,0,12-24,0,4,1,94.13958333333333,2
4011-ARPHK,Male,0,No,No,27,Yes,No,DSL,Yes,No,No,No,No,No,Month-to-month,No,Mailed check,50.35,1411.35,0,24-36,0,2,1,52.27222222222222,2
8182-PNAGI,Male,0,No,No,12,Yes,No,DSL,No,No,No,Yes,No,No,Month-to-month,No,Bank transfer (automatic),50.25,593.75,1,0-12,0,2,1,49.479166666666664,2
6365-HITVU,Female,0,Yes,Yes,71,Yes,No,DSL,Yes,Yes,Yes,Yes,Yes,Yes,Two year,No,Credit card (automatic),87.25,6328.7,0,60-72,0,7,1,89.13661971830986,0
7558-IMLMT,Male,0,Yes,Yes,67,Yes,No,No,No,No,No,No,No,No,Two year,Yes,Mailed check,20.8,1411.9,0,60-72,0,1,0,21.07313432835821,0
9488-FYQAU,Female,0,Yes,No,63,Yes,Yes,Fiber optic,No,Yes,Yes,Yes,Yes,Yes,Two year,Yes,Bank transfer (automatic),109.25,6841.4,0,60-72,0,7,1,108.59365079365078,0
3590-TCXTB,Male,0,No,No,1,Yes,No,No,No,No,No,No,No,No,Month-to-month,No,Mailed check,20.35,20.35,0,0-12,1,1,0,20.35,2
6994-KERXL,Male,0,No,No,4,Yes,No,DSL,No,No,No,No,No,Yes,Month-to-month,Yes,Electronic check,55.9,238.5,0,0-12,1,2,1,59.625,2
7957-RYHQD,Female,1,No,No,40,Yes,No,Fiber optic,Yes,Yes,No,No,No,No,Month-to-month,Yes,Credit card (automatic),79.2,3233.85,1,36-48,0,3,1,80.84625,2
2180-DXNEG,Female,0,No,No,12,Yes,No,Fiber optic,No,No,Yes,No,Yes,Yes,Month-to-month,Yes,Electronic check,96.0,1062.1,1,0-12,0,4,1,88.50833333333333,2
1960-UOTYM,Male,0,Yes,Yes,52,Yes,No,DSL,Yes,Yes,Yes,No,Yes,Yes,Two year,No,Electronic check,79.2,4016.3,0,48-60,0,6,1,77.23653846153846,0
2740-JFBOK,Male,0,No,No,10,Yes,Yes,No,No,No,No,No,No,No,Month-to-month,Yes,Electronic check,24.0,226.55,0,0-12,0,2,0,22.655,2
6500-JVEGC,Male,0,No,No,68,Yes,Yes,Fiber optic,Yes,Yes,Yes,No,Yes,No,One year,No,Bank transfer (automatic),101.35,7110.75,0,60-72,0,6,1,104.56985294117646,1
5515-AKOAJ,Female,0,No,No,54,Yes,Yes,Fiber optic,No,No,No,Yes,Yes,Yes,Month-to-month,Yes,Electronic check,100.1,5440.9,1,48-60,0,5,1,100.7574074074074,2
8976-OQHGT,Female,0,Yes,Yes,4,Yes,No,DSL,No,Yes,No,Yes,No,No,Month-to-month,No,Mailed check,56.5,235.1,1,0-12,1,3,1,58.775,2
5245-VDBUR,Female,0,Yes,No,52,No,No,DSL,Yes,No,Yes,No,No,No,One year,No,Mailed check,35.45,1958.95,0,48-60,0,2,0,37.67211538461539,1
6230-BSUXY,Female,1,No,No,1,Yes,No,Fiber optic,No,No,Yes,No,No,Yes,Month-to-month,Yes,Electronic check,85.0,85.0,1,0-12,1,3,1,85.0,2
8469-SNFFH,Male,0,Yes,No,70,Yes,Yes,DSL,Yes,Yes,Yes,Yes,Yes,No,One year,No,Bank transfer (automatic),79.4,5528.9,0,60-72,0,7,1,78.9842857142857,1
2144-ESWKO,Male,0,No,No,43,No,No,DSL,Yes,No,Yes,No,No,No,One year,Yes,Credit card (automatic),35.2,1463.7,0,36-48,0,2,0,34.03953488372093,1
1241-FPMOF,Male,0,No,No,52,Yes,No,No,No,No,No,No,No,No,Two year,No,Mailed check,19.65,1025.05,0,48-60,0,1,0,19.7125,0
9928-BZVLZ,Female,0,No,No,12,No,No,DSL,Yes,No,Yes,Yes,No,Yes,Two year,No,Mailed check,49.85,552.1,0,0-12,0,4,0,46.00833333333333,0
4114-QMKVN,Female,0,Yes,Yes,56,Yes,Yes,DSL,Yes,Yes,No,No,No,Yes,One year,No,Bank transfer (automatic),68.75,3815.4,0,48-60,0,5,1,68.13214285714285,1
2775-SEFEE,Male,0,No,Yes,0,Yes,Yes,DSL,Yes,Yes,No,Yes,No,No,Two year,Yes,Bank transfer (automatic),61.9,0.0,0,0-12,1,5,1,61.9,0
9003-CPATH,Male,0,No,No,42,Yes,Yes,Fiber optic,No,No,Yes,No,No,No,Month-to-month,No,Electronic check,79.9,3313.4,0,36-48,0,3,1,78.89047619047619,2
1754-GKYPY,Male,1,Yes,No,22,Yes,No,Fiber optic,No,No,No,No,Yes,Yes,Month-to-month,Yes,Bank transfer (automatic),89.75,1938.9,0,12-24,0,3,1,88.13181818181819,2
5294-CDGWY,Male,0,Yes,Yes,51,No,No,DSL,Yes,Yes,Yes,No,Yes,Yes,One year,No,Electronic check,59.3,3014.65,1,48-60,0,5,0,59.11078431372549,1
7956-XQWGU,Male,0,No,No,27,Yes,No,No,No,No,No,No,No,No,Month-to-month,Yes,Credit card (automatic),19.4,460.25,0,24-36,0,1,0,17.046296296296298,2
1591-MQJTP,Male,1,Yes,No,51,Yes,Yes,Fiber optic,Yes,No,Yes,No,No,Yes,One year,Yes,Bank transfer (automatic),93.65,4839.15,0,48-60,0,5,1,94.88529411764705,1
5295-PCJOO,Male,0,No,Yes,4,Yes,No,DSL,Yes,No,No,No,No,No,Month-to-month,Yes,Electronic check,49.4,184.4,1,0-12,1,2,1,46.1,2
2369-FEVNO,Male,0,No,No,1,Yes,No,No,No,No,No,No,No,No,Month-to-month,Yes,Mailed check,19.9,19.9,0,0-12,1,1,0,19.9,2
9863-JZAIC,Male,0,No,No,35,Yes,No,DSL,No,No,No,No,Yes,No,Month-to-month,No,Mailed check,55.0,2010.55,1,24-36,0,2,1,57.44428571428571,2
7471-MQPOS,Male,1,Yes,Yes,71,Yes,Yes,DSL,No,Yes,Yes,Yes,No,Yes,One year,Yes,Bank transfer (automatic),72.9,5139.65,0,60-72,0,6,1,72.38943661971831,1
7660-HDPJV,Female,0,No,No,1,Yes,No,Fiber optic,No,No,No,No,No,No,Month-to-month,Yes,Electronic check,69.2,69.2,1,0-12,1,1,1,69.2,2
5115-SQAAU,Female,0,Yes,Yes,69,Yes,Yes,No,No,No,No,No,No,No,Two year,Yes,Bank transfer (automatic),25.6,1673.4,0,60-72,0,2,0,24.252173913043478,0
9845-QOMAD,Male,0,Yes,Yes,14,Yes,No,No,No,No,No,No,No,No,One year,No,Mailed check,19.75,309.35,0,12-24,0,1,0,22.09642857142857,1
7672-VFMXZ,Male,0,Yes,No,57,Yes,No,DSL,Yes,No,No,Yes,No,No,Month-to-month,No,Electronic check,55.7,3171.6,0,48-60,0,3,1,55.642105263157895,2
9739-JLPQJ,Female,0,Yes,Yes,72,Yes,Yes,Fiber optic,Yes,Yes,Yes,Yes,Yes,Yes,Two year,No,Credit card (automatic),117.5,8670.1,0,60-72,0,8,1,120.41805555555555,0
9916-AYHTC,Male,0,No,No,48,Yes,No,No,No,No,No,No,No,No,Two year,No,Credit card (automatic),19.85,916.0,0,36-48,0,1,0,19.083333333333332,0
3855-ONCAR,Female,0,Yes,Yes,4,Yes,No,Fiber optic,No,No,No,No,Yes,No,Month-to-month,Yes,Mailed check,78.9,299.75,0,0-12,1,2,1,74.9375,2
1488-SYSFC,Male,0,Yes,Yes,31,Yes,No,No,No,No,No,No,No,No,Month-to-month,Yes,Electronic check,20.65,702.05,0,24-36,0,1,0,22.646774193548385,2
7931-PXHFC,Male,0,No,No,38,Yes,No,DSL,No,No,Yes,Yes,No,Yes,One year,Yes,Mailed check,62.3,2354.8,1,36-48,0,4,1,61.968421052631584,1
3990-QYKBE,Male,1,Yes,No,37,Yes,Yes,Fiber optic,No,No,No,No,Yes,Yes,Month-to-month,Yes,Electronic check,92.5,3473.4,1,36-48,0,4,1,93.87567567567568,2
0970-QXPXW,Female,0,No,No,1,Yes,No,No,No,No,No,No,No,No,Month-to-month,No,Mailed check,19.65,19.65,0,0-12,1,1,0,19.65,2
3259-KNMRR,Male,1,No,No,57,Yes,Yes,DSL,No,Yes,Yes,No,Yes,Yes,Two year,Yes,Bank transfer (automatic),79.75,4438.2,0,48-60,0,6,1,77.86315789473684,0
6120-RJKLU,Female,1,Yes,No,62,Yes,No,DSL,Yes,No,Yes,Yes,Yes,Yes,Two year,Yes,Credit card (automatic),79.95,4819.75,0,60-72,0,6,1,77.73790322580645,0
9572-WUKSB,Male,0,Yes,No,3,No,No,DSL,No,No,No,Yes,No,No,Month-to-month,Yes,Electronic check,29.9,92.25,0,0-12,1,1,0,30.75,2
5893-KCLGT,Female,0,No,Yes,72,Yes,No,No,No,No,No,No,No,No,Two year,Yes,Mailed check,19.75,1567.0,0,60-72,0,1,0,21.76388888888889,0
0076-LVEPS,Male,0,No,Yes,29,No,No,DSL,Yes,Yes,Yes,Yes,No,No,Month-to-month,Yes,Mailed check,45.0,1242.45,0,24-36,0,4,0,42.84310344827586,2
3640-JQGJG,Male,0,Yes,Yes,13,Yes,No,DSL,No,No,No,No,No,No,Month-to-month,No,Bank transfer (automatic),44.8,559.2,0,12-24,0,1,1,43.01538461538462,2
4919-MOAVT,Male,0,No,Yes,3,Yes,No,Fiber optic,No,No,No,No,No,No,Month-to-month,No,Electronic check,69.65,220.1,1,0-12,1,1,1,73.36666666666666,2
1596-OQSPS,Female,0,No,No,11,Yes,No,DSL,No,Yes,No,No,No,No,Month-to-month,No,Electronic check,51.1,531.15,0,0-12,0,2,1,48.28636363636363,2
9867-XOBQA,Female,0,No,Yes,21,No,No,DSL,Yes,Yes,Yes,Yes,Yes,No,Two year,No,Mailed check,53.15,1183.2,0,12-24,0,5,0,56.34285714285714,0
9546-KDTRB,Female,0,No,No,19,Yes,Yes,No,No,No,No,No,No,No,Month-to-month,No,Bank transfer (automatic),24.7,465.85,0,12-24,0,2,0,24.51842105263158,2
3090-HAWSU,Male,0,No,No,61,Yes,Yes,Fiber optic,Yes,No,Yes,Yes,Yes,Yes,Two year,Yes,Credit card (automatic),111.6,6876.05,1,60-72,0,7,1,112.72213114754099,0
9820-RMCQV,Female,0,No,No,11,Yes,No,DSL,Yes,No,No,No,No,No,Month-to-month,No,Credit card (automatic),48.55,501.0,1,0-12,0,2,1,45.54545454545455,2
3174-RKMOW,Male,0,Yes,Yes,35,Yes,Yes,Fiber optic,No,Yes,Yes,Yes,Yes,Yes,Month-to-month,Yes,Electronic check,109.95,3782.4,0,24-36,0,7,1,108.06857142857143,2
1760-CAZHT,Male,0,No,Yes,25,Yes,No,No,No,No,No,No,No,No,Month-to-month,No,Mailed check,20.8,460.2,0,24-36,0,1,0,18.408,2
7839-QRKXN,Female,0,No,No,1,Yes,No,No,No,No,No,No,No,No,Month-to-month,Yes,Mailed check,20.2,20.2,1,0-12,1,1,0,20.2,2
8441-SHIPE,Female,0,No,No,67,Yes,Yes,No,No,No,No,No,No,No,Two year,Yes,Bank transfer (automatic),25.6,1790.35,0,60-72,0,2,0,26.721641791044775,0
5204-QZXPU,Male,0,No,No,19,No,No,DSL,No,No,Yes,No,Yes,No,Month-to-month,Yes,Electronic check,39.65,733.35,1,12-24,0,2,0,38.597368421052636,2
4597-ELFTS,Male,0,No,No,56,Yes,Yes,No,No,No,No,No,No,No,One year,No,Electronic check,24.9,1334.0,1,48-60,0,2,0,23.821428571428573,1
1320-GVNHT,Male,0,Yes,Yes,72,Yes,Yes,Fiber optic,Yes,Yes,Yes,No,Yes,Yes,Two year,Yes,Credit card (automatic),108.4,7767.25,0,60-72,0,7,1,107.87847222222223,0
1047-RNXZV,Male,0,No,No,43,Yes,No,No,No,No,No,No,No,No,Two year,No,Mailed check,19.55,876.15,0,36-48,0,1,0,20.375581395348835,0
3541-ZNUHK,Female,0,Yes,Yes,55,Yes,Yes,Fiber optic,Yes,Yes,No,No,No,No,Month-to-month,Yes,Electronic check,85.1,4600.95,0,48-60,0,4,1,83.65363636363637,2
8450-JOVAH,Male,0,Yes,Yes,2,Yes,Yes,DSL,Yes,No,No,No,No,No,Month-to-month,No,Mailed check,56.7,113.55,1,0-12,1,3,1,56.775,2
8725-JEDFD,Male,0,No,No,27,Yes,No,Fiber optic,No,No,No,No,No,No,Month-to-month,Yes,Mailed check,69.05,1793.25,0,24-36,0,1,1,66.41666666666667,2
7562-UXTPG,Female,0,No,No,13,Yes,No,Fiber optic,No,No,No,No,No,No,Month-to-month,Yes,Mailed check,70.15,886.7,0,12-24,0,1,1,68.20769230769231,2
8071-SBTRN,Female,0,No,No,70,Yes,Yes,Fiber optic,Yes,Yes,Yes,No,Yes,Yes,Two year,Yes,Mailed check,111.15,7737.55,0,60-72,0,7,1,110.53642857142857,0
1113-IUJYX,Female,0,Yes,No,14,Yes,No,Fiber optic,Yes,Yes,No,Yes,Yes,Yes,One year,No,Mailed check,105.95,1348.9,1,12-24,0,6,1,96.35000000000001,1
6668-CNMFP,Female,0,Yes,Yes,19,Yes,Yes,Fiber optic,No,No,No,Yes,No,Yes,One year,Yes,Bank transfer (automatic),89.35,1686.85,0,12-24,0,4,1,88.78157894736842,1
5626-MGTUK,Female,0,No,No,20,Yes,Yes,Fiber optic,Yes,No,No,No,Yes,No,Month-to-month,Yes,Bank transfer (automatic),89.1,1879.25,0,12-24,0,4,1,93.9625,2
5681-LLOEI,Male,0,Yes,Yes,43,Yes,Yes,Fiber optic,Yes,No,Yes,Yes,No,No,One year,Yes,Credit card (automatic),91.25,4013.8,0,36-48,0,5,1,93.34418604651164,1
8212-DJRCH,Male,0,Yes,Yes,5,Yes,No,Fiber optic,Yes,No,Yes,No,No,Yes,Month-to-month,Yes,Mailed check,90.35,434.5,0,0-12,1,4,1,86.9,2
4323-OHFOW,Female,1,Yes,No,70,Yes,Yes,Fiber optic,No,Yes,No,Yes,Yes,Yes,One year,Yes,Bank transfer (automatic),105.55,7195.35,0,60-72,0,6,1,102.79071428571429,1
4933-BSAIP,Female,0,Yes,No,40,Yes,No,No,No,No,No,No,No,No,Two year,No,Mailed check,19.1,780.1,0,36-48,0,1,0,19.5025,0
2030-BTZRO,Male,0,Yes,Yes,6,Yes,No,No,No,No,No,No,No,No,Two year,Yes,Credit card (automatic),20.4,107.6,0,0-12,1,1,0,17.933333333333334,0
1116-DXXDF,Male,0,No,No,39,Yes,No,Fiber optic,Yes,No,Yes,No,Yes,Yes,Two year,Yes,Electronic check,100.45,3801.7,0,36-48,0,5,1,97.47948717948718,0
9274-CNFMO,Male,1,Yes,No,4,Yes,Yes,Fiber optic,No,No,No,No,No,No,Month-to-month,No,Electronic check,74.95,308.7,1,0-12,1,2,1,77.175,2
7758-XKCBS,Male,0,No,No,15,No,No,DSL,No,No,No,Yes,No,No,Month-to-month,Yes,Electronic check,29.7,438.25,1,12-24,0,1,0,29.216666666666665,2
8992-JQYUN,Male,0,Yes,No,1,No,No,DSL,No,No,Yes,No,Yes,Yes,Month-to-month,Yes,Electronic check,50.35,50.35,1,0-12,1,3,0,50.35,2
6563-VNPMN,Female,1,No,No,45,Yes,No,Fiber optic,Yes,Yes,No,Yes,No,No,Month-to-month,Yes,Bank transfer (automatic),85.7,3778.1,0,36-48,0,4,1,83.95777777777778,2
0617-AQNWT,Female,0,Yes,No,64,No,No,DSL,Yes,No,Yes,Yes,No,Yes,Two year,No,Electronic check,47.85,3147.5,1,60-72,0,4,0,49.1796875,0
2267-WTPYD,Female,1,Yes,No,57,Yes,Yes,Fiber optic,No,Yes,Yes,No,No,Yes,Month-to-month,No,Credit card (automatic),94.0,5438.95,0,48-60,0,5,1,95.42017543859649,2
0270-THENM,Male,0,Yes,Yes,72,Yes,Yes,DSL,Yes,Yes,Yes,Yes,No,No,Two year,No,Bank transfer (automatic),69.85,5102.35,0,60-72,0,6,1,70.86597222222223,0
2446-PLQVO,Male,0,No,No,1,Yes,No,Fiber optic,No,No,No,No,No,No,Month-to-month,Yes,Electronic check,70.3,70.3,1,0-12,1,1,1,70.3,2
4707-MAXGU,Male,0,Yes,No,72,Yes,Yes,No,No,No,No,No,No,No,Two year,No,Credit card (automatic),25.85,1872.2,0,60-72,0,2,0,26.00277777777778,0
2710-WYVXG,Female,0,No,No,3,Yes,No,DSL,Yes,Yes,No,Yes,No,Yes,Two year,No,Mailed check,71.1,213.35,0,0-12,1,5,1,71.11666666666666,0
3005-NFMTA,Male,1,No,No,55,Yes,Yes,Fiber optic,Yes,No,No,No,Yes,Yes,Month-to-month,Yes,Electronic check,98.8,5617.75,1,48-60,0,5,1,102.14090909090909,2
6300-BWMJX,Female,0,Yes,No,59,Yes,Yes,Fiber optic,No,No,Yes,Yes,Yes,No,Month-to-month,No,Electronic check,93.35,5386.5,0,48-60,0,5,1,91.29661016949153,2
8784-CGILN,Female,0,No,No,18,Yes,Yes,Fiber optic,No,No,No,Yes,Yes,Yes,Month-to-month,Yes,Bank transfer (automatic),99.85,1776.95,1,12-24,0,5,1,98.71944444444445,2
5389-FFVKB,Male,1,Yes,No,32,Yes,No,Fiber optic,No,No,No,No,No,Yes,Month-to-month,Yes,Credit card (automatic),80.3,2483.05,1,24-36,0,2,1,77.5953125,2
7009-LGECI,Female,0,No,No,4,Yes,No,DSL,Yes,No,No,No,No,No,Month-to-month,Yes,Bank transfer (automatic),50.55,235.65,0,0-12,1,2,1,58.9125,2
8444-WRIDW,Female,1,No,No,66,Yes,Yes,Fiber optic,No,Yes,No,No,No,No,Month-to-month,Yes,Credit card (automatic),80.45,5224.35,1,60-72,0,3,1,79.15681818181818,2
5022-KVDQT,Male,0,No,No,27,Yes,Yes,Fiber optic,No,No,Yes,No,No,No,Month-to-month,Yes,Electronic check,81.3,2272.8,0,24-36,0,3,1,84.17777777777779,2
7976-CICYS,Male,0,No,No,4,Yes,No,No,No,No,No,No,No,No,Month-to-month,Yes,Credit card (automatic),20.7,83.75,0,0-12,1,1,0,20.9375,2
1036-GUDCL,Male,0,Yes,Yes,60,Yes,No,DSL,Yes,Yes,No,Yes,Yes,Yes,Month-to-month,Yes,Credit card (automatic),79.05,4663.4,0,48-60,0,6,1,77.72333333333333,2
2005-DWQZJ,Female,0,Yes,Yes,8,Yes,No,No,No,No,No,No,No,No,Two year,No,Mailed check,19.05,201.7,0,0-12,0,1,0,25.2125,0
8148-WOCMK,Male,0,Yes,Yes,8,Yes,No,No,No,No,No,No,No,No,Two year,No,Credit card (automatic),19.6,125.0,0,0-12,0,1,0,15.625,0
7815-PDTHL,Male,0,No,No,35,Yes,No,No,No,No,No,No,No,No,Two year,Yes,Mailed check,20.2,684.4,0,24-36,0,1,0,19.554285714285715,0
9451-LPGOO,Male,0,No,No,7,Yes,Yes,Fiber optic,No,No,No,No,No,Yes,Month-to-month,Yes,Electronic check,86.8,620.35,1,0-12,0,3,1,88.62142857142858,2
9173-IVZVP,Female,0,Yes,Yes,53,Yes,No,No,No,No,No,No,No,No,Two year,No,Mailed check,20.9,1146.05,0,48-60,0,1,0,21.623584905660376,0
9129-UXERG,Female,1,No,No,18,Yes,Yes,Fiber optic,No,Yes,No,Yes,Yes,Yes,Month-to-month,Yes,Credit card (automatic),103.6,1806.35,0,12-24,0,6,1,100.35277777777777,2
3635-JBPSG,Female,0,No,No,15,No,No,DSL,No,Yes,No,No,No,Yes,Two year,Yes,Mailed check,38.8,603.0,0,12-24,0,2,0,40.2,0
7964-ZRKKG,Male,0,Yes,No,67,Yes,Yes,Fiber optic,No,Yes,No,No,Yes,No,One year,Yes,Bank transfer (automatic),88.4,5798.3,0,60-72,0,4,1,86.54179104477612,1
5868-YWPDW,Male,1,Yes,No,6,Yes,No,Fiber optic,No,Yes,No,No,No,Yes,Month-to-month,Yes,Electronic check,84.2,519.15,1,0-12,1,3,1,86.52499999999999,2
6229-LSCKB,Male,1,No,No,6,Yes,No,Fiber optic,No,No,No,No,Yes,No,Month-to-month,Yes,Electronic check,79.7,497.6,0,0-12,1,2,1,82.93333333333334,2
2025-JKFWI,Male,0,No,No,13,Yes,Yes,Fiber optic,No,No,No,Yes,Yes,Yes,Month-to-month,Yes,Mailed check,99.0,1301.7,1,12-24,0,5,1,100.13076923076923,2
4078-SAYYN,Female,0,No,No,11,Yes,Yes,Fiber optic,No,No,Yes,No,Yes,Yes,Month-to-month,Yes,Electronic check,100.75,1129.75,1,0-12,0,5,1,102.70454545454545,2
1724-IQWNM,Male,0,No,Yes,1,Yes,No,No,No,No,No,No,No,No,Month-to-month,Yes,Mailed check,19.3,19.3,0,0-12,1,1,0,19.3,2
8217-QYOHV,Male,0,No,No,5,Yes,No,DSL,Yes,No,No,Yes,No,No,Month-to-month,Yes,Mailed check,55.75,266.95,0,0-12,1,3,1,53.39,2
5546-QUERU,Male,0,No,No,13,Yes,No,No,No,No,No,No,No,No,One year,Yes,Mailed check,19.95,257.0,0,12-24,0,1,0,19.76923076923077,1
9940-HPQPG,Female,0,Yes,No,9,Yes,Yes,Fiber optic,Yes,Yes,Yes,No,No,No,Month-to-month,No,Bank transfer (automatic),91.75,865.8,1,0-12,0,5,1,96.19999999999999,2
6897-UUBNU,Male,0,No,No,29,Yes,No,Fiber optic,No,Yes,No,Yes,Yes,No,Month-to-month,No,Mailed check,89.65,2623.65,0,24-36,0,4,1,90.47068965517242,2
6127-IYJOZ,Male,1,No,No,1,Yes,No,DSL,No,No,No,No,No,No,Month-to-month,Yes,Mailed check,45.85,45.85,0,0-12,1,1,1,45.85,2
6618-RYATB,Female,0,No,No,1,Yes,Yes,Fiber optic,No,No,Yes,No,No,No,Month-to-month,Yes,Mailed check,79.55,79.55,1,0-12,1,3,1,79.55,2
8930-XOTDP,Female,0,Yes,Yes,18,Yes,No,DSL,No,No,No,No,Yes,No,Month-to-month,No,Mailed check,55.95,1082.8,0,12-24,0,2,1,60.15555555555555,2
5916-QEWPT,Female,0,Yes,No,2,Yes,No,DSL,No,No,Yes,No,Yes,Yes,Month-to-month,No,Credit card (automatic),69.0,147.8,0,0-12,1,4,1,73.9,2
5060-TQUQN,Male,0,Yes,Yes,30,Yes,Yes,Fiber optic,No,Yes,No,Yes,No,No,Month-to-month,Yes,Bank transfer (automatic),83.55,2570.2,0,24-36,0,4,1,85.67333333333333,2
0531-XBKMM,Male,0,No,Yes,66,Yes,Yes,DSL,Yes,Yes,No,Yes,No,No,Two year,No,Bank transfer (automatic),65.7,4378.9,0,60-72,0,5,1,66.3469696969697,0
8465-SBRXP,Male,0,Yes,Yes,38,Yes,Yes,Fiber optic,No,No,Yes,Yes,Yes,No,Two year,Yes,Bank transfer (automatic),94.9,3616.25,0,36-48,0,5,1,95.16447368421052,0
2408-PSJVE,Male,0,Yes,Yes,44,Yes,No,DSL,No,Yes,Yes,Yes,No,No,Month-to-month,Yes,Mailed check,61.9,2924.05,0,36-48,0,4,1,66.45568181818182,2
9079-YEXQJ,Female,0,No,No,54,Yes,Yes,Fiber optic,No,Yes,Yes,Yes,Yes,Yes,Month-to-month,No,Electronic check,111.1,6014.85,1,48-60,0,7,1,111.38611111111112,2
9700-ZCLOT,Male,0,No,No,2,Yes,No,No,No,No,No,No,No,No,Month-to-month,No,Mailed check,20.0,32.7,0,0-12,1,1,0,16.35,2
8738-JOKAR,Female,0,No,No,42,Yes,No,DSL,Yes,Yes,No,Yes,No,Yes,One year,Yes,Mailed check,67.7,2882.25,0,36-48,0,5,1,68.625,1
4534-WGCIR,Female,0,Yes,Yes,58,Yes,Yes,No,No,No,No,No,No,No,Two year,No,Credit card (automatic),25.15,1509.9,0,48-60,0,2,0,26.032758620689656,0
1930-WNXSB,Male,0,Yes,Yes,58,Yes,No,Fiber optic,No,Yes,No,No,Yes,Yes,Month-to-month,Yes,Electronic check,92.85,5305.05,0,48-60,0,4,1,91.46637931034483,2
2685-SREOM,Female,0,Yes,Yes,25,Yes,Yes,Fiber optic,No,No,Yes,No,No,Yes,Month-to-month,Yes,Electronic check,89.1,2368.4,1,24-36,0,4,1,94.736,2
3508-CFVZL,Female,0,No,No,71,Yes,Yes,Fiber optic,Yes,Yes,Yes,Yes,Yes,Yes,Two year,No,Mailed check,111.3,7985.9,0,60-72,0,8,1,112.47746478873239,0
0402-CQAJN,Female,0,No,No,37,Yes,Yes,Fiber optic,No,Yes,Yes,No,Yes,Yes,Month-to-month,Yes,Bank transfer (automatic),101.9,3545.35,1,36-48,0,6,1,95.82027027027027,2
6692-UDPJC,Female,0,Yes,Yes,14,Yes,Yes,Fiber optic,No,No,No,Yes,Yes,No,Month-to-month,Yes,Electronic check,91.65,1301.0,1,12-24,0,4,1,92.92857142857143,2
1273-MTETI,Female,1,No,No,4,Yes,Yes,Fiber optic,No,No,Yes,No,No,Yes,Month-to-month,Yes,Electronic check,88.85,372.45,1,0-12,1,4,1,93.1125,2
0657-DOGUM,Female,0,Yes,No,48,Yes,Yes,DSL,Yes,No,No,Yes,No,No,One year,Yes,Bank transfer (automatic),60.6,2985.25,0,36-48,0,4,1,62.192708333333336,1
5480-HPRRX,Female,1,No,No,3,No,No,DSL,No,No,No,No,No,No,Month-to-month,No,Electronic check,25.3,77.75,1,0-12,1,0,0,25.916666666666668,2
8792-AOROI,Female,0,Yes,No,8,Yes,No,DSL,Yes,No,No,Yes,No,Yes,Two year,No,Mailed check,65.5,564.35,0,0-12,0,4,1,70.54375,0
0295-PPHDO,Male,0,No,No,1,Yes,Yes,Fiber optic,No,No,No,No,Yes,Yes,Month-to-month,Yes,Electronic check,95.45,95.45,1,0-12,1,4,1,95.45,2
5146-YYFRZ,Male,0,No,No,67,Yes,No,No,No,No,No,No,No,No,Two year,No,Bank transfer (automatic),19.95,1311.75,0,60-72,0,1,0,19.578358208955223,0
1195-OIYEJ,Male,0,No,No,13,Yes,No,Fiber optic,No,No,No,No,Yes,Yes,Month-to-month,Yes,Electronic check,91.1,1135.7,1,12-24,0,3,1,87.36153846153846,2
5906-CVLHP,Female,0,Yes,Yes,45,Yes,No,DSL,No,Yes,No,Yes,No,No,One year,Yes,Credit card (automatic),54.15,2319.8,1,36-48,0,3,1,51.55111111111111,1
3452-SRFEG,Male,0,No,No,49,Yes,Yes,Fiber optic,No,No,No,No,No,No,Month-to-month,Yes,Bank transfer (automatic),74.6,3720.35,0,48-60,0,2,1,75.92551020408163,2
4070-OKWVH,Female,0,Yes,No,52,Yes,Yes,Fiber optic,No,Yes,Yes,No,Yes,No,Month-to-month,No,Bank transfer (automatic),94.6,5025.8,0,48-60,0,5,1,96.65,2
5297-MDOIR,Female,0,Yes,No,63,Yes,No,Fiber optic,Yes,No,Yes,No,No,No,One year,Yes,Credit card (automatic),81.15,5224.5,0,60-72,0,3,1,82.92857142857143,1
6369-MCAKO,Female,0,Yes,Yes,68,Yes,Yes,DSL,Yes,Yes,Yes,Yes,Yes,Yes,Two year,Yes,Bank transfer (automatic),89.05,6185.8,0,60-72,0,8,1,90.96764705882353,0
4926-UMJZD,Female,0,Yes,No,31,Yes,No,DSL,No,No,No,Yes,No,No,Month-to-month,Yes,Mailed check,49.2,1498.55,0,24-36,0,2,1,48.34032258064516,2
6848-HJTXY,Female,0,Yes,No,64,Yes,No,No,No,No,No,No,No,No,Two year,No,Credit card (automatic),19.45,1208.6,0,60-72,0,1,0,18.884375,0
6341-AEVKX,Female,0,Yes,No,62,Yes,No,Fiber optic,Yes,No,Yes,Yes,Yes,Yes,One year,Yes,Electronic check,104.3,6613.65,0,60-72,0,6,1,106.67177419354839,1
4501-EQDRN,Female,0,No,No,1,Yes,No,Fiber optic,No,No,No,No,No,No,Month-to-month,No,Bank transfer (automatic),69.7,69.7,1,0-12,1,1,1,69.7,2
2990-HWIML,Female,0,No,No,6,Yes,No,Fiber optic,No,No,No,No,Yes,Yes,Month-to-month,Yes,Electronic check,89.5,573.3,1,0-12,1,3,1,95.55,2
0682-USIXD,Female,0,Yes,No,21,Yes,No,Fiber optic,No,No,No,Yes,Yes,No,Month-to-month,Yes,Electronic check,86.05,1818.9,0,12-24,0,3,1,86.61428571428571,2
6976-BWGLQ,Female,0,Yes,Yes,72,Yes,Yes,No,No,No,No,No,No,No,Two year,No,Bank transfer (automatic),25.2,1787.35,0,60-72,0,2,0,24.824305555555554,0
7078-NVFAM,Female,0,Yes,Yes,32,No,No,DSL,Yes,Yes,No,No,No,No,Month-to-month,Yes,Electronic check,35.15,1051.05,0,24-36,0,2,0,32.8453125,2
8065-QBYTO,Female,1,No,No,71,Yes,Yes,Fiber optic,Yes,Yes,No,Yes,Yes,No,One year,Yes,Credit card (automatic),99.65,7181.25,0,60-72,0,6,1,101.1443661971831,1
2133-TSRRM,Female,0,No,Yes,34,Yes,No,Fiber optic,Yes,Yes,Yes,No,Yes,Yes,Month-to-month,Yes,Bank transfer (automatic),105.35,3688.6,0,24-36,0,6,1,108.48823529411764,2
7384-GHBPI,Male,0,Yes,No,3,No,No,DSL,No,No,No,No,No,Yes,Month-to-month,Yes,Electronic check,35.15,99.75,1,0-12,1,1,0,33.25,2
7603-USHJS,Male,0,No,Yes,12,Yes,Yes,Fiber optic,No,No,No,No,No,No,Month-to-month,Yes,Credit card (automatic),73.75,871.4,1,0-12,0,2,1,72.61666666666666,2
7234-FECYN,Female,1,No,No,8,Yes,Yes,Fiber optic,No,No,Yes,No,Yes,Yes,Month-to-month,No,Electronic check,101.35,780.5,1,0-12,0,5,1,97.5625,2
2511-ALLCS,Female,0,Yes,Yes,35,Yes,Yes,No,No,No,No,No,No,No,Two year,No,Bank transfer (automatic),24.3,821.6,0,24-36,0,2,0,23.474285714285713,0
3191-CSNMG,Female,0,Yes,Yes,3,Yes,No,Fiber optic,No,No,No,No,Yes,No,Month-to-month,Yes,Electronic check,80.7,239.45,0,0-12,1,2,1,79.81666666666666,2
7952-OBOYL,Male,0,No,No,3,Yes,No,Fiber optic,No,No,Yes,Yes,Yes,No,Month-to-month,Yes,Mailed check,89.85,244.45,0,0-12,1,4,1,81.48333333333333,2
7470-DYNOE,Male,0,No,No,53,Yes,No,DSL,No,No,Yes,No,No,Yes,One year,Yes,Electronic check,61.1,3357.9,0,48-60,0,3,1,63.35660377358491,1
7853-OETYL,Female,0,Yes,No,4,No,No,DSL,Yes,No,No,No,No,No,Month-to-month,Yes,Electronic check,29.05,129.6,0,0-12,1,1,0,32.4,2
1545-ACTAS,Female,0,Yes,Yes,48,Yes,No,Fiber optic,Yes,No,Yes,No,Yes,Yes,One year,Yes,Bank transfer (automatic),99.7,4977.2,0,36-48,0,5,1,103.69166666666666,1
5876-HZVZM,Female,0,Yes,Yes,6,Yes,No,DSL,Yes,Yes,No,No,No,No,Month-to-month,No,Credit card (automatic),55.9,365.35,1,0-12,1,3,1,60.89166666666667,2
1400-MMYXY,Male,1,Yes,No,3,Yes,Yes,Fiber optic,No,Yes,Yes,No,Yes,Yes,Month-to-month,Yes,Electronic check,105.9,334.65,1,0-12,1,6,1,111.55,2
5126-RCXYW,Male,0,Yes,Yes,54,No,No,DSL,No,No,Yes,Yes,No,Yes,Two year,No,Credit card (automatic),46.0,2424.05,0,48-60,0,3,0,44.88981481481482,0
3085-QUOZK,Female,0,No,No,1,Yes,No,DSL,No,No,No,No,No,No,Month-to-month,No,Mailed check,43.95,43.95,1,0-12,1,1,1,43.95,2
2363-BJLSL,Male,0,No,No,62,Yes,No,DSL,No,Yes,Yes,Yes,Yes,Yes,Month-to-month,Yes,Bank transfer (automatic),80.4,4981.15,0,60-72,0,6,1,80.34112903225805,2
1956-YIFGE,Male,0,Yes,Yes,22,Yes,No,Fiber optic,No,Yes,Yes,No,Yes,Yes,One year,Yes,Mailed check,100.05,2090.25,0,12-24,0,5,1,95.01136363636364,1
3926-CUQZX,Male,0,No,No,1,Yes,No,DSL,No,No,No,No,No,No,Month-to-month,Yes,Bank transfer (automatic),45.1,45.1,1,0-12,1,1,1,45.1,2
7921-LMDFQ,Male,1,No,No,51,Yes,No,Fiber optic,No,No,Yes,No,Yes,Yes,One year,Yes,Bank transfer (automatic),94.0,4905.75,0,48-60,0,4,1,96.19117647058823,1
2925-MXLSX,Female,0,No,No,30,Yes,Yes,DSL,No,Yes,Yes,No,Yes,No,One year,Yes,Credit card (automatic),68.95,2038.7,0,24-36,0,5,1,67.95666666666666,1
5820-PTRYM,Female,1,Yes,No,56,Yes,Yes,DSL,Yes,Yes,Yes,Yes,No,No,One year,Yes,Credit card (automatic),68.45,4014.0,0,48-60,0,6,1,71.67857142857143,1
9609-BENEA,Male,0,Yes,No,35,Yes,Yes,DSL,No,Yes,No,Yes,Yes,No,One year,Yes,Electronic check,69.0,2441.7,0,24-36,0,5,1,69.76285714285714,1
6211-WHMYA,Female,1,No,No,64,No,No,DSL,No,Yes,No,Yes,Yes,No,Month-to-month,Yes,Electronic check,43.85,2751.0,0,60-72,0,3,0,42.984375,2
4459-BBGHE,Male,0,No,Yes,30,No,No,DSL,No,No,No,No,Yes,Yes,Month-to-month,Yes,Electronic check,44.5,1307.8,0,24-36,0,2,0,43.593333333333334,2
9945-PSVIP,Female,0,Yes,Yes,25,Yes,No,No,No,No,No,No,No,No,Two year,Yes,Mailed check,18.7,383.65,0,24-36,0,1,0,15.345999999999998,0
1041-RXHRA,Female,0,No,No,41,Yes,No,Fiber optic,No,No,No,No,No,No,Month-to-month,No,Bank transfer (automatic),70.25,2868.05,1,36-48,0,1,1,69.95243902439024,2
1750-CSKKM,Male,0,No,Yes,9,Yes,No,DSL,No,No,No,No,Yes,No,Month-to-month,No,Electronic check,55.35,449.75,1,0-12,0,2,1,49.97222222222222,2
9108-EJFJP,Female,0,Yes,No,1,Yes,No,DSL,Yes,Yes,No,No,No,No,Month-to-month,Yes,Mailed check,53.55,53.55,0,0-12,1,3,1,53.55,2
0530-IJVDB,Male,0,No,Yes,70,Yes,Yes,Fiber optic,Yes,Yes,Yes,Yes,Yes,Yes,Two year,Yes,Electronic check,114.6,7882.5,0,60-72,0,8,1,112.60714285714286,0
0508-SQWPL,Female,0,Yes,Yes,57,Yes,No,No,No,No,No,No,No,No,Two year,Yes,Bank transfer (automatic),20.1,1087.7,0,48-60,0,1,0,19.082456140350878,0
2215-ZAFGX,Male,0,No,No,9,Yes,Yes,Fiber optic,No,No,No,No,Yes,No,Month-to-month,Yes,Electronic check,85.5,791.7,0,0-12,0,3,1,87.96666666666667,2
8213-TAZPM,Female,0,Yes,Yes,69,Yes,Yes,Fiber optic,No,Yes,Yes,Yes,Yes,Yes,One year,Yes,Bank transfer (automatic),108.75,7493.05,0,60-72,0,7,1,108.59492753623189,1
7142-HVGBG,Male,1,Yes,No,43,Yes,Yes,Fiber optic,No,Yes,Yes,No,Yes,Yes,Month-to-month,Yes,Electronic check,103.0,4414.3,1,36-48,0,6,1,102.65813953488373,2
1304-SEGFY,Female,0,Yes,No,72,Yes,Yes,Fiber optic,No,No,Yes,No,Yes,Yes,Two year,Yes,Electronic check,97.85,6841.3,0,60-72,0,5,1,95.01805555555556,0
7242-EDTYC,Male,0,No,Yes,44,Yes,No,No,No,No,No,No,No,No,Two year,No,Bank transfer (automatic),19.55,819.95,0,36-48,0,1,0,18.635227272727274,0
2904-GGUAZ,Female,0,Yes,No,72,Yes,Yes,Fiber optic,Yes,Yes,No,No,No,No,Two year,Yes,Bank transfer (automatic),84.05,6052.25,0,60-72,0,4,1,84.05902777777777,0
8267-ZNYVZ,Female,0,Yes,No,33,Yes,No,Fiber optic,Yes,No,Yes,Yes,Yes,Yes,One year,Yes,Electronic check,103.75,3361.05,1,24-36,0,6,1,101.85000000000001,1
5136-GFPMB,Male,0,No,No,54,Yes,Yes,Fiber optic,No,No,Yes,No,No,Yes,Month-to-month,No,Credit card (automatic),89.4,4869.5,0,48-60,0,4,1,90.17592592592592,2
2595-KIWPV,Male,0,No,Yes,27,Yes,No,No,No,No,No,No,No,No,Two year,No,Credit card (automatic),19.7,509.3,0,24-36,0,1,0,18.862962962962964,0
5243-SAOTC,Male,0,No,No,54,Yes,Yes,Fiber optic,No,Yes,No,No,No,No,Month-to-month,Yes,Bank transfer (automatic),79.85,4308.25,0,48-60,0,3,1,79.7824074074074,2
9398-MMQTO,Male,0,No,No,3,Yes,No,Fiber optic,No,Yes,No,No,No,No,Month-to-month,No,Credit card (automatic),74.45,221.1,0,0-12,1,2,1,73.7,2
7619-PLRLP,Female,0,Yes,No,53,Yes,Yes,DSL,Yes,Yes,Yes,No,No,Yes,One year,No,Bank transfer (automatic),74.1,3833.95,0,48-60,0,6,1,72.33867924528302,1
6457-GIRWB,Male,0,No,No,1,Yes,No,Fiber optic,No,No,No,No,No,No,Month-to-month,Yes,Electronic check,69.35,69.35,1,0-12,1,1,1,69.35,2
6508-NJYRO,Male,0,Yes,No,15,Yes,No,No,No,No,No,No,No,No,One year,No,Mailed check,18.8,294.95,0,12-24,0,1,0,19.663333333333334,1
1450-SKCVI,Female,0,No,No,56,Yes,No,Fiber optic,No,Yes,No,No,No,No,Month-to-month,Yes,Electronic check,73.85,4092.85,1,48-60,0,2,1,73.08660714285715,2
4710-NKCAW,Male,0,Yes,Yes,5,Yes,Yes,DSL,Yes,Yes,No,Yes,No,No,Month-to-month,No,Credit card (automatic),64.4,316.9,0,0-12,1,5,1,63.379999999999995,2
5306-BVTKJ,Male,0,Yes,Yes,48,Yes,No,DSL,No,Yes,Yes,No,No,No,One year,Yes,Credit card (automatic),55.8,2651.2,0,36-48,0,3,1,55.23333333333333,1
0357-NVCRI,Female,0,No,Yes,25,Yes,No,No,No,No,No,No,No,No,Month-to-month,No,Credit card (automatic),20.05,471.7,0,24-36,0,1,0,18.868,2
5570-PTWEH,Female,0,Yes,No,3,Yes,Yes,Fiber optic,No,No,No,No,No,No,Month-to-month,Yes,Credit card (automatic),75.15,216.75,1,0-12,1,2,1,72.25,2
2371-KFUOG,Male,0,No,No,58,Yes,No,Fiber optic,Yes,Yes,No,No,Yes,Yes,One year,No,Bank transfer (automatic),99.15,5720.95,0,48-60,0,5,1,98.63706896551724,1
0463-ZSDNT,Male,0,No,No,10,Yes,No,DSL,No,No,No,No,No,Yes,Month-to-month,Yes,Bank transfer (automatic),56.75,503.25,0,0-12,0,2,1,50.325,2
6502-MJQAE,Male,0,No,No,1,Yes,No,Fiber optic,No,No,No,No,No,No,Month-to-month,Yes,Electronic check,69.6,69.6,1,0-12,1,1,1,69.6,2
6257-DTAYD,Male,0,Yes,No,71,Yes,Yes,Fiber optic,No,Yes,No,Yes,Yes,Yes,Two year,Yes,Credit card (automatic),104.15,7365.3,0,60-72,0,6,1,103.73661971830987,0
4616-ULAOA,Female,0,Yes,Yes,65,Yes,Yes,Fiber optic,No,Yes,Yes,Yes,Yes,Yes,Two year,Yes,Credit card (automatic),110.8,7245.9,0,60-72,0,7,1,111.47538461538461,0
7693-LCKZL,Male,0,Yes,Yes,5,Yes,Yes,Fiber optic,No,Yes,No,No,No,No,Month-to-month,Yes,Electronic check,80.15,385.0,1,0-12,1,3,1,77.0,2
7746-AWNQW,Female,0,No,No,28,No,No,DSL,No,No,Yes,Yes,No,No,Month-to-month,Yes,Mailed check,35.75,961.4,0,24-36,0,2,0,34.33571428571428,2
5996-EBTKM,Female,0,Yes,Yes,67,Yes,Yes,DSL,No,No,Yes,Yes,No,Yes,Two year,Yes,Bank transfer (automatic),69.9,4615.9,0,60-72,0,5,1,68.89402985074626,0
2758-RNWXS,Male,0,No,No,35,Yes,No,Fiber optic,Yes,No,No,Yes,No,Yes,One year,Yes,Electronic check,89.2,3251.3,0,24-36,0,4,1,92.89428571428572,1
2314-TNDJQ,Female,0,Yes,Yes,72,No,No,DSL,Yes,Yes,Yes,Yes,No,Yes,Two year,No,Credit card (automatic),55.65,3880.05,0,60-72,0,5,0,53.889583333333334,0
2405-LBMUW,Female,0,Yes,Yes,61,No,No,DSL,Yes,Yes,No,Yes,No,Yes,One year,Yes,Bank transfer (automatic),50.7,3088.75,0,60-72,0,4,0,50.635245901639344,1
3454-JFUBC,Male,1,No,No,68,Yes,No,No,No,No,No,No,No,No,Two year,Yes,Credit card (automatic),20.0,1396.0,0,60-72,0,1,0,20.529411764705884,0
0032-PGELS,Female,0,Yes,Yes,1,No,No,DSL,Yes,No,No,No,No,No,Month-to-month,No,Bank transfer (automatic),30.5,30.5,1,0-12,1,1,0,30.5,2
9039-ZVJDC,Male,0,No,No,3,Yes,No,No,No,No,No,No,No,No,Month-to-month,Yes,Mailed check,19.1,53.05,0,0-12,1,1,0,17.683333333333334,2
6797-LNAQX,Male,0,Yes,Yes,70,Yes,Yes,Fiber optic,No,Yes,No,No,Yes,Yes,Two year,No,Bank transfer (automatic),98.3,6859.5,1,60-72,0,5,1,97.99285714285715,0
9013-AQORL,Female,0,No,Yes,48,No,No,DSL,No,Yes,Yes,No,No,Yes,Month-to-month,No,Credit card (automatic),45.55,2108.35,0,36-48,0,3,0,43.92395833333333,2
2898-MRKPI,Male,0,Yes,Yes,68,Yes,Yes,Fiber optic,No,Yes,No,No,Yes,Yes,One year,Yes,Credit card (automatic),101.05,6770.5,0,60-72,0,5,1,99.56617647058823,1
2750-BJLSB,Female,0,No,No,47,Yes,No,Fiber optic,Yes,No,Yes,Yes,Yes,Yes,One year,Yes,Electronic check,103.7,4730.6,0,36-48,0,6,1,100.65106382978725,1
3648-GZPHF,Male,0,Yes,Yes,32,No,No,DSL,No,No,Yes,Yes,No,No,One year,Yes,Mailed check,36.25,1151.05,0,24-36,0,2,0,35.9703125,1
2075-RMJIK,Female,0,Yes,Yes,5,Yes,No,DSL,Yes,No,No,No,No,No,Month-to-month,Yes,Mailed check,49.4,232.55,0,0-12,1,2,1,46.510000000000005,2
9588-YRFHY,Male,0,No,No,49,Yes,No,No,No,No,No,No,No,No,Two year,Yes,Credit card (automatic),19.9,1022.6,0,48-60,0,1,0,20.869387755102043,0
6394-MFYNG,Female,0,No,No,48,Yes,Yes,Fiber optic,No,Yes,Yes,No,Yes,Yes,Month-to-month,Yes,Bank transfer (automatic),107.4,5121.3,1,36-48,0,6,1,106.69375000000001,2
1564-NTYXF,Female,1,No,No,13,Yes,Yes,Fiber optic,No,No,No,No,No,Yes,Month-to-month,Yes,Electronic check,82.0,1127.2,1,12-24,0,3,1,86.70769230769231,2
9364-YKUVW,Male,0,No,No,15,Yes,No,No,No,No,No,No,No,No,Month-to-month,Yes,Mailed check,19.8,309.4,0,12-24,0,1,0,20.626666666666665,2
5392-AKEMH,Female,0,No,No,12,Yes,No,DSL,No,No,No,No,No,No,Month-to-month,Yes,Electronic check,45.05,523.1,0,0-12,0,1,1,43.59166666666667,2
2451-YMUXS,Male,1,No,No,67,Yes,Yes,DSL,Yes,Yes,No,Yes,No,No,Two year,Yes,Bank transfer (automatic),64.55,4250.1,0,60-72,0,5,1,63.43432835820896,0
3914-FDRHP,Male,0,No,No,9,Yes,No,Fiber optic,No,No,No,Yes,Yes,No,Month-to-month,No,Electronic check,86.25,770.5,0,0-12,0,3,1,85.61111111111111,2
3078-ZKNTS,Female,0,Yes,Yes,13,Yes,No,No,No,No,No,No,No,No,Two year,Yes,Bank transfer (automatic),19.75,246.7,0,12-24,0,1,0,18.976923076923075,0
1024-KPRBB,Female,0,No,No,38,Yes,No,Fiber optic,No,No,No,No,Yes,Yes,One year,Yes,Mailed check,89.1,3342.0,0,36-48,0,3,1,87.94736842105263,1
4690-PKDQG,Female,1,Yes,No,42,Yes,Yes,Fiber optic,No,Yes,Yes,No,Yes,No,Month-to-month,Yes,Electronic check,95.55,3930.6,0,36-48,0,5,1,93.58571428571429,2
8155-IBNHG,Female,0,Yes,No,24,Yes,Yes,Fiber optic,No,No,No,No,No,No,Month-to-month,Yes,Credit card (automatic),75.4,1747.85,1,12-24,0,2,1,72.82708333333333,2
0886-QGENL,Female,1,Yes,No,27,Yes,No,Fiber optic,Yes,No,Yes,No,Yes,Yes,Month-to-month,Yes,Electronic check,101.25,2754.45,1,24-36,0,5,1,102.01666666666667,2
9547-ITEFG,Male,0,Yes,Yes,9,Yes,Yes,Fiber optic,No,Yes,Yes,No,Yes,Yes,Month-to-month,Yes,Credit card (automatic),102.6,897.75,0,0-12,0,6,1,99.75,2
1264-FUHCX,Female,0,Yes,No,49,No,No,DSL,No,Yes,No,Yes,Yes,Yes,One year,Yes,Credit card (automatic),56.3,2780.6,0,48-60,0,4,0,56.7469387755102,1
7789-CRUVC,Female,1,Yes,No,61,Yes,Yes,Fiber optic,Yes,Yes,Yes,Yes,No,No,Month-to-month,Yes,Credit card (automatic),94.2,5895.45,0,60-72,0,6,1,96.6467213114754,2
6598-KELSS,Male,0,No,Yes,50,No,No,DSL,Yes,Yes,No,No,Yes,No,One year,Yes,Bank transfer (automatic),43.05,2208.05,0,48-60,0,3,0,44.161,1
8739-WWKDU,Male,1,No,No,25,Yes,Yes,Fiber optic,No,Yes,No,No,Yes,No,Month-to-month,Yes,Electronic check,89.5,2196.15,1,24-36,0,4,1,87.846,2
8685-WHQPW,Female,1,No,No,22,Yes,Yes,Fiber optic,No,No,No,No,No,No,Month-to-month,Yes,Bank transfer (automatic),74.4,1692.6,1,12-24,0,2,1,76.93636363636364,2
4745-LSPLO,Male,0,No,No,1,Yes,No,No,No,No,No,No,No,No,Month-to-month,No,Mailed check,20.5,20.5,1,0-12,1,1,0,20.5,2
8083-YTZES,Male,0,No,No,4,Yes,Yes,Fiber optic,No,No,No,No,No,No,Month-to-month,Yes,Electronic check,74.35,265.35,1,0-12,1,2,1,66.3375,2
7240-FQLHE,Female,1,Yes,No,18,Yes,Yes,Fiber optic,No,No,No,Yes,Yes,Yes,Month-to-month,No,Bank transfer (automatic),99.75,1836.25,1,12-24,0,5,1,102.01388888888889,2
6664-FPDAC,Female,1,No,No,56,Yes,Yes,Fiber optic,No,Yes,Yes,Yes,Yes,Yes,One year,Yes,Electronic check,111.95,6418.9,1,48-60,0,7,1,114.62321428571428,1
9972-VAFJJ,Female,1,Yes,No,53,Yes,No,Fiber optic,No,Yes,Yes,Yes,Yes,No,One year,Yes,Electronic check,94.0,4871.45,0,48-60,0,5,1,91.91415094339622,1
0422-UXFAP,Female,0,Yes,No,51,Yes,Yes,Fiber optic,No,No,Yes,No,Yes,Yes,One year,Yes,Electronic check,98.85,4947.55,0,48-60,0,5,1,97.0107843137255,1
1904-WAJAA,Female,0,Yes,Yes,24,Yes,Yes,DSL,Yes,Yes,Yes,No,No,No,Two year,No,Electronic check,64.35,1558.65,0,12-24,0,5,1,64.94375000000001,0
5130-YPIRV,Female,0,Yes,No,62,Yes,No,DSL,Yes,Yes,Yes,No,Yes,No,Two year,Yes,Credit card (automatic),72.0,4284.2,0,60-72,0,5,1,69.1,0
2843-CQMEG,Male,0,No,No,24,Yes,No,DSL,No,Yes,No,No,No,No,Month-to-month,Yes,Mailed check,49.7,1218.25,0,12-24,0,2,1,50.760416666666664,2
6439-PKTRR,Female,0,Yes,Yes,70,Yes,Yes,DSL,Yes,Yes,Yes,Yes,Yes,No,Two year,No,Electronic check,80.7,5617.95,0,60-72,0,7,1,80.25642857142857,0
5351-QESIO,Male,0,No,Yes,1,No,No,DSL,No,No,No,No,No,No,Month-to-month,No,Mailed check,24.2,24.2,0,0-12,1,0,0,24.2,2
0786-VSSUD,Male,1,No,No,16,No,No,DSL,No,Yes,No,No,Yes,No,Month-to-month,Yes,Mailed check,39.0,679.85,1,12-24,0,2,0,42.490625,2
5568-DMXZS,Female,0,No,No,8,Yes,No,DSL,No,Yes,No,Yes,Yes,No,Month-to-month,Yes,Electronic check,65.45,554.45,0,0-12,0,4,1,69.30625,2
8468-FZTOE,Female,0,Yes,Yes,72,Yes,No,DSL,Yes,Yes,Yes,Yes,No,Yes,Two year,Yes,Electronic check,74.35,5237.4,0,60-72,0,6,1,72.74166666666666,0
6633-SYEUS,Female,0,No,No,23,Yes,No,Fiber optic,No,Yes,Yes,Yes,No,No,Month-to-month,No,Bank transfer (automatic),83.2,2032.3,0,12-24,0,4,1,88.36086956521739,2
6447-GORXK,Male,0,No,Yes,31,No,No,DSL,No,No,No,No,No,No,Month-to-month,No,Credit card (automatic),25.0,789.2,0,24-36,0,0,0,25.458064516129035,2
6967-PEJLL,Male,0,Yes,Yes,37,No,No,DSL,Yes,No,Yes,Yes,No,No,One year,Yes,Electronic check,40.2,1525.35,0,36-48,0,3,0,41.225675675675674,1
3976-BWUCK,Female,0,Yes,No,30,Yes,Yes,Fiber optic,No,Yes,No,Yes,Yes,No,Month-to-month,Yes,Credit card (automatic),94.1,2804.45,1,24-36,0,5,1,93.48166666666665,2
5981-ZVXOT,Female,1,No,No,35,Yes,Yes,Fiber optic,Yes,Yes,Yes,No,Yes,Yes,One year,Yes,Electronic check,108.35,3726.15,0,24-36,0,7,1,106.46142857142857,1
1684-FLBGS,Female,0,Yes,Yes,23,Yes,Yes,DSL,No,Yes,No,Yes,Yes,No,Month-to-month,Yes,Credit card (automatic),69.5,1652.1,0,12-24,0,5,1,71.83043478260869,2
1389-WNUIB,Female,0,Yes,Yes,20,Yes,Yes,DSL,Yes,No,No,No,Yes,Yes,One year,No,Bank transfer (automatic),76.0,1588.75,0,12-24,0,5,1,79.4375,1
0376-OIWME,Male,0,Yes,No,36,Yes,No,Fiber optic,Yes,No,No,No,Yes,Yes,Month-to-month,Yes,Electronic check,93.6,3366.05,0,24-36,0,4,1,93.5013888888889,2
3585-ISXZP,Female,0,No,No,8,Yes,Yes,Fiber optic,No,No,No,No,Yes,Yes,Month-to-month,No,Bank transfer (automatic),95.65,778.1,1,0-12,0,4,1,97.2625,2
0218-QNVAS,Male,0,Yes,Yes,71,Yes,Yes,Fiber optic,No,Yes,No,No,Yes,Yes,One year,No,Bank transfer (automatic),100.55,7113.75,0,60-72,0,5,1,100.19366197183099,1
6583-QGCSI,Female,1,Yes,No,50,Yes,Yes,Fiber optic,No,Yes,No,No,Yes,No,Month-to-month,Yes,Electronic check,88.05,4367.35,1,48-60,0,4,1,87.34700000000001,2
0804-YGEQV,Female,0,Yes,Yes,43,Yes,Yes,No,No,No,No,No,No,No,One year,Yes,Bank transfer (automatic),24.45,993.15,0,36-48,0,2,0,23.096511627906978,1
7164-BPTUT,Male,0,No,Yes,57,Yes,Yes,DSL,Yes,Yes,Yes,Yes,Yes,Yes,Two year,No,Mailed check,89.55,5012.35,0,48-60,0,8,1,87.93596491228071,0
4174-LPGTI,Female,0,Yes,Yes,41,Yes,No,DSL,No,Yes,No,Yes,No,Yes,One year,Yes,Bank transfer (automatic),66.5,2728.6,1,36-48,0,4,1,66.55121951219512,1
2523-EWWZL,Female,0,Yes,No,27,Yes,No,Fiber optic,No,Yes,No,No,No,No,Month-to-month,Yes,Electronic check,76.1,2093.4,0,24-36,0,2,1,77.53333333333333,2
0928-XUTSN,Female,0,No,No,13,Yes,No,Fiber optic,No,No,No,No,No,Yes,Month-to-month,Yes,Electronic check,80.5,1011.8,0,12-24,0,2,1,77.83076923076922,2
2108-XWMPY,Male,0,No,No,3,No,No,DSL,Yes,Yes,No,No,No,No,Month-to-month,Yes,Mailed check,35.45,106.85,1,0-12,1,2,0,35.61666666666667,2
0052-YNYOT,Female,0,No,No,67,Yes,No,No,No,No,No,No,No,No,One year,No,Electronic check,20.55,1343.4,0,60-72,0,1,0,20.050746268656717,1
6304-IJFSQ,Male,0,No,No,3,Yes,No,DSL,No,Yes,No,No,No,No,Month-to-month,Yes,Mailed check,49.9,130.1,1,0-12,1,2,1,43.36666666666667,2
9586-JGQKH,Female,0,Yes,No,64,Yes,Yes,Fiber optic,No,Yes,No,Yes,Yes,Yes,Two year,Yes,Bank transfer (automatic),105.4,6794.75,0,60-72,0,6,1,106.16796875,0
4501-VCPFK,Male,0,No,No,26,No,No,DSL,No,No,Yes,Yes,No,No,Month-to-month,No,Electronic check,35.75,1022.5,0,24-36,0,2,0,39.32692307692308,2
6075-SLNIL,Male,0,No,No,38,Yes,Yes,Fiber optic,No,Yes,Yes,No,No,Yes,Month-to-month,Yes,Credit card (automatic),95.1,3691.2,0,36-48,0,5,1,97.13684210526316,2
9347-AERRL,Male,0,Yes,No,23,Yes,No,No,No,No,No,No,No,No,One year,No,Credit card (automatic),19.3,486.2,0,12-24,0,1,0,21.139130434782608,1
0093-XWZFY,Male,0,No,No,40,Yes,Yes,Fiber optic,No,Yes,Yes,No,Yes,Yes,Month-to-month,Yes,Credit card (automatic),104.5,4036.85,1,36-48,0,6,1,100.92125,2
2274-XUATA,Male,1,Yes,No,72,No,No,DSL,Yes,Yes,Yes,Yes,Yes,Yes,Two year,Yes,Bank transfer (automatic),63.1,4685.55,0,60-72,0,6,0,65.07708333333333,0
1980-KXVPM,Female,1,No,No,3,Yes,Yes,Fiber optic,No,No,No,No,No,No,Month-to-month,Yes,Credit card (automatic),75.05,256.25,1,0-12,1,2,1,85.41666666666667,2
7703-ZEKEF,Male,0,No,No,23,Yes,Yes,Fiber optic,No,No,Yes,No,No,No,Month-to-month,Yes,Electronic check,81.0,1917.1,1,12-24,0,3,1,83.35217391304347,2
0723-DRCLG,Female,1,Yes,No,1,Yes,Yes,Fiber optic,No,No,No,No,No,No,Month-to-month,Yes,Electronic check,74.45,74.45,1,0-12,1,2,1,74.45,2
5482-NUPNA,Female,0,No,No,4,Yes,No,DSL,Yes,Yes,No,Yes,No,No,Month-to-month,Yes,Mailed check,60.4,272.15,1,0-12,1,4,1,68.0375,2
6691-CCIHA,Female,0,Yes,No,62,Yes,Yes,DSL,Yes,Yes,No,Yes,Yes,Yes,Two year,Yes,Electronic check,84.95,5150.55,0,60-72,0,7,1,83.0733870967742,0
1685-BQULA,Female,0,No,No,40,Yes,Yes,Fiber optic,No,Yes,Yes,No,Yes,No,Month-to-month,Yes,Bank transfer (automatic),93.4,3756.4,0,36-48,0,5,1,93.91,2
9053-EJUNL,Male,0,No,No,41,Yes,Yes,Fiber optic,No,Yes,No,No,Yes,No,Month-to-month,Yes,Electronic check,89.2,3645.75,0,36-48,0,4,1,88.92073170731707,2
0666-UXTJO,Male,1,Yes,No,34,Yes,No,Fiber optic,No,No,Yes,No,Yes,No,Month-to-month,Yes,Credit card (automatic),85.2,2874.45,0,24-36,0,3,1,84.54264705882352,2
1471-GIQKQ,Female,0,No,No,1,Yes,No,DSL,No,Yes,No,No,No,No,Month-to-month,No,Electronic check,49.95,49.95,0,0-12,1,2,1,49.95,2
4807-IZYOZ,Female,0,No,No,51,Yes,No,No,No,No,No,No,No,No,Two year,No,Bank transfer (automatic),20.65,1020.75,0,48-60,0,1,0,20.014705882352942,0
1122-JWTJW,Male,0,Yes,Yes,1,Yes,No,Fiber optic,No,No,No,No,No,No,Month-to-month,Yes,Mailed check,70.65,70.65,1,0-12,1,1,1,70.65,2
9710-NJERN,Female,0,No,No,39,Yes,No,No,No,No,No,No,No,No,Two year,No,Mailed check,20.15,826.0,0,36-48,0,1,0,21.17948717948718,0
9837-FWLCH,Male,0,Yes,Yes,12,Yes,No,No,No,No,No,No,No,No,Month-to-month,Yes,Electronic check,19.2,239.0,0,0-12,0,1,0,19.916666666666668,2
1699-HPSBG,Male,0,No,No,12,Yes,No,DSL,No,No,No,Yes,Yes,No,One year,Yes,Electronic check,59.8,727.8,1,0-12,0,3,1,60.65,1
7203-OYKCT,Male,0,No,No,72,Yes,Yes,Fiber optic,No,Yes,Yes,No,Yes,Yes,One year,Yes,Electronic check,104.95,7544.3,0,60-72,0,6,1,104.78194444444445,1
1035-IPQPU,Female,1,Yes,No,63,Yes,Yes,Fiber optic,No,Yes,Yes,No,Yes,Yes,Month-to-month,Yes,Electronic check,103.5,6479.4,0,60-72,0,6,1,102.84761904761905,2
7398-LXGYX,Male,0,Yes,No,44,Yes,Yes,Fiber optic,Yes,No,Yes,No,No,No,Month-to-month,Yes,Credit card (automatic),84.8,3626.35,0,36-48,0,4,1,82.41704545454546,2
2823-LKABH,Female,0,No,No,18,Yes,Yes,Fiber optic,No,No,Yes,Yes,No,Yes,Month-to-month,Yes,Bank transfer (automatic),95.05,1679.4,0,12-24,0,5,1,93.30000000000001,2
8775-CEBBJ,Female,0,No,No,9,Yes,No,DSL,No,No,No,No,No,No,Month-to-month,Yes,Bank transfer (automatic),44.2,403.35,1,0-12,0,1,1,44.81666666666667,2
0550-DCXLH,Male,0,No,No,13,Yes,No,DSL,No,Yes,No,Yes,Yes,Yes,Month-to-month,No,Mailed check,73.35,931.55,0,12-24,0,5,1,71.6576923076923,2
9281-CEDRU,Female,0,Yes,No,68,Yes,No,DSL,No,Yes,No,Yes,Yes,No,Two year,No,Bank transfer (automatic),64.1,4326.25,0,60-72,0,4,1,63.62132352941177,0
2235-DWLJU,Female,1,No,No,6,No,No,DSL,No,No,No,No,Yes,Yes,Month-to-month,Yes,Electronic check,44.4,263.05,0,0-12,1,2,0,43.84166666666667,2
0871-OPBXW,Female,0,No,No,2,Yes,No,No,No,No,No,No,No,No,Month-to-month,Yes,Mailed check,20.05,39.25,0,0-12,1,1,0,19.625,2
3605-JISKB,Male,1,Yes,No,55,Yes,Yes,DSL,Yes,Yes,No,No,No,No,One year,No,Credit card (automatic),60.0,3316.1,0,48-60,0,4,1,60.29272727272727,1
6894-LFHLY,Male,1,No,No,1,Yes,Yes,Fiber optic,No,No,No,No,No,No,Month-to-month,Yes,Electronic check,75.75,75.75,1,0-12,1,2,1,75.75,2
9767-FFLEM,Male,0,No,No,38,Yes,No,Fiber optic,No,No,No,No,No,No,Month-to-month,Yes,Credit card (automatic),69.5,2625.25,0,36-48,0,1,1,69.08552631578948,2
0639-TSIQW,Female,0,No,No,67,Yes,Yes,Fiber optic,Yes,Yes,Yes,No,Yes,No,Month-to-month,Yes,Credit card (automatic),102.95,6886.25,1,60-72,0,6,1,102.77985074626865,2
8456-QDAVC,Male,0,No,No,19,Yes,No,Fiber optic,No,No,No,No,Yes,No,Month-to-month,Yes,Bank transfer (automatic),78.7,1495.1,0,12-24,0,2,1,78.68947368421053,2
7750-EYXWZ,Female,0,No,No,12,No,No,DSL,No,Yes,Yes,Yes,Yes,Yes,One year,No,Electronic check,60.65,743.3,0,0-12,0,5,0,61.94166666666666,1
2569-WGERO,Female,0,No,No,72,Yes,No,No,No,No,No,No,No,No,Two year,Yes,Bank transfer (automatic),21.15,1419.4,0,60-72,0,1,0,19.71388888888889,0
6840-RESVB,Male,0,Yes,Yes,24,Yes,Yes,DSL,Yes,No,Yes,Yes,Yes,Yes,One year,Yes,Mailed check,84.8,1990.5,0,12-24,0,7,1,82.9375,1
2234-XADUH,Female,0,Yes,Yes,72,Yes,Yes,Fiber optic,No,Yes,Yes,No,Yes,Yes,One year,Yes,Credit card (automatic),103.2,7362.9,0,60-72,0,6,1,102.26249999999999,1
4801-JZAZL,Female,0,Yes,Yes,11,No,No,DSL,Yes,No,No,No,No,No,Month-to-month,Yes,Electronic check,29.6,346.45,0,0-12,0,1,0,31.495454545454546,2
8361-LTMKD,Male,1,Yes,No,4,Yes,Yes,Fiber optic,No,No,No,No,No,No,Month-to-month,Yes,Mailed check,74.4,306.6,1,0-12,1,2,1,76.65,2
3186-AJIEK,Male,0,No,No,66,Yes,No,Fiber optic,Yes,No,Yes,Yes,Yes,Yes,Two year,Yes,Bank transfer (automatic),105.65,6844.5,0,60-72,0,6,1,103.70454545454545,0
